medical_term,example_matched_text,plain_language_explanation,document_count,document_frequency_percent,total_occurrence_count,sample_names,example_sentence,manual_decision,manual_reason,reviewer_notes
stable,stable,Stable means steady and unchanging.,57,52.78,101,TAH - Discharge Summary | Renal Disease - Discharge Summary | Pyelonephritis - Discharge Summary,"On the 1st postoperative day, the patient was afebrile and all vital signs were stable.",,,
hypertension,Hypertension,High blood pressure: when the force of blood in your arteries is too high.,34,31.48,60,Renal Disease - Discharge Summary | Pyelonephritis - Discharge Summary | Pancreatic Mass - Discharge Summary,"Hypertension.,DISCHARGE DIAGNOSES:,1.",,,
disease,disease,A disease is when your body is not functioning how it should.,32,29.63,83,Urology Discharge Summary | Neonatal Discharge Summary - 1 | Multiple Medical Problems - Discharge Summary,"Chest x-ray calcified old granulomatous disease, otherwise normal.",,,
therapy,therapy,Treatment for an illness or condition using care or medication.,31,28.7,75,Speech Therapy - Discharge Summary - 2 | TAH - Discharge Summary | Speech Therapy - Discharge Summary - 1,The patient made some progress during therapy.,,,
fever,fever,Having a high body temperature above 98.6 degrees Fahrenheit.,28,25.93,42,Pancreatic Mass - Discharge Summary | Otitis Media - Discharge Summary | Pneumonia - Discharge Summary,",PLAN: , The patient should return for repeat ERCP if there are signs of stent occlusion such as fever, increased bilirubin, worsening pain.",,,
vital signs,vital signs,"Vital signs are numbers that tell how well your body is doing, like your pulse, blood pressure, and temperature.",28,25.93,32,TAH - Discharge Summary | Prematurity - Discharge Summary | Post Thyroidectomy - Discharge Summary,"On the 1st postoperative day, the patient was afebrile and all vital signs were stable.",,,
hemoglobin,Hemoglobin,A protein in the blood that carries oxygen and makes blood red.,27,25.0,35,Urology Discharge Summary | Pancreatic Mass - Discharge Summary | Leiomyosarcoma,"Blood group was A, Rh positive, Hemoglobin 13, Hematocrit 32.1, Prothrombin time 12.6 seconds, PTT 37.1.",,,
iv,IV,Getting fluids and medicine put into your bloodstream through a needle.,26,24.07,43,Psychiatric Discharge Summary | Pyelonephritis - Discharge Summary | Otitis Media - Discharge Summary,"This was AMA against hospital advice.,DISCHARGE DIAGNOSES:,AXIS I: Schizoaffective disorder, bipolar type.,AXIS II: Deferred.,AXIS III: Hepatitis C.,AXIS IV: Severe.,AXIS V: 19.,CONDITION OF PATIENT ON DISCHARGE: , The patient remained disorganized.",,,
surgery,surgery,An operation that involves cutting open the skin to treat or fix a part of the body.,26,24.07,40,Urology Discharge Summary | Pyelonephritis - Discharge Summary | Post Thyroidectomy - Discharge Summary,"He is being discharged in satisfactory condition with a good urinary stream, minimal hematuria, and on Bactrim DS one a day for ten days with a standard postprostatic surgery instruction sheet.",,,
emergency,emergency,Emergency: A really serious situation that needs immediate attention.,26,24.07,30,Renal Disease - Discharge Summary | Pneumonia & COPD - Discharge Summary | Neurology - Discharge Summary,"In the emergency room, the patient was given fluids and orthostatics were checked.",,,
symptoms,symptoms,Symptoms are changes in the body or mind caused by a disease that can be noticed by the person experiencing them and others.,25,23.15,31,Urology Discharge Summary | Renal Disease - Discharge Summary | Pyelonephritis - Discharge Summary,"PROCEDURES:, Cystourethroscopy and transurethral resection of prostate.,COMPLICATIONS:, None.,ADMITTING DIAGNOSIS:, Difficulty voiding.,HISTORY:, This 67-year old Hispanic male patient was admitted because of enlarged prostate and symptoms of bladder neck obstruction.",,,
hematocrit,Hematocrit,Hematocrit measures the proportion of red blood cells in the blood.,23,21.3,29,Urology Discharge Summary | Pancreatic Mass - Discharge Summary | Knee Surgery - Discharge Summary,"Blood group was A, Rh positive, Hemoglobin 13, Hematocrit 32.1, Prothrombin time 12.6 seconds, PTT 37.1.",,,
outpatient,outpatient,Getting medical care without staying overnight in a hospital.,22,20.37,37,Speech Therapy - Discharge Summary - 2 | Urology Discharge Summary | Speech Therapy - Discharge Summary - 1,"The patient was initially authorized for 12 outpatient speech therapy sessions, but once again she only attended 9.",,,
blood pressure,blood pressure,Blood pressure is the pressure of blood pushing against the walls of the arteries.,22,20.37,36,Mastoiditis - Discharge Summary | Knee Surgery - Discharge Summary | Lap Chole - Discharge Summary,"well.,DISCHARGE PHYSICAL EXAMINATION:,GENERAL: The patient is alert, in no respiratory distress.,VITAL SIGNS: His temperature is 97.6, heart rate 83, blood pressure 105/57, respiratory rate 16 on room air.,HEENT: Right ear shows no redness.",,,
bowel,bowel,The intestines in your belly that break down food.,22,20.37,35,Renal Disease - Discharge Summary | Prematurity - Discharge Summary | Otitis Media - Discharge Summary,"Denies any bowel or bladder loss, although he reports very little urine output secondary to his end-stage renal disease.",,,
creatinine,creatinine,Creatinine is a byproduct of muscle activity that the kidneys filter out of the blood; high levels can indicate kidney problems.,21,19.44,30,Urology Discharge Summary | Pancreatic Mass - Discharge Summary | Otitis Media - Discharge Summary,",LABORATORY DATA:, BUN 19 and creatinine 1.1.",,,
chest x-ray,Chest x-ray,A chest x-ray is a photo of your insides taken to see what's going on in your chest.,21,19.44,28,Urology Discharge Summary | Otitis Media - Discharge Summary | Pneumonia & COPD - Discharge Summary,"Chest x-ray calcified old granulomatous disease, otherwise normal.",,,
postoperative,postoperative,"""Postoperative means after surgery.""",20,18.52,47,TAH - Discharge Summary | Post Thyroidectomy - Discharge Summary | Mullerian Adenosarcoma,"On the 1st postoperative day, the patient was afebrile and all vital signs were stable.",,,
bilateral,Bilateral,Having two sides or parts on the body or an organ.,20,18.52,35,Otitis Media - Discharge Summary | Pneumonia & COPD - Discharge Summary | Intrauterine Pregnancy - Discharge Summary,"Bilateral otitis media.,2.",,,
hospitalization,hospitalization,Being admitted to and staying in a hospital.,20,18.52,30,Pneumonia & COPD - Discharge Summary | Post Thyroidectomy - Discharge Summary | Leiomyosarcoma,"The patient made slow, but steady improvement over the course of his hospitalization.",,,
abdominal,abdominal,Related to the stomach area.,20,18.52,28,TAH - Discharge Summary | Pancreatic Mass - Discharge Summary | Mullerian Adenosarcoma,"Extensive adenomyosis by pathological report.,OPERATION PERFORMED: , On 6/10/2009 total abdominal hysterectomy (TAH).,COMPLICATIONS:, None.,BLOOD TRANSFUSIONS: , None.,INFECTIONS: , None.,SIGNIFICANT LAB AND X-RAY: , On admission hemoglobin and hematocrit was 10.5 and 32.8 respectively.",,,
urine,urine,Pee is the liquid waste made by your kidneys.,19,17.59,33,Renal Disease - Discharge Summary | Pyelonephritis - Discharge Summary | Otitis Media - Discharge Summary,"Denies any bowel or bladder loss, although he reports very little urine output secondary to his end-stage renal disease.",,,
elevated,elevated,Higher than usual.,19,17.59,29,Kawasaki Disease - Discharge Summary | Discharge Summary - Urology & Nephrology | ER Report - Chest Pain & Fever,"ADMITTING DIAGNOSIS: , Kawasaki disease.,DISCHARGE DIAGNOSIS:, Kawasaki disease, resolving.,HOSPITAL COURSE:, This is a 14-month-old baby boy Caucasian who came in with presumptive diagnosis of Kawasaki with fever for more than 5 days and conjunctivitis, mild arthritis with edema, rash, resolving and with elevated neutrophils and thrombocytosis, elevated CRP and ESR.",,,
chest pain,chest pain,Feeling of discomfort in the front of the body spanning from neck to upper belly.,19,17.59,26,Leiomyosarcoma | Hip Surgery - Discharge Summar | GI Bleed - Discharge Summary,"Upon admission, the patient reported an approximate two-week history of dyspnea on exertion and some mild chest pain.",,,
past medical history,PAST MEDICAL HISTORY,A record of previous health issues that could affect your medical treatment.,19,17.59,23,Otitis Media - Discharge Summary | Knee Surgery - Discharge Summary | Hysterectomy - Discharge Summary - 2,"He was noted to have some increased workup of breathing and parents returned to the office on the day of admission.,PAST MEDICAL HISTORY: , Significant for being born at 33 weeks' gestation with a birth weight of 5 pounds and 1 ounce.,PHYSICAL EXAMINATION: , On exam, he was moderately ill appearing and lethargic.",,,
antibiotics,antibiotics,Medicine that kills bacteria.,18,16.67,31,Pyelonephritis - Discharge Summary | Prematurity - Discharge Summary | Pneumonia & COPD - Discharge Summary,Her symptoms responded to IV antibiotics and she remained clinically stable.,,,
potassium,potassium,A vital element that supports the heart and body's functions.,18,16.67,23,Pancreatic Mass - Discharge Summary | Lap Chole - Discharge Summary | Goldenhar Syndrome - Discharge Summary,"His sodium was 132, potassium 4.1, chloride 95, CO2 27, BUN of 8 with a creatinine of 0.3.",,,
shortness of breath,shortness of breath,Struggling to catch your breath.,18,16.67,22,Pneumonia & COPD - Discharge Summary | Leiomyosarcoma | Hip Surgery - Discharge Summar,"Acute renal failure on chronic renal failure on admission, now resolved.,HISTORY OF PRESENT ILLNESS:, Briefly, this is 73-year-old white male with history of multiple hospital admissions for COPD exacerbation and pneumonia who presented to the emergency room on 04/23/08, complaining of severe shortness of breath.",,,
chronic,chronic,A long-lasting or recurring health issue.,17,15.74,42,Pneumonia & COPD - Discharge Summary | Pneumonia - Discharge Summary | Laryngitis - Discharge,"Chronic obstructive pulmonary disease (COPD) exacerbation.,3.",,,
vomiting,vomiting,When food or liquid from your stomach comes back up and out through your mouth.,17,15.74,29,Lap Chole - Discharge Summary | Hip Surgery - Discharge Summar | Gastroenteritis - Discharge Summary,"q.8 hours for nausea and vomiting, Pepcid 20 mg p.o.",,,
low,low,Just means not very high — below average.,17,15.74,27,TAH - Discharge Summary | Renal Disease - Discharge Summary | Pneumonia & COPD - Discharge Summary,"On discharge, hemoglobin and hematocrit 7.9 and 25.2.,HOSPITAL COURSE AND TREATMENT: ,The patient was admitted to the surgical suite and taken to the operating room on 6/10/2009 where a total abdominal hysterectomy (TAH) with low intraoperative complication was performed.",,,
oral,oral,Oral means something you take by mouth.,17,15.74,20,Speech Therapy - Discharge Summary - 2 | Pancreatic Mass - Discharge Summary | Knee Arthroplasty - Discharge Summary,"We did complete an oral mechanism examination and clinical swallow evaluation, which showed her swallowing to be within functional limits.",,,
heent,HEENT,"A medical check-up that includes examining the head, eyes, ears, nose, and throat.",17,15.74,18,Prematurity - Discharge Summary | Otitis Media - Discharge Summary | Mastoiditis - Discharge Summary,"She was treated for approximately 24 hours with phototherapy and the bilirubin on October 15, 2003 was 3.4.,FEEDING: , The infant has had some difficulty with feeding, but at the time of discharge, she is taking approximately 30 mL every feeding and is taking Formula or breast milk, that is, ___ 24 calories per ounce.,PHYSICAL EXAMINATION:, ,VITAL SIGNS: At discharge, reveals a well-developed infant whose temperature is 98.3, pulse 156, respirations 35, her weight is 1779 g (1% below her birthweight).,HEENT: Head is normocephalic.",,,
sodium,sodium,Sodium is a type of element that supports the functionality of the heart and other body parts.,17,15.74,17,Pancreatic Mass - Discharge Summary | Lap Chole - Discharge Summary | Goldenhar Syndrome - Discharge Summary,"His sodium was 132, potassium 4.1, chloride 95, CO2 27, BUN of 8 with a creatinine of 0.3.",,,
edema,Edema,Swelling in the body caused by too much fluid.,16,14.81,22,Multiple Medical Problems - Discharge Summary | Knee Surgery - Discharge Summary | Kawasaki Disease - Discharge Summary,"Edema.,DISCHARGE DIAGNOSES:,1.",,,
complications,COMPLICATIONS,Complications are issues that arise because of a disease or its treatment.,16,14.81,20,TAH - Discharge Summary | Urology Discharge Summary | Post Thyroidectomy - Discharge Summary,"Extensive adenomyosis by pathological report.,OPERATION PERFORMED: , On 6/10/2009 total abdominal hysterectomy (TAH).,COMPLICATIONS:, None.,BLOOD TRANSFUSIONS: , None.,INFECTIONS: , None.,SIGNIFICANT LAB AND X-RAY: , On admission hemoglobin and hematocrit was 10.5 and 32.8 respectively.",,,
surgical,surgical,Surgical means relating to operations and procedures performed on the body.,16,14.81,20,TAH - Discharge Summary | Post Thyroidectomy - Discharge Summary | Leiomyosarcoma,"On discharge, hemoglobin and hematocrit 7.9 and 25.2.,HOSPITAL COURSE AND TREATMENT: ,The patient was admitted to the surgical suite and taken to the operating room on 6/10/2009 where a total abdominal hysterectomy (TAH) with low intraoperative complication was performed.",,,
bun,BUN,A measure of nitrogen in blood that shows how well the kidneys are functioning.,16,14.81,17,Urology Discharge Summary | Pancreatic Mass - Discharge Summary | Otitis Media - Discharge Summary,",LABORATORY DATA:, BUN 19 and creatinine 1.1.",,,
bilaterally,bilaterally,On both sides.,15,13.89,25,Prematurity - Discharge Summary | Otitis Media - Discharge Summary | Pneumonia & COPD - Discharge Summary,Red reflex is elicited bilaterally.,,,
glucose,glucose,Sugar in the blood that gives energy to the body.,15,13.89,24,Otitis Media - Discharge Summary | Neonatal Discharge Summary - 1 | Knee Surgery - Discharge Summary,"Cranial nerves II through XII are grossly intact.,LABORATORY FINDINGS: , He had electrolytes, BUN and creatinine, and glucose all of which were within normal limits.",,,
medical,medical,Related to sickness or treatment.,15,13.89,19,TAH - Discharge Summary | Speech Therapy - Discharge Summary - 1 | ORIF - Discharge Summary,"Severe menometrorrhagia unresponsive to medical therapy.,2.",,,
operating room,operating room,A place where doctors do surgeries.,15,13.89,19,TAH - Discharge Summary | ORIF - Discharge Summary | Hysterectomy - Discharge Summary - 2,"On discharge, hemoglobin and hematocrit 7.9 and 25.2.,HOSPITAL COURSE AND TREATMENT: ,The patient was admitted to the surgical suite and taken to the operating room on 6/10/2009 where a total abdominal hysterectomy (TAH) with low intraoperative complication was performed.",,,
wound,wound,A wound is a cut or break in the skin or body caused by injury or surgery.,14,12.96,48,TAH - Discharge Summary | Post Thyroidectomy - Discharge Summary | Gastric Bypass Summary,"On the 4th postoperative day, the patient was complaining of pain in her back and abdomen as well as incisional wound tenderness.",,,
coronary artery,coronary artery,Arteries that bring blood to your heart.,14,12.96,27,Neonatal Discharge Summary - 1 | Multiple Medical Problems - Discharge Summary | Falls - Discharge Summary,"The lab showing normal antegrade flow across the right coronary artery as well as the left main and left anterior descending coronary artery, then the circumflex coronary artery.,CNS:, Infant had a head ultrasound done to rule out intracranial abnormalities and intracranial hemorrhage.",,,
aspirin,Aspirin,"A drug used for pain relief, reducing fever and inflammation, and lowering the risk of heart attack.",14,12.96,20,Renal Disease - Discharge Summary | Pneumonia & COPD - Discharge Summary | Kawasaki Disease - Discharge Summary,Aspirin 81 mg p.o.,,,
respiratory,respiratory,Related to breathing or the lungs and airways.,13,12.04,35,Pneumonia & COPD - Discharge Summary | ER Report - Chest Pain & Fever | Discharge Summary - Peripheral vascular disease,"Acute respiratory on chronic respiratory failure secondary to chronic obstructive pulmonary disease exacerbation.,5.",,,
pneumonia,pneumonia,Pneumonia is a serious lung infection.,13,12.04,29,Otitis Media - Discharge Summary | Pneumonia & COPD - Discharge Summary | Pneumonia - Discharge Summary,Chest x-ray was ordered as well with 2 views to evaluate for a possible pneumonia.,,,
consult,consult,To ask a doctor for advice or talk with them.,13,12.04,17,Pneumonia - Discharge Summary | Lap Chole - Discharge Summary | Discharge Summary - Lymphoma,"We will consult her rheumatologist as to whether to continue her methotrexate, which we held this past Friday.",,,
postoperatively,postoperatively,After surgery.,13,12.04,17,Neck Pain - Discharge Summary | Knee Surgery - Discharge Summary | Hysterectomy - Discharge Summary - 1,"The patient underwent liver surgery and postoperatively her main issue was that of some degree of on and off right shoulder pain and some operative site soreness, which was treated well with IV morphine.",,,
x-ray,X-RAY,A picture showing what's going on inside your body.,13,12.04,17,TAH - Discharge Summary | Pneumonia - Discharge Summary | Knee Arthroplasty - Discharge Summary,"Extensive adenomyosis by pathological report.,OPERATION PERFORMED: , On 6/10/2009 total abdominal hysterectomy (TAH).,COMPLICATIONS:, None.,BLOOD TRANSFUSIONS: , None.,INFECTIONS: , None.,SIGNIFICANT LAB AND X-RAY: , On admission hemoglobin and hematocrit was 10.5 and 32.8 respectively.",,,
fevers,fevers,A fever is when your body temperature goes above 98.6 degrees Fahrenheit.,13,12.04,16,Otitis Media - Discharge Summary | Pneumonia - Discharge Summary | Mullerian Adenosarcoma,"He has been taking Tylenol and Advil to help decrease the fevers, but the fever has continued to rise.",,,
calcium,Calcium,Calcium is a mineral that keeps your teeth and bones strong and helps your heart and nerves function correctly.,13,12.04,14,Neonatal Discharge Summary - 1 | Multiple Medical Problems - Discharge Summary | Goldenhar Syndrome - Discharge Summary,Calcium challenge has been done.,,,
tablet,tablet,A tablet is a pill containing medicine in solid form.,12,11.11,26,TAH - Discharge Summary | Multiple Medical Problems - Discharge Summary | Lap Chole - Discharge Summary,Motrin 600 mg tablets 1 tablet p.o.,,,
congestive,Congestive,Related to or caused by blockage or buildup in a part of the body.,12,11.11,23,Renal Disease - Discharge Summary | ORIF - Discharge Summary | Multiple Medical Problems - Discharge Summary,"Congestive heart failure.,4.",,,
heart failure,heart failure,The heart struggles to pump blood effectively in heart failure.,12,11.11,23,Renal Disease - Discharge Summary | ORIF - Discharge Summary | Multiple Medical Problems - Discharge Summary,"Congestive heart failure.,4.",,,
mri,MRI,A medical imaging test that takes pictures of the inside of the body.,12,11.11,23,Neurology - Discharge Summary | Leiomyosarcoma | Discharge Summary - Urology,He underwent an MRI to rule out extension of the contusion or the possibility of a bleed and the MRI of the brain without contrast revealed findings consistent with contusion of the orbital surface of the frontal lobes bilaterally near the interhemispheric fissure.,,,
bladder,bladder,A bladder is a sac in your body that holds pee.,12,11.11,19,Urology Discharge Summary | Renal Disease - Discharge Summary | Knee Surgery - Discharge Summary,"PROCEDURES:, Cystourethroscopy and transurethral resection of prostate.,COMPLICATIONS:, None.,ADMITTING DIAGNOSIS:, Difficulty voiding.,HISTORY:, This 67-year old Hispanic male patient was admitted because of enlarged prostate and symptoms of bladder neck obstruction.",,,
tablets,tablets,Pills that have medicine in a solid form.,12,11.11,18,TAH - Discharge Summary | Knee Surgery - Discharge Summary | Lap Chole - Discharge Summary,Motrin 600 mg tablets 1 tablet p.o.,,,
ultrasound,ultrasound,Using sound waves to take pictures inside the body.,12,11.11,18,Neonatal Discharge Summary - 1 | Lap Chole - Discharge Summary | Hysterectomy - Discharge Summary - 1,Abdominal ultrasound showed gaseous distention without signs of obstruction.,,,
ct scan,CT scan,A CT scan is a detailed x-ray that shows a clear picture inside the body.,12,11.11,16,Pancreatic Mass - Discharge Summary | Pneumonia - Discharge Summary | Mastoiditis - Discharge Summary,"A thin-slice CT scan was performed, which revealed a 4 x 3 x 2 cm pancreatic mass with involved lymph nodes and ring enhancing lesions consistent with liver metastases.",,,
primary care physician,primary care physician,A primary care physician is a doctor who takes care of your general health and treats a wide range of health conditions.,12,11.11,14,Speech Therapy - Discharge Summary - 1 | Mastoiditis - Discharge Summary | Leiomyosarcoma,"The patient was instructed to talk to the primary care physician about removal of her feeding tube.,2.",,,
moderate,moderate,"In the middle, not too much or too little.",12,11.11,13,Speech Therapy - Discharge Summary - 1 | Otitis Media - Discharge Summary | Lap Chole - Discharge Summary,"She has made great strides; however, with her receptive communication, she is able to read words as well as short phrases and able to point to named objects and answer simple-to-moderate complex yes-no questions.",,,
ct,CT,CT is a type of special x-ray that creates detailed images of the inside of the body.,11,10.19,24,Neurology - Discharge Summary | Leiomyosarcoma | Multiple Medical Problems - Discharge Summary,CT of the brain revealed contusion of the frontal lobe near the falx.,,,
intact,intact,Not broken or harmed.,11,10.19,21,Otitis Media - Discharge Summary | Knee Surgery - Discharge Summary | Knee Osteoarthrosis - Discharge Summary,"Cranial nerves II through XII are grossly intact.,LABORATORY FINDINGS: , He had electrolytes, BUN and creatinine, and glucose all of which were within normal limits.",,,
chronic obstructive pulmonary disease,Chronic obstructive pulmonary disease,Chronic obstructive pulmonary disease is a chronic lung condition that makes it hard to breathe.,11,10.19,20,Pneumonia & COPD - Discharge Summary | Gastroenteritis - Discharge Summary | Falls - Discharge Summary,"Chronic obstructive pulmonary disease (COPD) exacerbation.,3.",,,
infection,infection,Getting sick from germs is what an infection is.,11,10.19,18,Otitis Media - Discharge Summary | Discharge Summary - Peripheral vascular disease | Discharge Summary - Nephrology,"White blood cell count was 8.6 with 61% neutrophils, 21% lymphocytes, 17% monocytes, suggestive of a viral infection.",,,
synthroid,Synthroid,Medication used to raise thyroid hormones.,11,10.19,14,Post Thyroidectomy - Discharge Summary | Multiple Medical Problems - Discharge Summary | Knee Surgery - Discharge Summary,"She was given prescription for Vicodin for pain and Synthroid thyroid hormone, and otherwise the appropriate wound care instructions per my routine wound care sheet.",,,
auscultation,auscultation,Listening to the sounds inside your body.,11,10.19,11,Prematurity - Discharge Summary | Knee Surgery - Discharge Summary | Knee Osteoarthrosis - Discharge Summary,"Nose and throat are patent without palatal defect.,NECK: Supple without clavicular fracture.,LUNGS: Clear to auscultation.,HEART: Regular rate without murmur, click or gallop present.,EXTREMITIES: Pulses are 2/4 for brachial and femoral.",,,
heart rate,heart rate,A heart rate shows how quickly or slowly your heart is beating.,11,10.19,11,Mastoiditis - Discharge Summary | Hip Surgery - Discharge Summar | ESRD - Discharge Summary,"well.,DISCHARGE PHYSICAL EXAMINATION:,GENERAL: The patient is alert, in no respiratory distress.,VITAL SIGNS: His temperature is 97.6, heart rate 83, blood pressure 105/57, respiratory rate 16 on room air.,HEENT: Right ear shows no redness.",,,
rehabilitation,Rehabilitation,Helping the body recover and get healthy by improving its functions and abilities.,10,9.26,16,Speech Therapy - Discharge Summary - 1 | Occupational Therapy Discharge Summary | Laryngitis - Discharge,"HISTORY: , The patient is a 67-year-old female, was referred to Medical Center's Outpatient Rehabilitation Department for skilled speech therapy to improve her functional communication skills and swallowing function and safety.",,,
complaints,complaints,A problem or sickness that a person talks about.,10,9.26,14,Leiomyosarcoma | GI Bleed - Discharge Summary | Gastric Bypass Summary,"She had no further complaints throughout the hospitalization with any shortness of breath or chest pain.,3.",,,
lisinopril,lisinopril,A drug for treating high blood pressure.,10,9.26,14,Renal Disease - Discharge Summary | Pneumonia & COPD - Discharge Summary | GI Bleed - Discharge Summary,"and lisinopril 10 mg daily secondary to his hypertension, congestive heart failure with dilated cardiomyopathy and end-stage renal disease.",,,
prednisone,Prednisone,A medication that lowers the body's immune response and inflammation.,10,9.26,14,Pneumonia & COPD - Discharge Summary | Pneumonia - Discharge Summary | Hypothermia - Discharge Summary,Prednisone 40 mg p.o.,,,
albuterol,albuterol,Medication that helps with asthma by making it easier to breathe.,10,9.26,13,Otitis Media - Discharge Summary | Discharge Summary - Respiratory Distress | Discharge Summary - Peripheral vascular disease,"His lungs remained clear, but because of the need for O2, we instituted albuterol aerosols every 6 hours to help maintain good lung function.",,,
echocardiogram,Echocardiogram,A heart picture taken using sound waves.,10,9.26,13,Kawasaki Disease - Discharge Summary | Lap Chole - Discharge Summary | Discharge Summary - 9,"Echocardiogram was also done, which was negative.",,,
signs,signs,"When you see signs, it means there might be a disease present.",10,9.26,13,Pancreatic Mass - Discharge Summary | Neurology - Discharge Summary | Neonatal Discharge Summary - 1,",PLAN: , The patient should return for repeat ERCP if there are signs of stent occlusion such as fever, increased bilirubin, worsening pain.",,,
patient.,patient.,Someone getting medical attention.,10,9.26,12,Pancreatic Mass - Discharge Summary | Otitis Media - Discharge Summary | Multiple Medical Problems - Discharge Summary,I discussed the potentials of chemotherapy with patient.,,,
pulse,pulse,Your pulse is the beat of your heart that you can feel on your body.,10,9.26,12,Prematurity - Discharge Summary | Knee Surgery - Discharge Summary | Lap Chole - Discharge Summary,"She was treated for approximately 24 hours with phototherapy and the bilirubin on October 15, 2003 was 3.4.,FEEDING: , The infant has had some difficulty with feeding, but at the time of discharge, she is taking approximately 30 mL every feeding and is taking Formula or breast milk, that is, ___ 24 calories per ounce.,PHYSICAL EXAMINATION:, ,VITAL SIGNS: At discharge, reveals a well-developed infant whose temperature is 98.3, pulse 156, respirations 35, her weight is 1779 g (1% below her birthweight).,HEENT: Head is normocephalic.",,,
cbc,CBC,A test that checks the different types of cells in your blood to assess your health and detect diseases.,10,9.26,11,Otitis Media - Discharge Summary | Neonatal Discharge Summary | Knee Surgery - Discharge Summary,"CBC with differential, blood culture, electrolytes, BUN, and creatinine, glucose, UA, and urine culture all were ordered.",,,
platelet,platelet,A platelet is a blood cell that helps with clotting.,10,9.26,11,Pancreatic Mass - Discharge Summary | Leiomyosarcoma | ER Report - Chest Pain & Fever,"At the time of discharge, the patient's white count was 9.4, hemoglobin 10.8, hematocrit 32 with a MCV of 79, platelet count of 585,000.",,,
lab,LAB,A lab is a place where tests and research are conducted.,10,9.26,10,TAH - Discharge Summary | Neonatal Discharge Summary - 1 | Leiomyosarcoma,"Extensive adenomyosis by pathological report.,OPERATION PERFORMED: , On 6/10/2009 total abdominal hysterectomy (TAH).,COMPLICATIONS:, None.,BLOOD TRANSFUSIONS: , None.,INFECTIONS: , None.,SIGNIFICANT LAB AND X-RAY: , On admission hemoglobin and hematocrit was 10.5 and 32.8 respectively.",,,
social history,social history,"Information about a person's family, work, and hobbies that could affect their health.",10,9.26,10,Mullerian Adenosarcoma | Hip Surgery - Discharge Summar | Discharge Summary - Urology & Nephrology,"Family history, social history, and psychosocial needs per the social worker.",,,
pulmonary,pulmonary,About the lungs.,9,8.33,23,Leiomyosarcoma | ESRD - Discharge Summary | Discharge Summary - COPD,"History of pulmonary embolism.,3.",,,
hour,hour,A unit of time equaling 60 minutes.,9,8.33,20,Otitis Media - Discharge Summary | Multiple Medical Problems - Discharge Summary | Neonatal Discharge Summary,"Gave D5 and quarter of normal saline at 45 mL per hour, which was just slightly above maintenance rate to help with hydration.",,,
diarrhea,diarrhea,"Having loose, watery poop with cramps and bloating.",9,8.33,18,Hip Surgery - Discharge Summar | Gastroenteritis - Discharge Summary | ER Report - Chest Pain & Fever,"She denies any nausea, vomiting, or diarrhea, but reports as being constipated with the last bowel movement being on 08/26/2007 prior to surgery.",,,
placement,placement,Placing something in a specific location.,9,8.33,18,Pancreatic Mass - Discharge Summary | Discharge Summary - Urology & Nephrology | Discharge Summary - Multiple Trauma,The patient underwent ERCP on 04/04/2007 with placement of a stent.,,,
depression,depression,"Feeling really, really sad and not wanting to do things anymore.",9,8.33,17,Psychiatric Discharge Summary | Hip Surgery - Discharge Summar | Intrauterine Pregnancy - Discharge Summary,"The patient has a history of depression versus bipolar disorder, last hospitalized in Pierce County in 2008, but without recent treatment.",,,
inr,INR,INR measures how fast blood clots for patients taking blood thinners.,9,8.33,14,Knee Surgery - Discharge Summary | Knee Arthroplasty - Discharge Summary | Knee Osteoarthrosis - Discharge Summary,The DVT prophylaxis was maintained with Lovenox 40 mg subcu daily until the INR was greater than 1.7 and it was discontinued on 08/30/2007 when the INR was 1.92 within therapeutic range.,,,
lower extremity,lower extremity,"The lower extremity is the part of your body that includes your leg, ankle, and foot.",9,8.33,13,ORIF - Discharge Summary | Knee Arthroplasty - Discharge Summary | Discharge Summary - Peripheral vascular disease,"On day #12, was transferred to ABCD.,DISCHARGE INSTRUCTIONS: , The patient is to be transferred to ABCD after open reduction and internal fixation of right tibial plateau fracture and partial medial meniscectomy.,DIET:, Regular.,ACTIVITY AND LIMITATIONS: , Nonweightbearing to the right lower extremity.",,,
incision,incision,A surgical cut made in the body to operate.,9,8.33,11,Knee Surgery - Discharge Summary | Knee Arthroplasty - Discharge Summary | Knee Osteoarthrosis - Discharge Summary,"No organomegaly.,EXTREMITIES: The right knee incision is intact.",,,
ambulating,ambulating,Being able to walk and move around.,9,8.33,10,TAH - Discharge Summary | Hysterectomy - Discharge Summary - 2 | Hysterectomy - Discharge Summary - 1,"On the 3rd postoperative day, the patient was ambulating with difficulty and tolerating clear liquid diet.",,,
doses,doses,The amount of medicine or radiation received at once.,9,8.33,10,Leiomyosarcoma | Knee Surgery - Discharge Summary | ESRD - Discharge Summary,"She underwent a CTA, which showed no evidence of pulmonary embolism and the patient was started on prophylactic doses of Lovenox at 40 mg a day.",,,
platelets,platelets,Tiny blood cells that help form clots to stop bleeding.,9,8.33,10,Leiomyosarcoma | Knee Surgery - Discharge Summary | Hip Surgery - Discharge Summar,"She did not require transfusion of red blood cells or platelets; however, on 07/26/2008 her ANC did dip to 900 and she was placed on neutropenic diet.",,,
white blood cell count,White blood cell count,A test that counts the infection-fighting cells in your blood.,9,8.33,10,Otitis Media - Discharge Summary | Leiomyosarcoma | ESRD - Discharge Summary,"White blood cell count was 8.6 with 61% neutrophils, 21% lymphocytes, 17% monocytes, suggestive of a viral infection.",,,
diagnosed,diagnosed,Figuring out what illness matches a person's symptoms.,9,8.33,9,Renal Disease - Discharge Summary | Discharge Summary - Urology | ESRD - Discharge Summary,"Hypertension.,CONDITION ON DISCHARGE: , Stable.,PROCEDURE PERFORMED: , None.,HOSPITAL COURSE: , The patient is a 44-year-old African-American male who was diagnosed with end-stage renal disease requiring hemodialysis three times per week approximately four to five months ago.",,,
drainage,drainage,When any fluid is leaking out of a body part.,9,8.33,9,Pancreatic Mass - Discharge Summary | Mullerian Adenosarcoma | Knee Arthroplasty - Discharge Summary,A 10-french x 9 cm stent was placed with good drainage.,,,
hip,hip,The hip is where your leg connects to your body.,8,7.41,34,Prematurity - Discharge Summary | Hemiarthroplasty - Discharge Summary | Hip Surgery - Discharge Summar,"Extremities without evidence of hip defects.,ABDOMEN: Soft, bowel sounds present.",,,
anxiety,anxiety,"Anxiety is a feeling of fear, worry, and uneasiness.",8,7.41,17,Knee Surgery - Discharge Summary | Hip Surgery - Discharge Summar | Falls - Discharge Summary,"She reports having some right knee pain, which is most intense at a ""certain position."" The patient is unable to elaborate on which ""certain position"" causes her the most discomfort.,ALLERGIES:, NKDA.,PAST MEDICAL HISTORY: , Hypertension, hypothyroidism, degenerative joint disease, GERD, anxiety disorder, Morton neuroma of her feet bilaterally, and distant history of migraine headaches some 30 years ago.,MEDICATIONS:, On transfer, Celebrex, Coumadin, Colace, Synthroid, Lovenox, Percocet, Toprol XL, niacin, and trazodone.,PHYSICAL EXAMINATION:,VITAL SIGNS: Temperature 96.5, blood pressure 127/72, pulse 70, respiratory rate 20, 95% O2 saturation on room air.,GENERAL: No acute distress at the time of the exam except as mentioned above complains of right knee pain at ""certain position."",HEENT: Normocephalic.",,,
insulin,insulin,Insulin is a medicine that helps people with diabetes control their blood sugar levels.,8,7.41,17,Pancreatic Mass - Discharge Summary | Pneumonia & COPD - Discharge Summary | Multiple Medical Problems - Discharge Summary,"The patient had been on oral hypoglycemics as an outpatient, but in hospital, he was simply managed with an insulin sliding scale.",,,
syndrome,syndrome,A syndrome is like a group of symptoms that usually happen together when someone is sick.,8,7.41,17,Pneumonia & COPD - Discharge Summary | Hypothermia - Discharge Summary | Goldenhar Syndrome - Discharge Summary,"Systemic inflammatory response syndrome.,4.",,,
cardiac,CARDIAC,Related to the heart.,8,7.41,15,Mastoiditis - Discharge Summary | Neonatal Discharge Summary - 1 | Kawasaki Disease - Discharge Summary,"There is a large posterior chains node that is nontender and the swelling in this area has decreased markedly.,NECK: Supple.,CHEST: Clear breath sounds.,CARDIAC: Normal S1, S2 without murmur.,ABDOMEN: Soft.",,,
bilirubin,bilirubin,"Bilirubin is a yellowish substance produced when red blood cells break down, which can cause yellowing of the eyes when levels are elevated.",8,7.41,14,Prematurity - Discharge Summary | Pancreatic Mass - Discharge Summary | ESRD - Discharge Summary,"The culture was negative and the antibiotics were stopped at 48 hours.,The infant was noted to have physiologic jaundice and her highest bilirubin was 7.1.",,,
diabetes mellitus,diabetes mellitus,A disease where blood sugar levels are too high due to issues with insulin production or usage in the body.,8,7.41,12,Pneumonia & COPD - Discharge Summary | Multiple Medical Problems - Discharge Summary | ESRD - Discharge Summary,"Hyperglycemia secondary to poorly controlled type ii diabetes mellitus, insulin requiring.,9.",,,
myocardial,myocardial,It's a term for the heart muscle.,8,7.41,12,Renal Disease - Discharge Summary | ER Report - Chest Pain & Fever | ESRD - Discharge Summary,Cardiology also ordered a nuclear medicine myocardial perfusion stress test.,,,
blood cultures,blood cultures,Blood cultures are a test to see if there are any germs in your blood.,8,7.41,11,Pneumonia & COPD - Discharge Summary | Neonatal Discharge Summary | Hypothermia - Discharge Summary,"No bacteria identified with blood cultures or sputum culture.,7.",,,
chloride,chloride,Chloride is a substance that helps your heart and other parts of your body work properly.,8,7.41,11,Pancreatic Mass - Discharge Summary | Goldenhar Syndrome - Discharge Summary | ER Report - Chest Pain & Fever,"His sodium was 132, potassium 4.1, chloride 95, CO2 27, BUN of 8 with a creatinine of 0.3.",,,
constipation,constipation,When it's hard to go to the bathroom because the poop is dry and doesn't come out easily.,8,7.41,10,TAH - Discharge Summary | Knee Surgery - Discharge Summary | Discharge Summary - Hemodialysis,constipation and ferrous sulfate 60 mg tablets 1 tablet p.o.,,,
family history,Family history,Health information about your close relatives.,8,7.41,10,Mullerian Adenosarcoma | Hip Surgery - Discharge Summar | Discharge Summary - Urology & Nephrology,"Family history, social history, and psychosocial needs per the social worker.",,,
tenderness,tenderness,Tenderness is when an area hurts when you touch it.,8,7.41,10,TAH - Discharge Summary | Mastoiditis - Discharge Summary | Knee Surgery - Discharge Summary,"On the 4th postoperative day, the patient was complaining of pain in her back and abdomen as well as incisional wound tenderness.",,,
clinical,clinical,Related to a person's illness or medical care.,8,7.41,9,Speech Therapy - Discharge Summary - 2 | TAH - Discharge Summary | Pneumonia - Discharge Summary,"We did complete an oral mechanism examination and clinical swallow evaluation, which showed her swallowing to be within functional limits.",,,
infiltrate,infiltrate,Infiltrate means the buildup of foreign substances or excess substances and cells in a specific area.,8,7.41,9,Pneumonia & COPD - Discharge Summary | Discharge Summary - Respiratory Distress | Discharge Summary - 17,This subsequently resolved and the patient's infiltrate slowly improved over the course of his hospitalization.,,,
pathology,pathology,Signs of sickness or medical issues.,8,7.41,9,Pneumonia - Discharge Summary | Mullerian Adenosarcoma | Discharge Summary - Urology,CT scan was performed and no specific focal pathology was seen.,,,
pulses,Pulses,The heart's beat felt at different places in the body.,8,7.41,9,Prematurity - Discharge Summary | Knee Surgery - Discharge Summary | Discharge Summary - Respiratory Failure,"Nose and throat are patent without palatal defect.,NECK: Supple without clavicular fracture.,LUNGS: Clear to auscultation.,HEART: Regular rate without murmur, click or gallop present.,EXTREMITIES: Pulses are 2/4 for brachial and femoral.",,,
gravida,gravida,Gravida refers to the number of times a woman has been pregnant.,8,7.41,8,Prematurity - Discharge Summary | Neonatal Discharge Summary - 1 | Neonatal Discharge Summary,"Feeding problem.,HISTORY OF ILLNESS: ,This is a 4-pound female infant born to a 26-year-old gravida 1, now para 1-0-0-1 lady with an EDC of November 19, 2003.",,,
laboratory studies,Laboratory studies,Tests done on samples like blood or urine to help diagnose medical issues or see if treatments are effective.,8,7.41,8,Hysterectomy - Discharge Summary | ER Report - Chest Pain & Fever | Discharge Summary - Cerebral Palsy,"She recovered quite well and vitals remained stable.,Laboratory studies, H&H were followed and appeared stable on 09/05/2007 with hemoglobin of 11.2 and hematocrit of 31.8.,The patient was ready for discharge on Monday morning of 09/06/2007.,LABORATORY FINDINGS: , Please see chart for full studies during admission.,DISPOSITION: ,The patient was discharged to home in stable condition.",,,
postoperative course,Postoperative course,A person's progress after surgery.,8,7.41,8,Urology Discharge Summary | Mullerian Adenosarcoma | Knee Surgery - Discharge Summary,Postoperative course was uncomplicated.,,,
renal,Renal,Related to the kidneys.,7,6.48,36,Renal Disease - Discharge Summary | Pyelonephritis - Discharge Summary | Lap Chole - Discharge Summary,"End-stage renal disease requiring hemodialysis.,3.",,,
coumadin,Coumadin,A blood thinner medication called Coumadin or warfarin used to treat and prevent blood clots.,7,6.48,21,Knee Surgery - Discharge Summary | Knee Arthroplasty - Discharge Summary | Knee Osteoarthrosis - Discharge Summary,"She received DVT prophylaxis with a combination of Coumadin, Lovenox, SCD boots, and TED stockings.",,,
exacerbation,exacerbation,A worsening of a problem or illness.,7,6.48,16,Pneumonia & COPD - Discharge Summary | Discharge Summary - COPD | Discharge Summary - 9,"Chronic obstructive pulmonary disease (COPD) exacerbation.,3.",,,
atrial fibrillation,Atrial fibrillation,Atrial fibrillation is when your heart beats irregularly and can make you tired or more likely to have a stroke.,7,6.48,15,Pneumonia & COPD - Discharge Summary | GI Bleed - Discharge Summary | Discharge Summary - Mesothelioma - 1,"Atrial fibrillation with episodic rapid ventricular rate, now rate control.,8.",,,
cardiology,Cardiology,Cardiology is the study of heart-related issues.,7,6.48,14,Renal Disease - Discharge Summary | Kawasaki Disease - Discharge Summary | GI Bleed - Discharge Summary,Cardiology was consulted and their recommendations were to reduce the lisinopril to 5 mg daily.,,,
laparoscopic,Laparoscopic,A surgery where a small tube with a camera is used to see inside the body.,7,6.48,14,Lap Chole - Discharge Summary | Gastric Bypass Summary | Discharge Summary - Urology,"PROCEDURE:, Laparoscopic cholecystectomy.,DISCHARGE DIAGNOSES:,1.",,,
carotid,Carotid,A big blood vessel that takes oxygen-rich blood from the heart to the head through the neck.,7,6.48,13,Falls - Discharge Summary | Discharge Summary - Peripheral vascular disease | Discharge Summary - 6,"Carotid upstrokes are 2+.,LUNGS: Clear.,HEART: Normal S1 and S2.",,,
gi,GI,"GI refers to your stomach and intestines, where digestion happens.",7,6.48,13,Kawasaki Disease - Discharge Summary | Hip Surgery - Discharge Summar | GI Bleed - Discharge Summary,for 14 days and then Prevacid also to prevent his GI from aspirin 15 mg p.o.,,,
postop,postop,After surgery.,7,6.48,13,Lap Chole - Discharge Summary | Gastric Bypass Summary | Discharge Summary - Hip Surgery,"On postop day #1, the patient started eating and also walking.",,,
stress,stress,Feeling overwhelmed physically or emotionally due to pressure.,7,6.48,13,Renal Disease - Discharge Summary | Pneumonia - Discharge Summary | ER Report - Chest Pain & Fever,Cardiology also ordered a nuclear medicine myocardial perfusion stress test.,,,
bronchitis,bronchitis,A lung condition where the tubes that help us breathe get inflamed.,7,6.48,12,ORIF - Discharge Summary | Discharge Summary - COPD | Discharge Summary - 2,"X and to Internal Medicine for management of multiple medical problems including hypothyroid, diabetes mellitus type 2, bronchitis, and congestive heart failure.,HOSPITAL COURSE: , The patient was admitted and consented for operation, and taken to the operating room for open reduction and internal fixation of right Schatzker III tibial plateau fracture and partial medial meniscectomy performed without incidence.",,,
nasal,nasal,"It's all about your nose when we talk about ""nasal.""",7,6.48,12,Otitis Media - Discharge Summary | Pneumonia & COPD - Discharge Summary | Discharge Summary - Urology & Nephrology,"He has also had intermittent cough, nasal congestion, and rhinorrhea and no history of rashes.",,,
drain,drain,A tube that helps remove excess fluid from a body cavity or wound.,7,6.48,11,Post Thyroidectomy - Discharge Summary | Knee Osteoarthrosis - Discharge Summary | Gastric Bypass Summary,The drain was removed.,,,
infectious,INFECTIOUS,A sickness that can be passed on between people.,7,6.48,11,Neonatal Discharge Summary - 1 | Multiple Medical Problems - Discharge Summary | Discharge Summary - 7,"The ultrasound was negative for intracranial hemorrhage.,INFECTIOUS DISEASE:, The patient had been on antibiotics during the stay at Madera.",,,
respiratory distress,respiratory distress,Having difficulty breathing.,7,6.48,11,Mastoiditis - Discharge Summary | Neonatal Discharge Summary | Discharge Summary - Respiratory Distress,"well.,DISCHARGE PHYSICAL EXAMINATION:,GENERAL: The patient is alert, in no respiratory distress.,VITAL SIGNS: His temperature is 97.6, heart rate 83, blood pressure 105/57, respiratory rate 16 on room air.,HEENT: Right ear shows no redness.",,,
arm,arm,Your arm is the part of your body between your shoulder and your hand.,7,6.48,10,Leiomyosarcoma | Neck Pain - Discharge Summary | Knee Surgery - Discharge Summary,ABC is a pleasant 66-year-old Caucasian female who first palpated a mass in the left posterior arm in spring of 2007.,,,
biopsy,Biopsy,A procedure where doctors remove a small piece of tissue to check for possible health issues.,7,6.48,10,Hysterectomy - Discharge Summary - 2 | Discharge Summary - Urology | Discharge Summary - Mesothelioma - 1,Biopsy showed a microinvasive carcinoma of the cervix and a cone biopsy was performed on 02/12/2007 also showing microinvasive carcinoma with a 1 mm invasion.,,,
gastroesophageal reflux,Gastroesophageal reflux,"Stomach acid flowing back into the tube connecting the mouth to the stomach, often known as heartburn.",7,6.48,10,Knee Surgery - Discharge Summary | Goldenhar Syndrome - Discharge Summary | Discharge Summary - Hip Surgery,"Gastroesophageal reflux disease.,9.",,,
referred,referred,Sending a patient to another person or place for medical care.,7,6.48,10,Speech Therapy - Discharge Summary - 1 | Psychiatric Discharge Summary | Post Thyroidectomy - Discharge Summary,"HISTORY: , The patient is a 67-year-old female, was referred to Medical Center's Outpatient Rehabilitation Department for skilled speech therapy to improve her functional communication skills and swallowing function and safety.",,,
anterior,anterior,The front part of the body or an organ.,7,6.48,9,Neonatal Discharge Summary - 1 | Neck Pain - Discharge Summary | Goldenhar Syndrome - Discharge Summary,"The lab showing normal antegrade flow across the right coronary artery as well as the left main and left anterior descending coronary artery, then the circumflex coronary artery.,CNS:, Infant had a head ultrasound done to rule out intracranial abnormalities and intracranial hemorrhage.",,,
confusion,confusion,Feeling mixed up and unable to think straight.,7,6.48,9,Renal Disease - Discharge Summary | Hemiarthroplasty - Discharge Summary | Discharge Summary - Respiratory Failure,He does report some confusion when he awakens.,,,
gastrointestinal,gastrointestinal,Gastrointestinal means related to the stomach and intestines.,7,6.48,9,GI Bleed - Discharge Summary | Gastroenteritis - Discharge Summary | Gastrointestinal Bleed - Discharge Summary,"Upper gastrointestinal bleed.,2.",,,
grade,grade,A grade for cancer cells based on how abnormal they look under a microscope.,7,6.48,9,Leiomyosarcoma | Hip Surgery - Discharge Summar | Discharge Summary - 8,"She eventually underwent a partial resection found to have pathologic grade 2 leiomyosarcoma, margins were impossible to assess, but were likely positive.",,,
iron,Iron,A mineral that helps prevent anemia and can be taken in pill form.,7,6.48,9,Pneumonia & COPD - Discharge Summary | Neonatal Discharge Summary - 1 | Intrauterine Pregnancy - Discharge Summary,Iron 325 mg p.o.,,,
obstruction,obstruction,A blockage is what obstructing something means.,7,6.48,9,Urology Discharge Summary | Neonatal Discharge Summary - 1 | Goldenhar Syndrome - Discharge Summary,"PROCEDURES:, Cystourethroscopy and transurethral resection of prostate.,COMPLICATIONS:, None.,ADMITTING DIAGNOSIS:, Difficulty voiding.,HISTORY:, This 67-year old Hispanic male patient was admitted because of enlarged prostate and symptoms of bladder neck obstruction.",,,
diffuse,diffuse,Spread out instead of concentrated.,7,6.48,8,Pneumonia - Discharge Summary | Knee Surgery - Discharge Summary | Hip Surgery - Discharge Summar,Initial x-ray showed some mild diffuse patchy infiltrates.,,,
neurologic,Neurologic,"Having to do with the nerves in the body, brain, or spinal cord.",7,6.48,8,Otitis Media - Discharge Summary | Goldenhar Syndrome - Discharge Summary | Discharge Summary - Urology & Nephrology,"Neurologic exam showed good muscle strength, normal tone.",,,
regimen,regimen,"A regimen is a plan that details how much medication to take, when to take it, and how long the treatment will last.",7,6.48,8,Knee Arthroplasty - Discharge Summary | Discharge Summary - Lymphoma | Discharge Summary - Hip Surgery,"The patient is comfortable with this, understands the therapy regimen, and is very satisfied after the procedure.,DISCHARGE INSTRUCTIONS AND MEDICATIONS: , The patient is to be discharged home to the care of the son.",,,
us,us,Taking pictures of body organs and tissues using sound waves.,7,6.48,8,Discharge Summary - Hemodialysis | Discharge Summary - Mesothelioma | Discharge Summary - 4,He thanked us for the care that he received at Promise and thought that they did a fantastic job taking care of him.,,,
baseline,baseline,The baseline is how something was before it changed.,7,6.48,7,Hemiarthroplasty - Discharge Summary | Discharge Summary - Multiple Trauma | Discharge Summary - 9,"The patient had continued confusion and dementia, which is apparently his baseline secondary to his Alzheimer's.",,,
cardiovascular,CARDIOVASCULAR,Related to the blood vessels and heart.,7,6.48,7,Neonatal Discharge Summary - 1 | Knee Osteoarthrosis - Discharge Summary | ESRD - Discharge Summary,"At the time of discharge, blood glucose levels were not being stable for 24 hours.,CARDIOVASCULAR: , Infant was hemodynamically stable on admission from Madera.",,,
number,number,A number is a numeral used for counting or measuring.,7,6.48,7,Multiple Medical Problems - Discharge Summary | Laryngitis - Discharge | Knee Surgery - Discharge Summary,"Z, but his telephone number was given to the patient and she was instructed to make a followup appointment.",,,
prescription,prescription,A prescription is a doctor's recommendation for medication or treatment.,7,6.48,7,Post Thyroidectomy - Discharge Summary | Discharge Summary - Nephrology | Discharge Summary - Mesothelioma,"She was given prescription for Vicodin for pain and Synthroid thyroid hormone, and otherwise the appropriate wound care instructions per my routine wound care sheet.",,,
respirations,respirations,Breathing; the number or quality of breaths taken.,7,6.48,7,Prematurity - Discharge Summary | Neonatal Discharge Summary - 1 | Hip Surgery - Discharge Summar,"She was treated for approximately 24 hours with phototherapy and the bilirubin on October 15, 2003 was 3.4.,FEEDING: , The infant has had some difficulty with feeding, but at the time of discharge, she is taking approximately 30 mL every feeding and is taking Formula or breast milk, that is, ___ 24 calories per ounce.,PHYSICAL EXAMINATION:, ,VITAL SIGNS: At discharge, reveals a well-developed infant whose temperature is 98.3, pulse 156, respirations 35, her weight is 1779 g (1% below her birthweight).,HEENT: Head is normocephalic.",,,
respiratory rate,respiratory rate,How many breaths someone takes in a minute.,7,6.48,7,Mastoiditis - Discharge Summary | Knee Surgery - Discharge Summary | ER Report - Chest Pain & Fever,"well.,DISCHARGE PHYSICAL EXAMINATION:,GENERAL: The patient is alert, in no respiratory distress.,VITAL SIGNS: His temperature is 97.6, heart rate 83, blood pressure 105/57, respiratory rate 16 on room air.,HEENT: Right ear shows no redness.",,,
urinalysis,Urinalysis,A test that checks what's in your pee.,7,6.48,7,Otitis Media - Discharge Summary | ER Report - Chest Pain & Fever | Discharge Summary - Cholelithiasis,Urinalysis was completely unremarkable.,,,
fracture,fracture,A fracture is a broken bone.,6,5.56,26,Prematurity - Discharge Summary | ORIF - Discharge Summary | Hemiarthroplasty - Discharge Summary,"Nose and throat are patent without palatal defect.,NECK: Supple without clavicular fracture.,LUNGS: Clear to auscultation.,HEART: Regular rate without murmur, click or gallop present.,EXTREMITIES: Pulses are 2/4 for brachial and femoral.",,,
copd,COPD,A chronic lung condition that makes it hard to breathe and worsens with time.,6,5.56,14,Pneumonia & COPD - Discharge Summary | Discharge Summary - COPD | Discharge Summary - 2,"Chronic obstructive pulmonary disease (COPD) exacerbation.,3.",,,
urinary tract infection,urinary tract infection,An infection in the system that carries urine.,6,5.56,13,Hysterectomy - Discharge Summary - 2 | Discharge Summary - Urology & Nephrology | ER Report - Chest Pain & Fever,",DISCHARGE MEDICATIONS:, Vicodin, Motrin, and Macrodantin at bedtime for urinary tract infection suppression.",,,
contrast,contrast,It's a substance used in medical imaging to highlight specific areas inside the body.,6,5.56,12,Neurology - Discharge Summary | Discharge Summary - Urology | Discharge Summary - Migraine,He underwent an MRI to rule out extension of the contusion or the possibility of a bleed and the MRI of the brain without contrast revealed findings consistent with contusion of the orbital surface of the frontal lobes bilaterally near the interhemispheric fissure.,,,
cervical,cervical,Cervical means referring to the neck.,6,5.56,10,Occupational Therapy Discharge Summary | Mastoiditis - Discharge Summary | Neck Pain - Discharge Summary,"DIAGNOSES: , Traumatic brain injury, cervical musculoskeletal strain.,DISCHARGE SUMMARY: , The patient was seen for evaluation on 12/11/06 followed by 2 treatment sessions.",,,
wheezing,wheezing,When you make a high-pitched whistling sound while breathing due to narrowed airways or swelling in the lungs.,6,5.56,9,Discharge Summary - Urology & Nephrology | Discharge Summary - Respiratory Distress | Discharge Summary - Peripheral vascular disease,"He had no oral, ocular, or nasal discharge.,LUNGS: Exam was normal without wheezing.,HEART: Without murmur or gallops.,ABDOMEN: Soft, without mass or tenderness with a well-healed flank incision.,GU: Uncircumcised male with bilaterally descended testes.,EXTREMITIES: He has full range of motion in all 4 extremities.,SKIN: Warm, pink, and dry.,NEUROLOGIC: Grossly intact.,BACK: He has normal back.",,,
antibiotic,antibiotic,Medicines that kill bacteria.,6,5.56,8,Discharge Summary - Hemodialysis | Discharge Summary - 7 | Discharge Summary - 19,"The patient was found to have lumbar diskitis and was going to require extensive antibiotic therapy, which was the cause of need for continued hospitalization.",,,
dvt prophylaxis,DVT prophylaxis,Preventing blood clots in the veins.,6,5.56,8,Renal Disease - Discharge Summary | Knee Surgery - Discharge Summary | Hemiarthroplasty - Discharge Summary,subcutaneous for DVT prophylaxis.,,,
home health,home health,Providing medical care in a patient's own home by professionally trained caregivers.,6,5.56,8,Prematurity - Discharge Summary | Pneumonia & COPD - Discharge Summary | Discharge Summary - Peripheral vascular disease,"She will have home health visits one time per week for 3 weeks, and she will be seen in followup at San Juan Pediatrics the week of October 20, 2003.",,,
murmur,murmur,"A murmur is noise from blood moving through the heart, which may suggest a health issue.",6,5.56,8,Prematurity - Discharge Summary | Mastoiditis - Discharge Summary | Goldenhar Syndrome - Discharge Summary,"Nose and throat are patent without palatal defect.,NECK: Supple without clavicular fracture.,LUNGS: Clear to auscultation.,HEART: Regular rate without murmur, click or gallop present.,EXTREMITIES: Pulses are 2/4 for brachial and femoral.",,,
rehab,rehab,Helping the body recover and get better by restoring functions and abilities.,6,5.56,8,ORIF - Discharge Summary | Hemiarthroplasty - Discharge Summary | Discharge Summary - Respiratory Failure,"ADMISSION DIAGNOSIS: , Right tibial plateau fracture.,DISCHARGE DIAGNOSES: , Right tibial plateau fracture and also medial meniscus tear on the right side.,PROCEDURES PERFORMED:, Open reduction and internal fixation (ORIF) of right Schatzker III tibial plateau fracture with partial medial meniscectomy.,CONSULTATIONS: , To rehab, Dr.",,,
sputum,sputum,Spit mixed with mucus and other stuff coughed up from your lungs.,6,5.56,8,Pneumonia & COPD - Discharge Summary | Hypothermia - Discharge Summary | Discharge Summary - COPD,"No bacteria identified with blood cultures or sputum culture.,7.",,,
systolic,systolic,When the heart squeezes and pumps blood into the arteries during the heartbeat.,6,5.56,8,ESRD - Discharge Summary | Discharge Summary - 9 | Discharge Summary - 19,"These labs will be rechecked later today and once his blood pressure has decreased to systolic blood pressure less than 116 and his glucose has come down to a more normal level, he will be discharged to home.,DISCHARGE INSTRUCTIONS: , The patient is discharged with instructions to seek medical attention in the event if he develops fevers, chills, nausea, vomiting, decreased urine output, or other concerns.",,,
associated with,associated with,Linked to something.,6,5.56,7,Renal Disease - Discharge Summary | Pancreatic Mass - Discharge Summary | Hip Surgery - Discharge Summar,"The patient stated that he was reluctant to proceed with the test and he was afraid of needles and the risks associated with the test although the procedure was explained to the patient and the risks of the procedure were quit low, the patient proceeded to discharge himself against medical advice.,DISCHARGE INSTRUCTIONS/MEDICATIONS:,The patient left AMA.",,,
consults,consults,To seek advice from a doctor.,6,5.56,7,ORIF - Discharge Summary | Hemiarthroplasty - Discharge Summary | Gastric Bypass Summary,"The patient will require nursing, physical therapy, occupational therapy, and social work consults.,DISCHARGE MEDICATIONS: , Resume home medications, but increase Lasix to 80 mg every morning, Lovenox 30 mg subcu daily x2 weeks, Vicodin 5/500 mg one to two every four to six hours p.r.n.",,,
ekg,EKG,A heart test that checks the electric activity and rhythm.,6,5.56,7,Urology Discharge Summary | Lap Chole - Discharge Summary | ER Report - Chest Pain & Fever,EKG was normal.,,,
principal,PRINCIPAL,The most important or main aspect of something.,6,5.56,7,Mullerian Adenosarcoma | Knee Osteoarthrosis - Discharge Summary | Discharge Summary - Multiple Trauma,"PRINCIPAL DIAGNOSIS: , Mullerian adenosarcoma.",,,
stool,Stool,The stuff that comes out when you go to the bathroom.,6,5.56,7,GI Bleed - Discharge Summary | Gastroenteritis - Discharge Summary | Goldenhar Syndrome - Discharge Summary,"Stool dark brown, strongly OB positive.",,,
chief complaint,CHIEF COMPLAINT,The main issue expressed by the patient.,6,5.56,6,Knee Surgery - Discharge Summary | Hip Surgery - Discharge Summar | GI Bleed - Discharge Summary,"CHIEF COMPLAINT:, Decreased ability to perform daily living activities secondary to right knee surgery.,HISTORY OF PRESENT ILLNESS: , The patient is a 61-year-old white female status post right total knee replacement secondary to degenerative joint disease performed by Dr.",,,
chills,chills,Feeling cold and shivery.,6,5.56,6,Pneumonia - Discharge Summary | ESRD - Discharge Summary | Discharge Summary - 19,"Suspected mild stress-induced adrenal insufficiency.,HOSPITAL COURSE: , This very independent 79-year old had struggled with cough, fevers, weakness, and chills for the week prior to admission.",,,
iv fluids,IV fluids,IV fluids are a liquid containing minerals and salts that are delivered into a vein with a tube.,6,5.56,6,Neonatal Discharge Summary | Gastroenteritis - Discharge Summary | Discharge Summary - Peripheral vascular disease,IV fluids of D10 at a rate of 6 mL an hour.,,,
persistent,persistent,Continuing for a while without stopping.,6,5.56,6,Psychiatric Discharge Summary | Neck Pain - Discharge Summary | Discharge Summary - 7,The patient was treated with Seroquel for persistent mood lability and psychosis.,,,
preoperative,preoperative,Happening before surgery.,6,5.56,6,Leiomyosarcoma | Knee Surgery - Discharge Summary | Hysterectomy - Discharge Summary - 1,Y and a decision was made to proceed with preoperative chemotherapy.,,,
secondary diagnosis,SECONDARY DIAGNOSIS,Additional health issues alongside the main problem.,6,5.56,6,Intrauterine Pregnancy - Discharge Summary | Discharge Summary - ATV Accident | Discharge Summary - 4,"ADMITTING DIAGNOSIS:, Intrauterine pregnancy at term with previous cesarean.,SECONDARY DIAGNOSIS: , Desired sterilization.,DISCHARGE DIAGNOSES,1.",,,
stabilized,stabilized,Keeping something constant or unchanged.,6,5.56,6,ORIF - Discharge Summary | Neonatal Discharge Summary - 1 | ESRD - Discharge Summary,"The patient was comfortable, stabilized, breathing well.",,,
mm,mm,"A small unit of measurement, about 3/64 of an inch.",5,4.63,22,Hysterectomy - Discharge Summary - 2 | Discharge Summary - 8 | Discharge Summary - 6,Biopsy showed a microinvasive carcinoma of the cervix and a cone biopsy was performed on 02/12/2007 also showing microinvasive carcinoma with a 1 mm invasion.,,,
cyst,cyst,A cyst is a fluid-filled sac or pocket.,5,4.63,15,Lap Chole - Discharge Summary | Ectopic Pregnancy - Discharge Summary | Discharge Summary - Urology,EKG was not available and ultrasound of the abdomen showed there is a renal cyst about 2 cm.,,,
stent,stent,A stent is a tiny tube placed inside a blood vessel or duct to hold it open.,5,4.63,13,Pancreatic Mass - Discharge Summary | Discharge Summary - Urology & Nephrology | Discharge Summary - COPD,The patient underwent ERCP on 04/04/2007 with placement of a stent.,,,
cholecystectomy,cholecystectomy,"A surgery to remove the gallbladder, a digestion-assisting organ in the stomach.",5,4.63,12,Lap Chole - Discharge Summary | ER Report - Chest Pain & Fever | Discharge Summary - 4,"PROCEDURE:, Laparoscopic cholecystectomy.,DISCHARGE DIAGNOSES:,1.",,,
seizure,Seizure,Episodes where the brain's electrical activity goes haywire and can lead to loss of control and consciousness.,5,4.63,11,Multiple Medical Problems - Discharge Summary | Hypothermia - Discharge Summary | Falls - Discharge Summary,"Seizure.,2.",,,
infarct,infarct,Area of dead tissue caused by a lack of blood flow.,5,4.63,10,ESRD - Discharge Summary | Discharge Summary - 9 | Discharge Summary - 6,"Coronary artery disease with a myocardial infarct in September of 2006.,4.",,,
prophylaxis,prophylaxis,Actions taken to prevent getting sick.,5,4.63,10,Knee Osteoarthrosis - Discharge Summary | Hip Surgery - Discharge Summar | Discharge Summary - Urology & Nephrology,Mechanical and chemical deep venous thrombosis (DVT) prophylaxis were initiated.,,,
gallbladder,gallbladder,A small sac under the liver that stores bile to help with digesting food and can be removed without affecting survival.,5,4.63,9,Lap Chole - Discharge Summary | Discharge Summary - 9 | Discharge Summary - 17,There is sludge in the gallbladder wall versus a stone in the gallbladder wall.,,,
hyperlipidemia,Hyperlipidemia,"Hyperlipidemia is when you have too much fat, like cholesterol, in your blood.",5,4.63,9,Pneumonia & COPD - Discharge Summary | Lap Chole - Discharge Summary | ER Report - Chest Pain & Fever,"Hyperlipidemia.,12.",,,
kidney,kidney,A kidney is like a waste management system in your body that helps make pee and keeps you healthy.,5,4.63,9,Discharge Summary - Urology & Nephrology | Discharge Summary - Urology | ESRD - Discharge Summary,"ADMITTING DIAGNOSES:, Solitary left kidney with obstruction, and hypertension, and chronic renal insufficiency.,DISCHARGE DIAGNOSES: , Solitary left kidney with obstruction and hypertension and chronic renal insufficiency, plus a Pseudomonas urinary tract infection.,PROCEDURES: , Cystoscopy under anesthesia, ureteroscopy, an attempted tube placement, stent removal with retrograde pyelography, percutaneous tube placement, and nephrostomy by Radiology.,PERTINENT LABORATORIES: , Creatinine of 1.4.",,,
rash,rash,A rash is when your skin changes color or texture in an unusual way.,5,4.63,9,Knee Surgery - Discharge Summary | Kawasaki Disease - Discharge Summary | ER Report - Chest Pain & Fever,The patient reported that this rash was itchy.,,,
infarction,infarction,When a part of the body is damaged because oxygen-rich blood flow is blocked.,5,4.63,8,ER Report - Chest Pain & Fever | Discharge Summary - 6 | Discharge Summary - 18,"Chest pain of unclear etiology, rule out myocardial infarction.,3.",,,
intravenous,intravenous,Putting fluids and medicine into your body through a needle in a vein.,5,4.63,8,Post Thyroidectomy - Discharge Summary | Discharge Summary - Cerebral Palsy | Discharge Summary - 12,She required intravenous narcotics for pain control.,,,
scan,scan,A scan is like a picture that lets doctors see inside your body in detail.,5,4.63,8,Discharge Summary - COPD | Discharge Summary - Cerebral Palsy | Discharge Summary - 17,"Nuclear myocardial perfusion scan, abnormal.",,,
wounds,wounds,A wound is a cut or damage to the skin or body tissues from an injury or surgery.,5,4.63,8,Discharge Summary - Gastric Bypass | Discharge Summary - Cholelithiasis | Discharge Summary - 11,She needs to keep her wounds clean and dry.,,,
etiology,etiology,What's behind the cause of a disease.,5,4.63,7,Pneumonia - Discharge Summary | Gastroenteritis - Discharge Summary | ER Report - Chest Pain & Fever,"He also was uncertain as to the exact etiology, but viral etiology was most highly suspected.",,,
foley catheter,Foley catheter,A tube that helps drain urine from the bladder.,5,4.63,7,Discharge Summary - Peripheral vascular disease | Discharge Summary - Nephrology | Discharge Summary - Cerebral Palsy,His Foley catheter was removed.,,,
intermittent,intermittent,"Sometimes occurring, not constant.",5,4.63,7,Otitis Media - Discharge Summary | Leiomyosarcoma | Multiple Medical Problems - Discharge Summary,"He has also had intermittent cough, nasal congestion, and rhinorrhea and no history of rashes.",,,
osteoarthritis,osteoarthritis,"Osteoarthritis is a painful joint condition caused by the wearing down of bone tissue, leading to inflammation and cartilage loss.",5,4.63,7,Hip Surgery - Discharge Summar | GI Bleed - Discharge Summary | Falls - Discharge Summary,"Otherwise, she reports some intermittent right calf discomfort and some postoperative right hip pain.,ALLERGIES:, No known drug allergies.,PAST MEDICAL HISTORY:, Anxiety, depression, osteoarthritis, migraine headaches associated with menstrual cycle, history of sciatic pain in the distant past, history of herniated disc, and status post appendectomy.,MEDICATIONS: ,Medications taken at home are Paxil, MOBIC, and Klonopin.,MEDICATIONS ON TRANSFER: , Celebrex, Coumadin, Colace, Fiorinal, oxycodone, Klonopin, and Paxil.,FAMILY HISTORY:, Noncontributory.,SOCIAL HISTORY: , The patient is married.",,,
pelvis,pelvis,The pelvis is the bony structure in the lower part of your body that holds your belly and contains organs like the bladder and reproductive organs.,5,4.63,7,Multiple Medical Problems - Discharge Summary | Discharge Summary - Urology | Discharge Summary - ATV Accident,"CT of the abdomen and pelvis revealed no metastasis, a CT of the chest revealed possible lung metastasis.",,,
risk,risk,The possibility of something causing harm to your health.,5,4.63,7,Post Thyroidectomy - Discharge Summary | Lap Chole - Discharge Summary | Discharge Summary - 11,"She presented now after informed consent for the above procedure, understanding the inherent risks and complications and risk-benefit ratio.,HOSPITAL COURSE: ,The patient underwent total thyroidectomy on 09/22/08, which she tolerated very well and remained stable in the postoperative period.",,,
cannula,cannula,A tube with a sharp point used to access veins or body cavities.,5,4.63,6,Otitis Media - Discharge Summary | Pneumonia & COPD - Discharge Summary | Discharge Summary - Peripheral vascular disease,Pulse oximetry checks were ordered every shift and as needed with O2 ordered per nasal cannula if O2 saturations were less that 94%.,,,
cyanosis,cyanosis,Skin turning blue due to lack of oxygen in the blood.,5,4.63,6,ESRD - Discharge Summary | Discharge Summary - Respiratory Failure | Discharge Summary - 19,"End-stage renal disease.,PAST SURGICAL HISTORY: , Coronary artery bypass graft x5 in 1995 and cadaveric renal transplant in 1996.,SOCIAL HISTORY: ,The patient denies tobacco or ethanol use.,FAMILY HISTORY:, Hypertension.,PHYSICAL EXAMINATION: ,GENERAL: The patient was alert and oriented x3 in no acute distress, healthy-appearing male.,VITAL SIGNS: Temperature 96.6, blood pressure 166/106, heart rate 83, respiratory rate 18, and saturations 96% on room air.,CARDIOVASCULAR: Regular rate and rhythm.,PULMONARY: Clear to auscultation bilaterally.,ABDOMEN: Soft, nontender, and nondistended with positive bowel sounds.,EXTREMITIES: No clubbing, cyanosis, or edema.,PERTINENT LABORATORY DATA: , White blood cell count 6.4, hematocrit 34.6, and platelet count 182.",,,
dyspnea,dyspnea,"Struggling to breathe, feeling out of breath.",5,4.63,6,ORIF - Discharge Summary | Leiomyosarcoma | Multiple Medical Problems - Discharge Summary,"The patient spent the next several days on the floor, nonweightbearing with CPM machine in place, developed a brief period of dyspnea, which seems to have resolved and may have been a combination of bronchitis, thick secretions, and fluid overload.",,,
h&p,H&P,"It's like a thorough first check-up for a patient, considering their medical history and doing a physical exam.",5,4.63,6,Gastroenteritis - Discharge Summary | Discharge Summary - 9 | Discharge Summary - 19,"Gastrointestinal bleed and chronic inflammation of the mesentery of unknown etiology.,BRIEF H&P AND HOSPITAL COURSE: , This patient is a 56-year-old male, a patient of Dr.",,,
ibuprofen,ibuprofen,"A medicine that fights fever, swelling, and pain by stopping the body from making inflammation.",5,4.63,6,Pyelonephritis - Discharge Summary | Otitis Media - Discharge Summary | Knee Osteoarthrosis - Discharge Summary,She was advised to use ibuprofen over-the-counter two to three tabs t.i.d.,,,
lesions,lesions,Lesions are any tissue damage or unusual change usually due to sickness or injury.,5,4.63,6,Pancreatic Mass - Discharge Summary | Gastrointestinal Bleed - Discharge Summary | ER Report - Chest Pain & Fever,"A thin-slice CT scan was performed, which revealed a 4 x 3 x 2 cm pancreatic mass with involved lymph nodes and ring enhancing lesions consistent with liver metastases.",,,
monitor,monitor,Keep an eye on a patient's progress and health over time.,5,4.63,6,Neonatal Discharge Summary - 1 | Leiomyosarcoma | Hip Surgery - Discharge Summar,Diazoxide was started 5 mg/kg per os every 8 hours and fingersticks were done to monitor blood glucose level.,,,
recommendations,recommendations,Advice given to guide a specific course of action.,5,4.63,6,Renal Disease - Discharge Summary | Occupational Therapy Discharge Summary | GI Bleed - Discharge Summary,Cardiology was consulted and their recommendations were to reduce the lisinopril to 5 mg daily.,,,
advair,Advair,A medicine used for asthma and COPD symptoms.,5,4.63,5,Pneumonia & COPD - Discharge Summary | Gastroenteritis - Discharge Summary | Falls - Discharge Summary,"Advair 250/50 mcg, 1 puff b.i.d.",,,
ambulate,ambulate,To ambulate means to walk or move around.,5,4.63,5,Pneumonia & COPD - Discharge Summary | Knee Arthroplasty - Discharge Summary | Hemiarthroplasty - Discharge Summary,"The patient was able to participate with physical therapy, able to ambulate from his bed to the bathroom, and was able to tolerate a dysphagia 2 diet.",,,
benign,benign,A benign tumor is a non-cancerous growth that doesn't spread to other parts of the body.,5,4.63,5,Urology Discharge Summary | Pneumonia & COPD - Discharge Summary | GI Bleed - Discharge Summary,",DISCHARGE DIAGNOSIS: , Enlarged prostate with benign bladder neck obstruction.",,,
blood culture,blood culture,A blood culture is a test to check for infections in your blood.,5,4.63,5,Otitis Media - Discharge Summary | Lap Chole - Discharge Summary | Hemiarthroplasty - Discharge Summary,"CBC with differential, blood culture, electrolytes, BUN, and creatinine, glucose, UA, and urine culture all were ordered.",,,
complicated,complicated,When stuff gets messed up during a medical process.,5,4.63,5,Neonatal Discharge Summary - 1 | Leiomyosarcoma | Discharge Summary - Peripheral vascular disease,Prenatal course was complicated by low amniotic fluid index and hypertension.,,,
consultations,CONSULTATIONS,A consultation is when you meet with an expert to get advice.,5,4.63,5,ORIF - Discharge Summary | Knee Arthroplasty - Discharge Summary | Hemiarthroplasty - Discharge Summary,"ADMISSION DIAGNOSIS: , Right tibial plateau fracture.,DISCHARGE DIAGNOSES: , Right tibial plateau fracture and also medial meniscus tear on the right side.,PROCEDURES PERFORMED:, Open reduction and internal fixation (ORIF) of right Schatzker III tibial plateau fracture with partial medial meniscectomy.,CONSULTATIONS: , To rehab, Dr.",,,
hypokalemia,Hypokalemia,"Not enough potassium in your blood causing muscle cramps, weakness, heart issues, or kidney problems.",5,4.63,5,Discharge Summary - Multiple Trauma | Discharge Summary - COPD | Discharge Summary - 9,"Hypokalemia.,6.",,,
magnesium,magnesium,"A mineral that helps your body with muscles, nerves, and bones.",5,4.63,5,Neonatal Discharge Summary | Discharge Summary - Respiratory Failure | Discharge Summary - 3,"Mother came with preterm contractions, with progressive active labor in spite of the terbutaline and magnesium sulfate.",,,
mental status,MENTAL STATUS,Mental status is how someone is feeling and thinking overall.,5,4.63,5,Psychiatric Discharge Summary | Knee Surgery - Discharge Summary | Hip Surgery - Discharge Summar,"b.i.d.,MENTAL STATUS AT THE TIME OF DISCHARGE:, Attitude was cooperative.",,,
o2 saturation,O2 saturation,A test that checks how much oxygen is in your blood.,5,4.63,5,Knee Surgery - Discharge Summary | Hip Surgery - Discharge Summar | Discharge Summary - 3,"She reports having some right knee pain, which is most intense at a ""certain position."" The patient is unable to elaborate on which ""certain position"" causes her the most discomfort.,ALLERGIES:, NKDA.,PAST MEDICAL HISTORY: , Hypertension, hypothyroidism, degenerative joint disease, GERD, anxiety disorder, Morton neuroma of her feet bilaterally, and distant history of migraine headaches some 30 years ago.,MEDICATIONS:, On transfer, Celebrex, Coumadin, Colace, Synthroid, Lovenox, Percocet, Toprol XL, niacin, and trazodone.,PHYSICAL EXAMINATION:,VITAL SIGNS: Temperature 96.5, blood pressure 127/72, pulse 70, respiratory rate 20, 95% O2 saturation on room air.,GENERAL: No acute distress at the time of the exam except as mentioned above complains of right knee pain at ""certain position."",HEENT: Normocephalic.",,,
occupational therapy,occupational therapy,Helps people relearn everyday activities.,5,4.63,5,ORIF - Discharge Summary | Knee Surgery - Discharge Summary | Hip Surgery - Discharge Summar,"The patient will require nursing, physical therapy, occupational therapy, and social work consults.,DISCHARGE MEDICATIONS: , Resume home medications, but increase Lasix to 80 mg every morning, Lovenox 30 mg subcu daily x2 weeks, Vicodin 5/500 mg one to two every four to six hours p.r.n.",,,
palpable,palpable,Something that can be felt or touched.,5,4.63,5,Knee Surgery - Discharge Summary | Discharge Summary - ATV Accident | Discharge Summary - 19,"Pedal pulses are palpable bilaterally.,MENTAL STATUS: The patient appears slightly anxious during the interview and exam, but she was alert and oriented.,HOSPITAL COURSE: , As mentioned above, the patient was admitted on 08/24/2007 to the Transitional Care Unit at XYZ Services for evaluation and rehabilitation.",,,
penicillin,penicillin,A medicine that fights bacterial infections.,5,4.63,5,Prematurity - Discharge Summary | Knee Osteoarthrosis - Discharge Summary | Discharge Summary - COPD,Mother also received 1 dose of penicillin approximately 1-1/2 hours prior to delivery.,,,
process,process,A process is a bunch of actions you do in a certain order to get something done.,5,4.63,5,Pyelonephritis - Discharge Summary | Otitis Media - Discharge Summary | Gastric Bypass Summary,It was thought that this did not represent intraarticular process.,,,
prognosis,prognosis,A prognosis is the expected outcome or course of a disease.,5,4.63,5,Hypothermia - Discharge Summary | Discharge Summary - 19 | CVA - Discharge Summary,His prognosis is poor.,,,
ptt,PTT,A test to see how quickly your blood clots.,5,4.63,5,Urology Discharge Summary | Gastrointestinal Bleed - Discharge Summary | Discharge Summary - 17,"Blood group was A, Rh positive, Hemoglobin 13, Hematocrit 32.1, Prothrombin time 12.6 seconds, PTT 37.1.",,,
tender,tender,A tender is something that hurts when you touch it.,5,4.63,5,Pyelonephritis - Discharge Summary | Falls - Discharge Summary | Discharge Summary - 6,She was exquisitely tender to touch of the patellar tendon.,,,
aspiration,aspiration,Breathing food or liquid into your lungs by mistake.,4,3.7,13,Speech Therapy - Discharge Summary - 1 | Pneumonia & COPD - Discharge Summary | Goldenhar Syndrome - Discharge Summary,"The patient met 3 out of 4 original short-term therapy goals, which were to complete a modified barium swallow study, which she did do and which revealed no aspiration.",,,
end-stage renal disease,End-stage renal disease,The final and most severe stage of kidney disease when the kidneys hardly work.,4,3.7,13,Renal Disease - Discharge Summary | Lap Chole - Discharge Summary | ESRD - Discharge Summary,"End-stage renal disease requiring hemodialysis.,3.",,,
upper extremity,upper extremity,"The upper extremity is the part of your body that includes your arm, wrist, and hand.",4,3.7,12,Neck Pain - Discharge Summary | Knee Surgery - Discharge Summary | Discharge Summary - ATV Accident,"Neck pain with right upper extremity radiculopathy.,2.",,,
distal,distal,Away from the center or toward the end of the body.,4,3.7,10,Discharge Summary - Respiratory Failure | Discharge Summary - ATV Accident | Discharge Summary - 6,"He does have some lower extremity edema, 2+ distal pedal pulses are present.,NEUROLOGIC: The patient is alert and oriented to person and place.",,,
sinus,Sinus,Air pockets in your face bones near your nose.,4,3.7,10,Leiomyosarcoma | Gastroenteritis - Discharge Summary | Discharge Summary - 13,"Sinus CT, normal mini-CT of the paranasal sinuses.,HISTORY OF PRESENT ILLNESS: ,Ms.",,,
urology,Urology,Medical field that focuses on urinary and male reproductive systems.,4,3.7,10,Discharge Summary - Urology & Nephrology | Discharge Summary - Urology | Discharge Summary - 6,"He, otherwise, did well with continuing decrease his creatinine at the time of discharge to home.,The patient was discharged home in stable condition with ciprofloxacin, enalapril, and recommendation for followup in Urology in 1 to 2 weeks for the surgical correction in 2 to 3 weeks of repeat pyeloplasty or possible ureterocalicostomy.",,,
dvt,DVT,A blood clot that forms in a deep vein in the body.,4,3.7,9,Knee Surgery - Discharge Summary | Knee Osteoarthrosis - Discharge Summary | Hip Surgery - Discharge Summar,"She received DVT prophylaxis with a combination of Coumadin, Lovenox, SCD boots, and TED stockings.",,,
emergency department,emergency department,The ER is where you go in the hospital when you need immediate medical attention.,4,3.7,9,Goldenhar Syndrome - Discharge Summary | Discharge Summary - Migraine | Discharge Summary - ATV Accident,"She was noted to have vomiting approximately 18 to 24 hours prior to admission and was seen in the emergency department and then admitted.,Because of her Goldenhar syndrome and previous problems with aspiration, she is not fed my mouth, but does have a G-tube.",,,
symptomatic,Symptomatic,"When someone is symptomatic, it means they're showing signs of being sick or hurt.",4,3.7,9,TAH - Discharge Summary | Psychiatric Discharge Summary | Post Thyroidectomy - Discharge Summary,"Symptomatic fibroid uterus.,DISCHARGE DIAGNOSES:,1.",,,
chemotherapy,chemotherapy,Using drugs to treat cancer or other diseases.,4,3.7,8,Pancreatic Mass - Discharge Summary | Leiomyosarcoma | Discharge Summary - 5,I discussed the potentials of chemotherapy with patient.,,,
cholecystitis,cholecystitis,Inflammation of the gallbladder.,4,3.7,8,Lap Chole - Discharge Summary | Discharge Summary - 17 | Discharge Summary - 11,"Acute cholecystitis.,2.",,,
colonoscopy,Colonoscopy,A colonoscopy is a test that checks the inside of your large intestine for signs of cancer.,4,3.7,8,Multiple Medical Problems - Discharge Summary | GI Bleed - Discharge Summary | Gastrointestinal Bleed - Discharge Summary,"Colonoscopy.,2.",,,
cystoscopy,Cystoscopy,A procedure where doctors look inside the bladder.,4,3.7,8,Discharge Summary - Urology & Nephrology | Discharge Summary - Urology | Discharge Summary - Nephrology,"ADMITTING DIAGNOSES:, Solitary left kidney with obstruction, and hypertension, and chronic renal insufficiency.,DISCHARGE DIAGNOSES: , Solitary left kidney with obstruction and hypertension and chronic renal insufficiency, plus a Pseudomonas urinary tract infection.,PROCEDURES: , Cystoscopy under anesthesia, ureteroscopy, an attempted tube placement, stent removal with retrograde pyelography, percutaneous tube placement, and nephrostomy by Radiology.,PERTINENT LABORATORIES: , Creatinine of 1.4.",,,
cysts,cysts,A cyst is like a little pouch filled with liquid or pus.,4,3.7,8,Discharge Summary - Urology | Discharge Summary - Nephrology | Discharge Summary - 8,"At that time, he was shown to have multiple bilateral renal cysts with one that did not meet classification as a simple cyst and ultrasound was recommended.,He had an ultrasound done of the cyst which showed a 2.1 x 2.7 cm mass arising from the right kidney which, again, did not fit ultrasound criteria for a simple cyst and they recommended further evaluation by an MRI as this could be a hemorrhagic cyst or a solid mass or tumor, so an MRI was scheduled on the day of discharge for further evaluation of this.",,,
delivery,delivery,When a baby is born.,4,3.7,8,Prematurity - Discharge Summary | Neonatal Discharge Summary | Intrauterine Pregnancy - Discharge Summary,"Group B streptococcus culture was positive on September 29, 2003, and betamethasone was given 1 dose prior to delivery.",,,
digoxin,digoxin,A medication that helps with heartbeat issues and certain heart problems.,4,3.7,8,Pneumonia & COPD - Discharge Summary | Discharge Summary - 12 | COPD & Bronchitis - Discharge Summary,digoxin.,,,
hepatitis,Hepatitis,It's when your liver is swollen and painful because of inflammation.,4,3.7,8,Psychiatric Discharge Summary | Discharge Summary - Hip Surgery | Discharge Summary - 17,"This was AMA against hospital advice.,DISCHARGE DIAGNOSES:,AXIS I: Schizoaffective disorder, bipolar type.,AXIS II: Deferred.,AXIS III: Hepatitis C.,AXIS IV: Severe.,AXIS V: 19.,CONDITION OF PATIENT ON DISCHARGE: , The patient remained disorganized.",,,
ischemia,ischemia,Not enough blood flow due to blocked or narrowed blood vessels.,4,3.7,8,Discharge Summary - COPD | Discharge Summary - 9 | Discharge Summary - 6,"Reversible defect suggestive of ischemia, ejection fraction of 55%.,DIAGNOSES ON DISCHARGE:,1.",,,
migraine,migraine,A really painful headache that can make you feel dizzy or sick to your stomach.,4,3.7,8,Knee Surgery - Discharge Summary | Hip Surgery - Discharge Summar | Discharge Summary - Migraine,"She reports having some right knee pain, which is most intense at a ""certain position."" The patient is unable to elaborate on which ""certain position"" causes her the most discomfort.,ALLERGIES:, NKDA.,PAST MEDICAL HISTORY: , Hypertension, hypothyroidism, degenerative joint disease, GERD, anxiety disorder, Morton neuroma of her feet bilaterally, and distant history of migraine headaches some 30 years ago.,MEDICATIONS:, On transfer, Celebrex, Coumadin, Colace, Synthroid, Lovenox, Percocet, Toprol XL, niacin, and trazodone.,PHYSICAL EXAMINATION:,VITAL SIGNS: Temperature 96.5, blood pressure 127/72, pulse 70, respiratory rate 20, 95% O2 saturation on room air.,GENERAL: No acute distress at the time of the exam except as mentioned above complains of right knee pain at ""certain position."",HEENT: Normocephalic.",,,
hemodialysis,hemodialysis,Using a machine to clean blood when your kidneys aren't doing it well.,4,3.7,7,Renal Disease - Discharge Summary | Lap Chole - Discharge Summary | ESRD - Discharge Summary,"End-stage renal disease requiring hemodialysis.,3.",,,
hyperglycemia,Hyperglycemia,"Having too much sugar in your bloodstream, which can harm your body if it happens often or for a long time.",4,3.7,7,Pneumonia & COPD - Discharge Summary | Multiple Medical Problems - Discharge Summary | Discharge Summary - Lymphoma,"Hyperglycemia.,DISCHARGE DIAGNOSES:,1.",,,
hypotension,hypotension,Low blood pressure.,4,3.7,7,Renal Disease - Discharge Summary | Multiple Medical Problems - Discharge Summary | Discharge Summary - Respiratory Failure,"At that time, orthostatics were negative; however, due to the fact that fluid had been given before, it is impossible to rule out orthostatic hypotension.",,,
initiated,initiated,To kick things off.,4,3.7,7,Psychiatric Discharge Summary | Knee Osteoarthrosis - Discharge Summary | Discharge Summary - Lymphoma,The patient was initiated on Risperdal M-Tab 2 mg p.o.,,,
intracranial,intracranial,Inside the head.,4,3.7,7,Neonatal Discharge Summary - 1 | Leiomyosarcoma | Discharge Summary - Mesothelioma - 1,"The lab showing normal antegrade flow across the right coronary artery as well as the left main and left anterior descending coronary artery, then the circumflex coronary artery.,CNS:, Infant had a head ultrasound done to rule out intracranial abnormalities and intracranial hemorrhage.",,,
morbid obesity,Morbid obesity,"When someone's body has way too much fat, it's called morbid obesity and can lead to serious health issues.",4,3.7,7,Gastric Bypass Summary | Discharge Summary - Gastric Bypass | Discharge Summary - 11,"Morbid obesity, status post laparoscopic Roux-en-Y gastric bypass.",,,
subcutaneous,subcutaneous,Beneath the skin.,4,3.7,7,Renal Disease - Discharge Summary | Discharge Summary - Peripheral vascular disease | Discharge Summary - 2,subcutaneous for DVT prophylaxis.,,,
ventricular,ventricular,Related to the lower parts of the heart.,4,3.7,7,Discharge Summary - 13 | CVA - Discharge Summary | Discharge Summary - 1,Permanent pacemaker was placed on 09/05/2007 with right atrium appendage and right ventricular apex electrode placement.,,,
wheezes,wheezes,A whistling or rattling sound when you breathe.,4,3.7,7,Otitis Media - Discharge Summary | Discharge Summary - Respiratory Failure | Cardio/Pulmo Discharge Summary,"No rales, rhonchi or wheezes were noted.",,,
by mouth,by mouth,Something you take by putting it in your mouth and swallowing.,4,3.7,6,Speech Therapy - Discharge Summary - 1 | Discharge Summary - 19 | Discharge Summary - 4,"At this time, the patient is eating and drinking and taking all medications by mouth; however, her G-tube is still present.",,,
cc,cc,CC is a way to measure the amount of space something takes up.,4,3.7,6,Intrauterine Pregnancy - Discharge Summary | Discharge Summary - Cerebral Palsy | Cholecystitis - Discharge Summary,There was 600 cc estimated blood loss.,,,
cell,cell,The basic building blocks of all living organisms.,4,3.7,6,Discharge Summary - Lymphoma | Discharge Summary - 7 | Death Summary - 1,"ABC is a pleasant 60-year-old Caucasian female who was diagnosed in April 2008 with diffuse large B-cell lymphoma after she developed visual saltation, changes, and confusion.",,,
dementia,dementia,"Dementia is a condition where a person's mental abilities decline and can worsen over time, leading to changes in memory, mood, personality, and thinking.",4,3.7,6,Hemiarthroplasty - Discharge Summary | Discharge Summary - Multiple Trauma | Discharge Summary - 17,"ADMISSION DIAGNOSES: ,Fracture of the right femoral neck, also history of Alzheimer's dementia, and hypothyroidism.,DISCHARGE DIAGNOSES: , Fracture of the right femoral neck, also history of Alzheimer's dementia, hypothyroidism, and status post hemiarthroplasty of the hip.,PROCEDURE PERFORMED: ,Hemiarthroplasty, right hip.,CONSULTATIONS: ,Medicine for management of multiple medical problems including Alzheimer's.,HOSPITAL COURSE: , The patient was admitted on 08/06/2007 after a fall with subsequent fracture of the right hip.",,,
diastolic,diastolic,When the heart takes a break between beats.,4,3.7,6,CVA - Discharge Summary | Discharge Summary - 1 | Discharge Summary,"An echocardiogram revealed mild concentric LVH with normal left ventricular function with an EF of 57%, moderate left atrial enlargement and diastolic dysfunction with mild mitral regurgitation.",,,
intubated,intubated,A tube put into the windpipe to aid breathing.,4,3.7,6,Discharge Summary - 3 | Death Summary - 1 | Death Summary,"On the third day of admission she developed worsening respiratory failure with fatigue, and hence was required to be intubated and ventilated.",,,
partial,partial,Incomplete.,4,3.7,6,Prematurity - Discharge Summary | ORIF - Discharge Summary | Leiomyosarcoma,"At the end of delivery, it was noted there was a partial placental abruptio.,HOSPITAL COURSE: ,The infant has had a basically uncomplicated hospital course.",,,
sepsis,sepsis,"A severe condition where the body reacts to bacteria in the bloodstream by harming tissues and organs, potentially leading to death.",4,3.7,6,Prematurity - Discharge Summary | Otitis Media - Discharge Summary | Neonatal Discharge Summary,"Group B streptococcus exposure, but no sepsis.,3.",,,
acute on chronic,Acute on chronic,A sudden and severe worsening of a long-standing issue.,4,3.7,5,Death Summary - 2 | Death Summary | Discharge Summary,"Acute on chronic respiratory failure.,4.",,,
antibody,antibody,Antibodies are proteins that your body makes to fight off infections.,4,3.7,5,Neonatal Discharge Summary | Discharge Summary - Lymphoma | Discharge Summary - 17,"Prenatal labs were O positive, antibody negative, rubella immune, RPR nonreactive.",,,
atherosclerotic,Atherosclerotic,Plaque buildup in artery walls that can block blood flow.,4,3.7,5,Gastrointestinal Bleed - Discharge Summary | CVA - Discharge Summary | Discharge Summary - 1,"Atherosclerotic cardiovascular disease.,3.",,,
cardiovascular disease,cardiovascular disease,A condition that impacts the heart or blood vessels.,4,3.7,5,Gastrointestinal Bleed - Discharge Summary | ER Report - Chest Pain & Fever | CVA - Discharge Summary,"Atherosclerotic cardiovascular disease.,3.",,,
chf,CHF,The heart struggles to pump blood in CHF.,4,3.7,5,Lap Chole - Discharge Summary | Death Summary | COPD - Discharge Summary,The patient also had history of CHF in the past and recently had some workup done.,,,
exercise,exercise,Exercise is planned physical activity for a healthier body.,4,3.7,5,Occupational Therapy Discharge Summary | Falls - Discharge Summary | ER Report - Chest Pain & Fever,"Treatment consisted of neuromuscular reeducation including therapeutic exercise to improve range of motion, strength, and coordination; functional mobility training; self-care training; cognitive retraining; caregiver instruction; and home exercise program.",,,
extubated,extubated,Not having a breathing tube anymore.,4,3.7,5,Discharge Summary - 3 | Death Summary - 1 | Death Summary,She was extubated on 2/6 and put on BI-PAP.,,,
flatus,flatus,It's the passing of gas through the bottom.,4,3.7,5,Intrauterine Pregnancy - Discharge Summary | Discharge Summary - Nephrology | Discharge Summary - 4,She passed flatus.,,,
gastritis,gastritis,Inflammation and irritation of the stomach lining.,4,3.7,5,GI Bleed - Discharge Summary | Discharge Summary - 9 | Discharge Summary - 19,"A, which revealed erosive gastritis.",,,
liver function tests,Liver function tests,Blood tests to check how healthy the liver is.,4,3.7,5,Discharge Summary - 19 | Discharge Summary - 17 | Death Summary - 1,Liver function tests were normal.,,,
metoprolol,metoprolol,"A medicine that helps with chest pain, irregular heartbeats, and high blood pressure.",4,3.7,5,Gastrointestinal Bleed - Discharge Summary | ESRD - Discharge Summary | Discharge Summary,"He is continuing on his usual medications of Imdur, metoprolol, and Synthroid.",,,
nebulizer,nebulizer,A nebulizer is a tool that turns medicine into a mist for inhaling.,4,3.7,5,ORIF - Discharge Summary | Lap Chole - Discharge Summary | Discharge Summary - Mesothelioma,The patient was given nebulizer treatment and Lasix increased the same to resolve the problem.,,,
neurology,Neurology,"Doctors who focus on diseases of the brain, spinal cord, and nerves throughout the body.",4,3.7,5,Neurology - Discharge Summary | Multiple Medical Problems - Discharge Summary | Discharge Summary - 1,Neurology consultation was obtained.,,,
nursing,nursing,A nursing home provides care for elderly individuals who are not sick enough to require hospitalization.,4,3.7,5,ORIF - Discharge Summary | Hemiarthroplasty - Discharge Summary | Falls - Discharge Summary,"The patient will require nursing, physical therapy, occupational therapy, and social work consults.,DISCHARGE MEDICATIONS: , Resume home medications, but increase Lasix to 80 mg every morning, Lovenox 30 mg subcu daily x2 weeks, Vicodin 5/500 mg one to two every four to six hours p.r.n.",,,
patent,patent,Patent means an inventor has the exclusive rights to make and sell their unique invention.,4,3.7,5,Prematurity - Discharge Summary | Otitis Media - Discharge Summary | Cardio/Pulmo Discharge Summary,"Nose and throat are patent without palatal defect.,NECK: Supple without clavicular fracture.,LUNGS: Clear to auscultation.,HEART: Regular rate without murmur, click or gallop present.,EXTREMITIES: Pulses are 2/4 for brachial and femoral.",,,
perfused,perfused,When something has had fluid or blood running through it.,4,3.7,5,Mastoiditis - Discharge Summary | Discharge Summary - Respiratory Distress | Discharge Summary - Hip Surgery,"There is no hepatosplenomegaly or tenderness.,SKIN: Warm and well perfused.,DISCHARGE WEIGHT: , 38.7 kg.,DISCHARGE CONDITION: , Good.,DISCHARGE DIET:, Regular as tolerated.,DISCHARGE MEDICATIONS: ,1.",,,
renal failure,renal failure,Kidneys stop working in renal failure.,4,3.7,5,Pneumonia & COPD - Discharge Summary | Death Summary - 1 | Death Summary,"Acute renal failure on chronic renal failure on admission, now resolved.,HISTORY OF PRESENT ILLNESS:, Briefly, this is 73-year-old white male with history of multiple hospital admissions for COPD exacerbation and pneumonia who presented to the emergency room on 04/23/08, complaining of severe shortness of breath.",,,
review of systems,REVIEW OF SYSTEMS,Questions that ask patients about any symptoms they might be experiencing in different parts of their body.,4,3.7,5,Hip Surgery - Discharge Summar | Discharge Summary - Urology & Nephrology | Discharge Summary - Cerebral Palsy,"She had quit smoking cigarettes some 25 years ago and is a nondrinker.,REVIEW OF SYSTEMS:, As mentioned above.",,,
sign,sign,Sign means a clue that someone has a disease.,4,3.7,5,Pyelonephritis - Discharge Summary | Lap Chole - Discharge Summary | Hip Surgery - Discharge Summar,She also complained of right knee pain and the right knee showed no sign of effusion.,,,
thrombocytopenia,thrombocytopenia,Thrombocytopenia is when someone has low platelet levels in their blood.,4,3.7,5,Neonatal Discharge Summary - 1 | Discharge Summary - Hemodialysis | Death Summary - 1,"ADMITTING DIAGNOSES:, Respiratory distress syndrome, intrauterine growth restriction, thrombocytopenia, hypoglycemia, retinal immaturity.,HISTORY OF PRESENTING ILLNESS: , The baby is an ex-32 weeks small for gestational age infant with birth weight 1102.",,,
tubal ligation,tubal ligation,A surgery to close the tubes carrying eggs to prevent pregnancy.,4,3.7,5,Hysterectomy - Discharge Summary - 2 | Hysterectomy - Discharge Summary - 1 | Intrauterine Pregnancy - Discharge Summary,"ADMISSION DIAGNOSIS: , Microinvasive carcinoma of the cervix.,DISCHARGE DIAGNOSIS: , Microinvasive carcinoma of the cervix.,PROCEDURE PERFORMED: , Total vaginal hysterectomy.,HISTORY OF PRESENT ILLNESS: , The patient is a 36-year-old, white female, gravida 7, para 5, last period mid March, status post tubal ligation.",,,
vitamin d,vitamin D,A vitamin that helps your body use calcium for strong bones.,4,3.7,5,Multiple Medical Problems - Discharge Summary | Discharge Summary - Peripheral vascular disease | Discharge Summary - Multiple Trauma,"Calcium and vitamin D combination, calcium carbonate 500 mg/vitamin D 200 units one tab p.o.",,,
active,Active,Happening right now.,4,3.7,4,Otitis Media - Discharge Summary | Pneumonia - Discharge Summary | Neonatal Discharge Summary,Active bowel sounds.,,,
appendectomy,appendectomy,"A surgery to take out the appendix, a small pouch in the large intestine.",4,3.7,4,Hip Surgery - Discharge Summar | ER Report - Chest Pain & Fever | Discharge Summary - Hip Surgery,"Otherwise, she reports some intermittent right calf discomfort and some postoperative right hip pain.,ALLERGIES:, No known drug allergies.,PAST MEDICAL HISTORY:, Anxiety, depression, osteoarthritis, migraine headaches associated with menstrual cycle, history of sciatic pain in the distant past, history of herniated disc, and status post appendectomy.,MEDICATIONS: ,Medications taken at home are Paxil, MOBIC, and Klonopin.,MEDICATIONS ON TRANSFER: , Celebrex, Coumadin, Colace, Fiorinal, oxycodone, Klonopin, and Paxil.,FAMILY HISTORY:, Noncontributory.,SOCIAL HISTORY: , The patient is married.",,,
breath sounds,breath sounds,Sounds made by air moving in and out of the lungs as someone breathes.,4,3.7,4,Mastoiditis - Discharge Summary | COPD - Discharge Summary | Cardio/Pulmo Discharge Summary,"There is a large posterior chains node that is nontender and the swelling in this area has decreased markedly.,NECK: Supple.,CHEST: Clear breath sounds.,CARDIAC: Normal S1, S2 without murmur.,ABDOMEN: Soft.",,,
capillary,capillary,Capillaries are tiny blood vessels.,4,3.7,4,Discharge Summary - ATV Accident | Discharge Summary - Hip Surgery | Bronchiolitis - Discharge Summary,There was good capillary refill to the digits of the left hand.,,,
chronic pain,chronic pain,Long-lasting and worsening pain that can range from mild to severe over time.,4,3.7,4,Discharge Summary - Multiple Trauma | Discharge Summary - 18 | Cellulitis - Discharge Summary,He was on chronic pain medications as an outpatient.,,,
complication,complication,A complication is an issue that arises as a result of a sickness or medical intervention.,4,3.7,4,TAH - Discharge Summary | Hysterectomy - Discharge Summary | Discharge Summary - Nephrology,"On discharge, hemoglobin and hematocrit 7.9 and 25.2.,HOSPITAL COURSE AND TREATMENT: ,The patient was admitted to the surgical suite and taken to the operating room on 6/10/2009 where a total abdominal hysterectomy (TAH) with low intraoperative complication was performed.",,,
crackles,crackles,Sounds in your lungs that are like clicking or rattling noises.,4,3.7,4,Discharge Summary - Respiratory Failure | Discharge Summary - 19 | Death Summary - 2,"The patient will need a sleep study, which the nursing home will be able to set up.,PHYSICAL EXAMINATION:,VITAL SIGNS: On the day of discharge, heart rate 99, respiratory rate 20, blood pressure 102/59, temperature 98.2, O2 sat 97%.,GENERAL: A well-developed white male who appears in no apparent distress.,HEENT: Unremarkable.,CARDIOVASCULAR: Positive S1, S2 without murmur, rubs, or gallops.,LUNGS: Clear to auscultation bilaterally without wheezes or crackles.,ABDOMEN: Positive for bowel sounds.",,,
crp,CRP,A protein in your blood to show inflammation in your body.,4,3.7,4,Neonatal Discharge Summary | Kawasaki Disease - Discharge Summary | Gastroenteritis - Discharge Summary,"CBC, CRP, blood cultures were done.",,,
defect,defect,A defect is when something isn't working properly.,4,3.7,4,Prematurity - Discharge Summary | Discharge Summary - COPD | Cholecystitis - Discharge Summary,"Nose and throat are patent without palatal defect.,NECK: Supple without clavicular fracture.,LUNGS: Clear to auscultation.,HEART: Regular rate without murmur, click or gallop present.,EXTREMITIES: Pulses are 2/4 for brachial and femoral.",,,
degree,degree,A degree is a way to measure how wide an angle is.,4,3.7,4,Neck Pain - Discharge Summary | Knee Surgery - Discharge Summary | Discharge Summary - 19,"The patient underwent liver surgery and postoperatively her main issue was that of some degree of on and off right shoulder pain and some operative site soreness, which was treated well with IV morphine.",,,
dysuria,dysuria,Painful urination.,4,3.7,4,Knee Surgery - Discharge Summary | Hip Surgery - Discharge Summar | Hysterectomy - Discharge Summary,"She denies any urological symptoms such as dysuria, incomplete bladder emptying or other voiding difficulties.",,,
femoral,femoral,Related to the thigh bone.,4,3.7,4,Prematurity - Discharge Summary | Knee Arthroplasty - Discharge Summary | Discharge Summary - 19,"Nose and throat are patent without palatal defect.,NECK: Supple without clavicular fracture.,LUNGS: Clear to auscultation.,HEART: Regular rate without murmur, click or gallop present.,EXTREMITIES: Pulses are 2/4 for brachial and femoral.",,,
ferrous sulfate,ferrous sulfate,Ferrous sulfate is a type of iron supplement used to treat low iron levels in the blood.,4,3.7,4,TAH - Discharge Summary | Multiple Medical Problems - Discharge Summary | Discharge Summary - Multiple Trauma,constipation and ferrous sulfate 60 mg tablets 1 tablet p.o.,,,
frequent,frequent,Something that happens a lot or many times.,4,3.7,4,Pneumonia & COPD - Discharge Summary | Gastric Bypass Summary | Discharge Summary - ATV Accident,"He was subsequently treated successfully with supplemental oxygen provided by normal nasal cannula initially and subsequently changed to BiPAP.,HOSPITAL COURSE: ,The patient was admitted to the hospitalist service, treated with frequent small volume nebulizers, treated with IV Solu-Medrol and BiPAP support for COPD exacerbation.",,,
hematology,HEMATOLOGY,A medical field focusing on blood and bone diseases.,4,3.7,4,Neonatal Discharge Summary - 1 | Discharge Summary - Lymphoma | Discharge Summary - COPD,"At the time of admission to the ABCD, the patient was not on any antibiotics and his clinically condition has remained stable.,HEMATOLOGY: , The patient is status post phototherapy at Madera and was started on iron.,OPHTHALMOLOGY: , Exam on 07/17/2006 showed immature retina.",,,
infiltrates,infiltrates,Infiltrates - a collection of foreign substances or abnormal amounts of substances in a specific area.,4,3.7,4,Pneumonia & COPD - Discharge Summary | Pneumonia - Discharge Summary | Discharge Summary - 7,"On the day prior to discharge, the patient had a chest x-ray 2 views, which allowing for differences in technique revealed little change in the bibasilar infiltrates and atelectatic changes at the bases bilaterally.",,,
intubation,intubation,Putting a tube in the windpipe to help someone breathe.,4,3.7,4,Hip Surgery - Discharge Summar | Discharge Summary - 11 | Death Summary - 1,"She reports a low-grade temperature of 99 to 100 postoperatively, mild intermittent cough, scratchy throat, (the symptoms may be secondary to intubation during surgery), intermittent right calf pain, which was described as sharp, but momentary with a negative Homans sign.",,,
iron deficiency,iron deficiency,Not enough iron in the body causing tiredness and low red blood cell count.,4,3.7,4,Goldenhar Syndrome - Discharge Summary | Discharge Summary - Migraine | Discharge Summary - 17,"Anemia, probably iron deficiency.,HISTORY OF PRESENT ILLNESS:, This is a 10-week-old female infant who has Goldenhar syndrome and has a gastrostomy tube in place and a J-tube in place.",,,
lateral,lateral,Lateral means on or related to the side of the body or a body part.,4,3.7,4,Pneumonia & COPD - Discharge Summary | Discharge Summary - 6 | Discharge Summary - 1,He is agreeable to obtaining a chest x-ray PA and lateral after 2 weeks of treatment.,,,
lortab,Lortab,Pain reliever medicine used for moderate to severe pain relief.,4,3.7,4,Gastric Bypass Summary | Discharge Summary - Gastric Bypass | Cholecystitis - Discharge Summary,Scripts left in the chart for omeprazole and Lortab.,,,
mobility,mobility,Mobility means being able to move around.,4,3.7,4,Otitis Media - Discharge Summary | Occupational Therapy Discharge Summary | Discharge Summary - Gastric Bypass,He was doing clear liquids well and so I saline locked to help to accommodate improve the mobility with the patient.,,,
motrin,Motrin,"Motrin is a brand of medicine that helps with fever, swelling, and pain.",4,3.7,4,TAH - Discharge Summary | Hysterectomy - Discharge Summary - 2 | Intrauterine Pregnancy - Discharge Summary,Motrin 600 mg tablets 1 tablet p.o.,,,
murmurs,murmurs,Sounds in the heart caused by blood flow that can signal underlying health issues.,4,3.7,4,Otitis Media - Discharge Summary | ER Report - Chest Pain & Fever | Discharge Summary - Respiratory Distress,Heart is regular rate and rhythm without murmurs.,,,
neurological,NEUROLOGICAL,It's all about the brain and nervous system.,4,3.7,4,Prematurity - Discharge Summary | Falls - Discharge Summary | ER Report - Chest Pain & Fever,"No masses or organomegaly.,GENITALIA: Normal female, but the clitoris is not covered by the labia majora.,NEUROLOGICAL: The infant has good Moro, grasp, and suck reflexes.,INSTRUCTIONS FOR CONTINUING CARE,The infant will be discharged home.",,,
obese,obese,"Being obese means having too much body fat, which can lead to various health issues.",4,3.7,4,ER Report - Chest Pain & Fever | Discharge Summary - 6 | Cardio/Pulmo Discharge Summary,"Abdomen is soft, obese, and nontender.",,,
physical exam,PHYSICAL EXAM,Checking your body for signs of illness by a doctor.,4,3.7,4,Mullerian Adenosarcoma | Hysterectomy - Discharge Summary - 2 | Discharge Summary - Migraine,",HISTORY OF PRESENT ILLNESS: , The patient is a 56-year-old presenting with a large mass aborted through the cervix.,PHYSICAL EXAM:,CHEST: Clear.",,,
posterior,posterior,The posterior refers to the back of the body or an organ.,4,3.7,4,Mastoiditis - Discharge Summary | Leiomyosarcoma | Hemiarthroplasty - Discharge Summary,"There is a large posterior chains node that is nontender and the swelling in this area has decreased markedly.,NECK: Supple.,CHEST: Clear breath sounds.,CARDIAC: Normal S1, S2 without murmur.,ABDOMEN: Soft.",,,
radiology,Radiology,Radiology is a department in a hospital that uses imaging techniques to detect and treat diseases inside the body.,4,3.7,4,Discharge Summary - Urology & Nephrology | Discharge Summary - Respiratory Distress | Discharge Summary - 6,"ADMITTING DIAGNOSES:, Solitary left kidney with obstruction, and hypertension, and chronic renal insufficiency.,DISCHARGE DIAGNOSES: , Solitary left kidney with obstruction and hypertension and chronic renal insufficiency, plus a Pseudomonas urinary tract infection.,PROCEDURES: , Cystoscopy under anesthesia, ureteroscopy, an attempted tube placement, stent removal with retrograde pyelography, percutaneous tube placement, and nephrostomy by Radiology.,PERTINENT LABORATORIES: , Creatinine of 1.4.",,,
range of motion,range of motion,How much you can move a joint.,4,3.7,4,Occupational Therapy Discharge Summary | Discharge Summary - Urology & Nephrology | Cholestasis Of Pregnancy,"Treatment consisted of neuromuscular reeducation including therapeutic exercise to improve range of motion, strength, and coordination; functional mobility training; self-care training; cognitive retraining; caregiver instruction; and home exercise program.",,,
resolution,resolution,Getting resolved means improving or disappearing.,4,3.7,4,Multiple Medical Problems - Discharge Summary | Neck Pain - Discharge Summary | Intrauterine Pregnancy - Discharge Summary,"Her symptoms decreased and serial chest x-rays were followed, which showed some resolution of the illness.",,,
rhonchi,rhonchi,Sounds in your lungs that sound like snoring.,4,3.7,4,Otitis Media - Discharge Summary | Discharge Summary - 16 | CVA - Discharge Summary,"No rales, rhonchi or wheezes were noted.",,,
solution,Solution,"A solution is a liquid that has multiple substances mixed together, often used to describe a drug dissolved in a liquid.",4,3.7,4,Mastoiditis - Discharge Summary | Discharge Summary - Lymphoma | Discharge Summary - 19,"Ciprodex Otic Solution in the right ear twice daily.,2.",,,
support,support,Treatment that helps manage an illness but doesn't cure it.,4,3.7,4,Pneumonia & COPD - Discharge Summary | Neonatal Discharge Summary | Discharge Summary - Respiratory Failure,"He was subsequently treated successfully with supplemental oxygen provided by normal nasal cannula initially and subsequently changed to BiPAP.,HOSPITAL COURSE: ,The patient was admitted to the hospitalist service, treated with frequent small volume nebulizers, treated with IV Solu-Medrol and BiPAP support for COPD exacerbation.",,,
therapeutic,therapeutic,Aiding in achieving a positive result.,4,3.7,4,Occupational Therapy Discharge Summary | Knee Surgery - Discharge Summary | Discharge Summary - 17,"Treatment consisted of neuromuscular reeducation including therapeutic exercise to improve range of motion, strength, and coordination; functional mobility training; self-care training; cognitive retraining; caregiver instruction; and home exercise program.",,,
x-rays,x-rays,A picture that shows what's going on inside your body.,4,3.7,4,Discharge Summary - ATV Accident | Discharge Summary - 16 | Discharge Summary,This was confirmed with radiographic imaging showing that the chest and pelvis x-rays were negative for any acute injury and that the cervical spine x-ray was negative for fracture malalignment.,,,
methotrexate,methotrexate,"A drug used to treat cancer, rheumatoid arthritis, and severe skin conditions.",3,2.78,18,Pneumonia - Discharge Summary | Discharge Summary - Lymphoma | Discharge Summary - 7,She is on 20 mg of methotrexate every week as well as Remicade every eight weeks.,,,
debridement,debridement,Surgical procedure to remove infected or dead tissue from a wound.,3,2.78,14,Discharge Summary - Peripheral vascular disease | Discharge Summary - ATV Accident | Chronic Abscesses - Discharge Summary,"Extensive debridement of right below-knee amputation with debridement of skin, subcutaneous tissue, muscle, and bone on July 17, 2008.,2.",,,
headache,Headache,Pain in your head.,3,2.78,14,Neurology - Discharge Summary | Discharge Summary - Migraine | Discharge Summary - 14,"Headache, probably secondary to contusion.,FINAL DIAGNOSES:,1.",,,
coronary,coronary,Coronary means related to the blood vessels that nourish the heart.,3,2.78,10,Discharge Summary - 6 | CVA - Discharge Summary | Chest Pain & Respiratory Insufficiency,"ABC underwent a left heart catheterization, which revealed two vessel coronary artery disease.",,,
fibroid,fibroid,Non-cancerous growth commonly found in the uterus.,3,2.78,9,TAH - Discharge Summary | Hysterectomy - Discharge Summary - 1 | D&C - Discharge Summary,"Symptomatic fibroid uterus.,DISCHARGE DIAGNOSES:,1.",,,
cognitive,cognitive,"Thinking, problem solving, knowledge, and judgement.",3,2.78,8,Speech Therapy - Discharge Summary | Occupational Therapy Discharge Summary | Cognitive Linguistic Impairment - Discharge,"LONG-TERM GOALS:, Both functional and cognitive-linguistic ability to improve safety and independence at home and in the community.",,,
ldl,LDL,Bad cholesterol that can cause heart problems.,3,2.78,8,ER Report - Chest Pain & Fever | Discharge Summary - 6 | Discharge Summary - 1,"She denies any rashes or skin lesions.,PAST MEDICAL HISTORY: ,Hypertension, diabetes, hyperlipidemia, particularly elevated triglycerides with a slightly elevated LDL at 81 with an new standard LDL of 74, diabetics with a bad family history for cardiovascular disease such as this patient does have, and postmenopausal hot flashes.,PAST SURGICAL HISTORY: ,Cholecystectomy, appendectomy, oophorectomy.,FAMILY HISTORY: , Positive for coronary artery disease in her father and brother in their 40s.,SOCIAL HISTORY: , She is married and does not smoke or drink nor did she ever.,PHYSICAL EXAMINATION: , On admission, temperature 99.4 degrees F., blood pressure 137/60, pulse 90 and regular without ectopy, respiratory rate 20 without unusual respiratory effort.",,,
pleural effusion,Pleural effusion,Fluid around lungs.,3,2.78,8,Discharge Summary - Mesothelioma - 1 | Death Summary - 1 | CHF & Pleural Effusion - Discharge Summary,"PRINCIPAL DIAGNOSIS:, Mesothelioma.,SECONDARY DIAGNOSES:, Pleural effusion, atrial fibrillation, anemia, ascites, esophageal reflux, and history of deep venous thrombosis.,PROCEDURES,1.",,,
reflux,reflux,A burning sensation caused by stomach acid moving up the throat.,3,2.78,8,Hysterectomy - Discharge Summary - 1 | Discharge Summary - Mesothelioma - 1 | Discharge Summary - 10,"She has failed oral contraceptives and surgical therapy is planned.,PAST HISTORY: , Significant for reflux.,SURGICAL HISTORY: ,Tubal ligation.,PHYSICAL EXAMINATION: , A top normal sized uterus with normal adnexa.,LABORATORY VALUES: ,Her discharge hemoglobin is 12.4.,HOSPITAL COURSE: , She was taken to the operating room on 11/05/07 where a total vaginal hysterectomy was performed under general anesthesia.",,,
vaginal hysterectomy,vaginal hysterectomy,"A vaginal hysterectomy is a surgery to remove the uterus through the vagina, allowing for faster healing.",3,2.78,8,Hysterectomy - Discharge Summary - 2 | Hysterectomy - Discharge Summary - 1 | Hysterectomy - Discharge Summary,"ADMISSION DIAGNOSIS: , Microinvasive carcinoma of the cervix.,DISCHARGE DIAGNOSIS: , Microinvasive carcinoma of the cervix.,PROCEDURE PERFORMED: , Total vaginal hysterectomy.,HISTORY OF PRESENT ILLNESS: , The patient is a 36-year-old, white female, gravida 7, para 5, last period mid March, status post tubal ligation.",,,
bactrim,Bactrim,A medication used to treat infections caused by specific bacteria.,3,2.78,7,Urology Discharge Summary | Pyelonephritis - Discharge Summary | Multiple Medical Problems - Discharge Summary,"He is being discharged in satisfactory condition with a good urinary stream, minimal hematuria, and on Bactrim DS one a day for ten days with a standard postprostatic surgery instruction sheet.",,,
gastric bypass,gastric bypass,A surgery for weight loss that makes the stomach smaller.,3,2.78,7,Gastric Bypass Summary | Discharge Summary - Gastric Bypass | Cholecystitis - Discharge Summary,"Morbid obesity, status post laparoscopic Roux-en-Y gastric bypass.",,,
orthopedic,orthopedic,"Orthopedic means related to bones, joints, muscles, and tendons.",3,2.78,7,Discharge Summary - Multiple Trauma | Discharge Summary - ATV Accident | Discharge Summary - Hip Surgery,He did well from orthopedic standpoint.,,,
oxycodone,oxycodone,A drug for treating serious pain.,3,2.78,7,Knee Surgery - Discharge Summary | Hip Surgery - Discharge Summar | Discharge Summary - Peripheral vascular disease,She was switched from Percocet to oxycodone SR 20 mg b.i.d.,,,
thyroid,thyroid,A small gland in the neck that controls the body's metabolism.,3,2.78,7,Post Thyroidectomy - Discharge Summary | Knee Surgery - Discharge Summary | Discharge Summary - 15,"ADMISSION DIAGNOSIS: , Symptomatic thyroid goiter.,DISCHARGE DIAGNOSIS: ,Symptomatic thyroid goiter.,PROCEDURE PERFORMED DURING THIS HOSPITALIZATION: , Total thyroidectomy.,INDICATIONS FOR THE SURGERY: ,Briefly, the patient is a 71-year-old female referred with increasingly symptomatic large nodular thyroid goiter.",,,
carcinoma,carcinoma,A type of cancer that begins in epithelial cells and can develop in various parts of the body.,3,2.78,6,Hysterectomy - Discharge Summary - 2 | Death Summary - 1 | Discharge Summary,"ADMISSION DIAGNOSIS: , Microinvasive carcinoma of the cervix.,DISCHARGE DIAGNOSIS: , Microinvasive carcinoma of the cervix.,PROCEDURE PERFORMED: , Total vaginal hysterectomy.,HISTORY OF PRESENT ILLNESS: , The patient is a 36-year-old, white female, gravida 7, para 5, last period mid March, status post tubal ligation.",,,
congestion,congestion,Congestion happens when your nose gets stuffy and makes it hard to breathe.,3,2.78,6,Pneumonia & COPD - Discharge Summary | Discharge Summary | Bronchiolitis - Discharge Summary,The patient's chest x-ray on admission revealed some mild vascular congestion and bilateral pleural effusions that appeared to be unchanged.,,,
headaches,headaches,Headaches are when you have pain in your head.,3,2.78,6,Leiomyosarcoma | Knee Surgery - Discharge Summary | Hip Surgery - Discharge Summar,"History of subdural hematoma, also on admission the patient noted some mild intermittent headaches that were fleeting in nature, several a day that would resolve on their own.",,,
intervention,intervention,An intervention is a step taken to help treat or prevent illness or injury.,3,2.78,6,Multiple Medical Problems - Discharge Summary | Discharge Summary - 6 | Anterior Cervical Discectomy & Fusion - Discharge Summary,Neurology felt that the only necessary intervention at that time would be to increase her Lamictal to 150 mg in the morning and 100 mg in the evening with gradual increase of the dosage until she was on 200 mg b.i.d.,,,
menometrorrhagia,menometrorrhagia,"Excessive bleeding from the uterus, happening during periods and other times.",3,2.78,6,TAH - Discharge Summary | Hysterectomy - Discharge Summary - 1 | D&C - Discharge Summary,"Severe menometrorrhagia unresponsive to medical therapy.,2.",,,
parietal lobe,parietal lobe,A part of the brain that helps with understanding and processing sensory information.,3,2.78,6,CVA - Discharge Summary | Discharge Summary - 1 | Cardiac Transfer Summary,"Cerebrovascular accident with right arm weakness and MRI indicating acute/subacute infarct involving the left posterior parietal lobe without mass effect.,2.",,,
pleural,pleural,Having to do with the lining that covers the lungs.,3,2.78,6,Discharge Summary - Mesothelioma - 1 | Discharge Summary - Mesothelioma | Discharge Summary - 7,"PRINCIPAL DIAGNOSIS:, Mesothelioma.,SECONDARY DIAGNOSES:, Pleural effusion, atrial fibrillation, anemia, ascites, esophageal reflux, and history of deep venous thrombosis.,PROCEDURES,1.",,,
stroke,stroke,Brain injury caused by bleeding or blocked blood flow.,3,2.78,6,Lap Chole - Discharge Summary | Discharge Summary - 1 | Cognitive Linguistic Impairment - Discharge,"The patient also had Premarin that she was taking, advised to discontinue because of increased risk of heart disease and stroke explained to the patient.",,,
triglycerides,triglycerides,A type of fat made in the liver and present in the blood.,3,2.78,6,ER Report - Chest Pain & Fever | Discharge Summary - 6 | Discharge Summary - 1,"She denies any rashes or skin lesions.,PAST MEDICAL HISTORY: ,Hypertension, diabetes, hyperlipidemia, particularly elevated triglycerides with a slightly elevated LDL at 81 with an new standard LDL of 74, diabetics with a bad family history for cardiovascular disease such as this patient does have, and postmenopausal hot flashes.,PAST SURGICAL HISTORY: ,Cholecystectomy, appendectomy, oophorectomy.,FAMILY HISTORY: , Positive for coronary artery disease in her father and brother in their 40s.,SOCIAL HISTORY: , She is married and does not smoke or drink nor did she ever.,PHYSICAL EXAMINATION: , On admission, temperature 99.4 degrees F., blood pressure 137/60, pulse 90 and regular without ectopy, respiratory rate 20 without unusual respiratory effort.",,,
auditory,auditory,Related to hearing.,3,2.78,5,Psychiatric Discharge Summary | Discharge Summary - Migraine | Cognitive Linguistic Impairment - Discharge,The patient denied auditory hallucinations.,,,
ciprofloxacin,ciprofloxacin,Ciprofloxacin is a medication that is used to treat bacterial infections.,3,2.78,5,Discharge Summary - Urology & Nephrology | Discharge Summary - Urology | Discharge Summary - Cholelithiasis,"During the hospitalization it was decreased to 0.8 and Pseudomonas urinary tract infection, positive culture sensitive to ceftazidime and ciprofloxacin.,HISTORY OF PRESENT ILLNESS: ,The patient is a 3-1/2-year-old boy with a solitary kidney, had a ureteropelvic junction repair performed by Dr.",,,
complex,complex,Complex means not simple.,3,2.78,5,Speech Therapy - Discharge Summary - 1 | Discharge Summary - Urology | Cellulitis - Discharge Summary,"She has made great strides; however, with her receptive communication, she is able to read words as well as short phrases and able to point to named objects and answer simple-to-moderate complex yes-no questions.",,,
epigastric,epigastric,In the upper middle part of the belly.,3,2.78,5,Pancreatic Mass - Discharge Summary | Lap Chole - Discharge Summary | Discharge Summary - 9,He had epigastric pain and was admitted to the hospital.,,,
excision,excision,Excision means cutting out something from your body through surgery.,3,2.78,5,D&C - Discharge Summary | Chronic Abscesses - Discharge Summary | Back Pain - Discharge Summary,"Myomectomy.,COMPLICATIONS: , Large endometrial cavity fibroid requiring careful dissection and excision.,BLOOD TRANSFUSIONS: , Two units of packed red blood cells.,INFECTION: , None.,SIGNIFICANT LAB AND X-RAY: , Posttransfusion of the 2nd unit showed her hematocrit of 25, hemoglobin of 8.3.,HOSPITAL COURSE AND TREATMENT: , The patient was admitted to the surgical suite and taken to the operating room where a dilatation and curettage (D&C) was performed.",,,
gastric,gastric,Related to the stomach.,3,2.78,5,Gastrointestinal Bleed - Discharge Summary | Discharge Summary - 9 | Discharge Summary - 10,He apparently had an NG tube placed in the emergency room with gastric aspirate revealing no blood.,,,
head injury,head injury,"An injury to the head, including the skull, brain, and blood vessels, that may also affect the neck spine.",3,2.78,5,Neurology - Discharge Summary | Discharge Summary - Multiple Trauma | Discharge Summary - ATV Accident,"Closed head injury and history of fall.,3.",,,
insomnia,insomnia,"Trouble falling and staying asleep, leading to insufficient or poor-quality sleep.",3,2.78,5,Knee Surgery - Discharge Summary | Discharge Summary - Multiple Trauma | Discharge Summary - 13,"At one point, the patient reported some insomnia due to right knee pain.",,,
mrsa,MRSA,"A type of tough bacteria that can cause serious infections in humans, often resistant to many antibiotics.",3,2.78,5,Multiple Medical Problems - Discharge Summary | Discharge Summary | Cellulitis - Discharge Summary,"The Infectious Disease specialist recommended vancomycin to cover MRSA bacteria, which was found at the J-tube site.",,,
nursing home,nursing home,A nursing home is a place where elderly individuals receive care for their health needs when they do not require hospitalization.,3,2.78,5,Hypothermia - Discharge Summary | Discharge Summary - Respiratory Failure | Discharge Summary - 12,"Y, an internist, we will accept him once we have a nursing home available to him.",,,
obstructive,Obstructive,When something is in the way or blocking something else.,3,2.78,5,Gastric Bypass Summary | Discharge Summary - 11 | CVA - Discharge Summary,"Obstructive sleep apnea, on CPAP.,OPERATION AND PROCEDURE: , Laparoscopic Roux-en-Y gastric bypass.,BRIEF HOSPITAL COURSE SUMMARY: ,This is a 30-year-old male, who presented recently to the Bariatric Center for evaluation and treatment of longstanding morbid obesity and associated comorbidities.",,,
patch,patch,A patch is like a band-aid for non-living things that helps fix a small problem.,3,2.78,5,Pancreatic Mass - Discharge Summary | Multiple Medical Problems - Discharge Summary | Discharge Summary - Multiple Trauma,"Duragesic patch 100 mcg q.3.d.,3.",,,
radiculopathy,radiculopathy,Radiculopathy is when you have pain from a pinched nerve.,3,2.78,5,Neck Pain - Discharge Summary | Back & Leg Pain - Discharge Summary | Anterior Cervical Discectomy & Fusion - Discharge Summary,"Neck pain with right upper extremity radiculopathy.,2.",,,
rales,rales,Rales are sounds like clicking or crackling that can be heard in the lungs.,3,2.78,5,Otitis Media - Discharge Summary | COPD - Discharge Summary | Cardio/Pulmo Discharge Summary,"No rales, rhonchi or wheezes were noted.",,,
sleep apnea,sleep apnea,A condition where breathing repeatedly stops and starts while sleeping.,3,2.78,5,Gastric Bypass Summary | Discharge Summary - 11 | Cholecystitis - Discharge Summary,"Obstructive sleep apnea, on CPAP.,OPERATION AND PROCEDURE: , Laparoscopic Roux-en-Y gastric bypass.,BRIEF HOSPITAL COURSE SUMMARY: ,This is a 30-year-old male, who presented recently to the Bariatric Center for evaluation and treatment of longstanding morbid obesity and associated comorbidities.",,,
tachycardia,tachycardia,When your heart races faster than usual.,3,2.78,5,Discharge Summary - 4 | Cholestasis Of Pregnancy | Cardio/Pulmo Discharge Summary,The patient was observed closely in the ICU for one day postoperatively for persistent tachycardia after extubation.,,,
thoracentesis,thoracentesis,Medical procedure where a needle is used to remove excess fluid from the chest.,3,2.78,5,Discharge Summary - Mesothelioma - 1 | Discharge Summary - 17 | CHF & Pleural Effusion - Discharge Summary,"On August 20, 2007, thoracentesis.,3.",,,
tissue,tissue,A group of cells that work together to form body structures and organs.,3,2.78,5,Discharge Summary - Urology | Discharge Summary - Peripheral vascular disease | Discharge Summary - 1,"Pathology on this specimen showed multiple portions of prostatic tissue which was primarily fibromuscular, and he was diagnosed with nonprostatic hyperplasia.",,,
trauma,trauma,Trauma is when something really bad happens and it can hurt you in your body or mind.,3,2.78,5,Discharge Summary - Multiple Trauma | Discharge Summary - ATV Accident | Discharge Summary - Hip Surgery,"ADMITTING DIAGNOSIS:, Aftercare of multiple trauma from an motor vehicle accident.,DISCHARGE DIAGNOSES:,1.",,,
unresponsive,unresponsive,Not awake and not reacting to anything.,3,2.78,5,TAH - Discharge Summary | Death Summary - 2 | D&C - Discharge Summary,"Severe menometrorrhagia unresponsive to medical therapy.,2.",,,
vaginal,vaginal,The channel that joins the uterus to the external world.,3,2.78,5,Neonatal Discharge Summary | Hysterectomy - Discharge Summary - 1 | Ectopic Pregnancy - Discharge Summary,"HOSPITAL COURSE:, The patient is an 1812 g baby boy born by vaginal delivery to a 32-year-old gravida 3, para 2 at 34 weeks of gestation.",,,
alternative,alternative,Another choice or possibility.,3,2.78,4,Speech Therapy - Discharge Summary - 1 | Discharge Summary - Hip Surgery | Discharge Summary - 18,"An alternative communication device was discussed with the patient and her husband, but at this time, the patient does not want to utilize a communication device.",,,
ambulation,ambulation,Walking or moving around.,3,2.78,4,Mullerian Adenosarcoma | BRCA-2 mutation | Abscess with Cellulitis - Discharge Summary,"She was discharged on the morning of the seventh postoperative day.,OPERATIONS: , July 25, 2006: Total abdominal hysterectomy, bilateral salpingo-oophorectomy.,DISCHARGE CONDITION: , Stable., ,PLAN: , The patient will remain at rest initially with progressive ambulation thereafter.",,,
amoxicillin,amoxicillin,A medication for bacterial infections.,3,2.78,4,Discharge Summary - Respiratory Distress | Discharge Summary - 16 | Back Pain - Discharge Summary,"Given these results, which she is to treat the pneumonia as bacterial and discharge the child with amoxicillin and Zithromax.,He was taken off of continuous and he was not on room air all night.",,,
angiogram,angiogram,An angiogram is a picture of your blood vessels and how blood moves through them using x-rays or a computer.,3,2.78,4,Discharge Summary - 9 | Discharge Summary - 6 | Chest Pain & Respiratory Insufficiency,"XYZ in consultation who recommended that the patient should have a small bowel follow through and eventually angiogram as an outpatient.,2.",,,
asthma,asthma,Breathing condition caused by spasms in the airways.,3,2.78,4,GI Bleed - Discharge Summary | Discharge Summary - Respiratory Distress | Back Pain - Discharge Summary,"The patient was admitted to ABCD for further evaluation.,PAST MEDICAL HISTORY: ,Significant for atrial fibrillation, hypertension, osteoarthritis of the knees, hypercholesterolemia, non-insulin-dependent diabetes mellitus, asthma, and hypothyroidism.,PHYSICAL EXAMINATION:,GENERAL: The patient is in no acute distress.,VITAL SIGNS: Stable.,HEENT: Benign.,NECK: Supple.",,,
atelectasis,atelectasis,The lung partly or completely collapses.,3,2.78,4,Discharge Summary - Respiratory Distress | Discharge Summary - Peripheral vascular disease | Discharge Summary - Lymphoma,"An x-ray was without infiltrate on initial review by the hospitalist, but there was a right upper lobe infiltrate versus atelectasis per the official radiology reading.",,,
basilar,basilar,A blood vessel in the brain.,3,2.78,4,Discharge Summary - Respiratory Distress | Death Summary - 2 | Cardio/Pulmo Discharge Summary,"In the morning, he still had some bilateral wheezing, but no tachypnea.,DISCHARGE PHYSICAL EXAMINATION: , ,GENERAL: No acute distress, running around the room.,HEENT: Oropharynx moist and clear.,NECK: Supple without lymphadenopathy, thyromegaly or masses.,CHEST: Bilateral basilar wheezing.",,,
cns,CNS,The CNS is the brain and spinal cord.,3,2.78,4,Neonatal Discharge Summary - 1 | Discharge Summary - Lymphoma | Discharge Summary - 19,"The lab showing normal antegrade flow across the right coronary artery as well as the left main and left anterior descending coronary artery, then the circumflex coronary artery.,CNS:, Infant had a head ultrasound done to rule out intracranial abnormalities and intracranial hemorrhage.",,,
community,Community,Community means a group of people.,3,2.78,4,Psychiatric Discharge Summary | Speech Therapy - Discharge Summary | Pneumonia & COPD - Discharge Summary,The patient was discharged to return home to her parents and was referred to Community Mental Health Agencies.,,,
continuous,continuous,Continuous means something that never stops or has interruptions.,3,2.78,4,Leiomyosarcoma | Knee Osteoarthrosis - Discharge Summary | Discharge Summary - Respiratory Distress,"XYZ for cycle six of continuous IV infusion Cytoxan, Adriamycin, and DTIC, which she tolerated well.,2.",,,
cpap,CPAP,A CPAP machine is a treatment that helps keep your airways open by gently blowing air into your nose and mouth.,3,2.78,4,Prematurity - Discharge Summary | Gastric Bypass Summary | Discharge Summary - 11,"The infant delivered vaginally, had a double nuchal cord and required CPAP and free flow oxygen.",,,
diabetes mellitus type 2,diabetes mellitus type 2,Type 2 diabetes is a condition where the body struggles to regulate blood sugar levels properly.,3,2.78,4,ORIF - Discharge Summary | ER Report - Chest Pain & Fever | Discharge Summary - COPD,"X and to Internal Medicine for management of multiple medical problems including hypothyroid, diabetes mellitus type 2, bronchitis, and congestive heart failure.,HOSPITAL COURSE: , The patient was admitted and consented for operation, and taken to the operating room for open reduction and internal fixation of right Schatzker III tibial plateau fracture and partial medial meniscectomy performed without incidence.",,,
dialysis,dialysis,Using a machine to clean waste from the blood when the kidneys are not functioning as they should.,3,2.78,4,Renal Disease - Discharge Summary | Lap Chole - Discharge Summary | Discharge Summary - Hemodialysis,Nephrology was able to perform dialysis on the patient and Renal concurred that the presyncopal symptoms were likely due to decreased intravascular volume in the postdialytic time frame.,,,
fetal,fetal,Related to a baby that has not been born yet.,3,2.78,4,Neonatal Discharge Summary - 1 | Intrauterine Pregnancy - Discharge Summary | Cholestasis Of Pregnancy,She was evaluated for evolving preeclampsia and had a C-section secondary to the nonreassuring fetal status.,,,
gait,gait,How a person walks.,3,2.78,4,Knee Osteoarthrosis - Discharge Summary | Discharge Summary - Urology & Nephrology | Discharge Summary - Migraine,"Examination of her gait reveals she walks without assistive devices.,HEENT: Normocephalic and atraumatic.,CHEST: Clear to auscultation.,CARDIOVASCULAR: Regular rate and rhythm.,ABDOMEN: Soft.,EXTREMITIES: Grossly neurovascularly intact.,HOSPITAL COURSE: , The patient was taken to the operating room (OR) on 03/15/2007.",,,
genitourinary,GENITOURINARY,Important body parts involved in sex and peeing.,3,2.78,4,Discharge Summary - Respiratory Distress | Discharge Summary - 8 | Bronchiolitis - Discharge Summary,"Nontender to palpation.,GENITOURINARY: Deferred.,EXTREMITIES: Warm and well perfused.,DISCHARGE INSTRUCTIONS:, As follows:,1.",,,
hdl,HDL,It's a good cholesterol that takes bad stuff away.,3,2.78,4,ER Report - Chest Pain & Fever | Discharge Summary - 6 | Discharge Summary - 1,"Lipid panel - triglycerides 249, VLDL 49, HDL 33, LDL 81.,COURSE IN THE HOSPITAL: , The patient was placed on home medications.",,,
heart murmur,heart murmur,A heart murmur is a weird sound that your doctor can hear when they listen to your heart.,3,2.78,4,Mullerian Adenosarcoma | Bronchiolitis - Discharge Summary | BRCA-2 mutation,"There is no heart murmur.,ABDOMEN: Nontender.,PELVIC: There is a large mass in the vagina.",,,
hemoglobin and hematocrit,hemoglobin and hematocrit,A measure of red blood cell count showing if the patient might have anemia.,3,2.78,4,TAH - Discharge Summary | Gastroenteritis - Discharge Summary | Discharge Summary - COPD,"Extensive adenomyosis by pathological report.,OPERATION PERFORMED: , On 6/10/2009 total abdominal hysterectomy (TAH).,COMPLICATIONS:, None.,BLOOD TRANSFUSIONS: , None.,INFECTIONS: , None.,SIGNIFICANT LAB AND X-RAY: , On admission hemoglobin and hematocrit was 10.5 and 32.8 respectively.",,,
hypercholesterolemia,hypercholesterolemia,Having lots of cholesterol in your blood can raise your chances of having a heart attack or stroke.,3,2.78,4,GI Bleed - Discharge Summary | Falls - Discharge Summary | Discharge Summary - 1,"The patient was admitted to ABCD for further evaluation.,PAST MEDICAL HISTORY: ,Significant for atrial fibrillation, hypertension, osteoarthritis of the knees, hypercholesterolemia, non-insulin-dependent diabetes mellitus, asthma, and hypothyroidism.,PHYSICAL EXAMINATION:,GENERAL: The patient is in no acute distress.,VITAL SIGNS: Stable.,HEENT: Benign.,NECK: Supple.",,,
hysterectomy,hysterectomy,Surgery to remove part or all of the uterus for medical reasons like heavy bleeding or growths.,3,2.78,4,TAH - Discharge Summary | Mullerian Adenosarcoma | BRCA-2 mutation,"Extensive adenomyosis by pathological report.,OPERATION PERFORMED: , On 6/10/2009 total abdominal hysterectomy (TAH).,COMPLICATIONS:, None.,BLOOD TRANSFUSIONS: , None.,INFECTIONS: , None.,SIGNIFICANT LAB AND X-RAY: , On admission hemoglobin and hematocrit was 10.5 and 32.8 respectively.",,,
incisional,incisional,A medical cut in the body during surgery.,3,2.78,4,TAH - Discharge Summary | Cholecystitis - Discharge Summary | Back Pain - Discharge Summary,"On the 4th postoperative day, the patient was complaining of pain in her back and abdomen as well as incisional wound tenderness.",,,
lumbar,lumbar,Lumbar means it relates to the lower back.,3,2.78,4,Discharge Summary - Hemodialysis | Discharge Summary - Migraine | Back Pain - Discharge Summary,"The patient was found to have lumbar diskitis and was going to require extensive antibiotic therapy, which was the cause of need for continued hospitalization.",,,
moderately,moderately,"In the middle, not too extreme.",3,2.78,4,Otitis Media - Discharge Summary | Goldenhar Syndrome - Discharge Summary | Discharge Summary - 17,"He was noted to have some increased workup of breathing and parents returned to the office on the day of admission.,PAST MEDICAL HISTORY: , Significant for being born at 33 weeks' gestation with a birth weight of 5 pounds and 1 ounce.,PHYSICAL EXAMINATION: , On exam, he was moderately ill appearing and lethargic.",,,
monitored,monitored,Keep an eye on someone to see how they are progressing.,3,2.78,4,Hysterectomy - Discharge Summary | Gastric Bypass Summary | Discharge Summary - 17,"The patient was monitored in the hospital, 2 days postoperatively.",,,
musculoskeletal,musculoskeletal,"The muscles, bones, and other body structures that form our internal framework.",3,2.78,4,Occupational Therapy Discharge Summary | ER Report - Chest Pain & Fever | Discharge Summary - Respiratory Failure,"DIAGNOSES: , Traumatic brain injury, cervical musculoskeletal strain.,DISCHARGE SUMMARY: , The patient was seen for evaluation on 12/11/06 followed by 2 treatment sessions.",,,
numbness,numbness,"When you can't feel a part of your body, that's numbness.",3,2.78,4,Discharge Summary - 1 | Back Pain - Discharge Summary | Anterior Cervical Discectomy & Fusion - Discharge Summary,"on March 26 with the sudden onset of right-sided weakness of his arm, hand, leg and foot and also with a right facial droop, right hand numbness on the dorsal side, left face numbness and slurred speech.",,,
oncology,Oncology,The study and treatment of cancer.,3,2.78,4,Discharge Summary - Mesothelioma | Discharge Summary - 5 | Discharge Summary - 4,"Radiation Oncology.,2.",,,
operative,OPERATIVE,Dealing with surgeries.,3,2.78,4,Neck Pain - Discharge Summary | Discharge Summary - 4 | Cholestasis Of Pregnancy,"Cervical spondylosis with herniated nucleus pulposus C4-C5, C5-C6, and C6-C7 with stenosis.,OPERATIVE PROCEDURES,1.",,,
small bowel,small bowel,It's a long tube that helps digest food connecting the stomach to the large intestine.,3,2.78,4,Discharge Summary - Respiratory Failure | Discharge Summary - 9 | Cholecystitis - Discharge Summary,"End-stage liver disease.,HISTORY AND HOSPITAL COURSE: ,The patient was admitted after undergoing a drawn out process with a small bowel obstruction.",,,
stents,stents,Small tubes put in your body to keep things open.,3,2.78,4,Discharge Summary - 9 | Discharge Summary - 6 | Discharge Summary - 4,"History of coronary artery disease/angioplasty and stents.,7.",,,
systemic,Systemic,Systemic means something that has an impact on the whole body.,3,2.78,4,Pneumonia & COPD - Discharge Summary | Discharge Summary - Respiratory Distress | COPD - Discharge Summary,"Systemic inflammatory response syndrome.,4.",,,
trace,trace,A trace is just a tiny bit of something.,3,2.78,4,Discharge Summary - 19 | Discharge Summary - 5 | Discharge Summary - 14,"Urinalysis revealed trace protein, trace blood, and 10-20 WBCs.",,,
urinary,urinary,Dealing with urine or the body parts responsible for making it.,3,2.78,4,Urology Discharge Summary | Hip Surgery - Discharge Summar | Discharge Summary - Cerebral Palsy,"He is being discharged in satisfactory condition with a good urinary stream, minimal hematuria, and on Bactrim DS one a day for ten days with a standard postprostatic surgery instruction sheet.",,,
ace inhibitor,ACE inhibitor,A drug that helps lower high blood pressure.,3,2.78,3,Discharge Summary - 3 | CHF & Pleural Effusion - Discharge Summary | Chest Pain & Respiratory Insufficiency,"On admission her potassium had risen slightly to 5.5, and hence her ACE inhibitor had to be discontinued.",,,
aggressive,aggressive,Spreading quickly and growing fast.,3,2.78,3,Discharge Summary - Hemodialysis | Discharge Summary - 3 | Discharge Summary - 17,"He did have some bouts of issues with constipation on and off throughout his hospitalization, but this seemed to come under control with more aggressive management.",,,
anion,anion,A particle that carries a negative charge.,3,2.78,3,Knee Surgery - Discharge Summary | Hip Surgery - Discharge Summar | Discharge Summary - 15,"Creatinine was 0.8, BUN was 8, anion gap was slightly decreased at 5, fasting glucose was 102.",,,
aortic valve,Aortic valve,A part in the heart that controls blood flow.,3,2.78,3,Discharge Summary - 12 | Death Summary | COPD - Discharge Summary,"Aortic valve stenosis.,2.",,,
assessment,assessment,Assessment is a way to find out about a patient's health.,3,2.78,3,Lap Chole - Discharge Summary | Discharge Summary - 19 | Back Pain - Discharge Summary,"The patient's initial assessment, the patient's vital signs were stable, showed temperature 97.9, pulse was 106, and blood pressure was 156/85.",,,
blood transfusions,BLOOD TRANSFUSIONS,When someone receives blood or parts of blood as a treatment to replace what was lost.,3,2.78,3,TAH - Discharge Summary | Discharge Summary - Hip Surgery | D&C - Discharge Summary,"Extensive adenomyosis by pathological report.,OPERATION PERFORMED: , On 6/10/2009 total abdominal hysterectomy (TAH).,COMPLICATIONS:, None.,BLOOD TRANSFUSIONS: , None.,INFECTIONS: , None.,SIGNIFICANT LAB AND X-RAY: , On admission hemoglobin and hematocrit was 10.5 and 32.8 respectively.",,,
bmp,BMP,"A blood test that checks electrolytes, sugar levels, and fluid balance.",3,2.78,3,Discharge Summary - Hip Surgery | Discharge Summary - 6 | Discharge Summary - 16,"Distal pulses were present.,PREDISCHARGE LABORATORY FINDINGS: , White count of 10.9, hemoglobin of 9.5, and BMP is pending.,DISCHARGE INSTRUCTIONS: , Continue diet as before.,ACTIVITY: , Weightbearing as tolerated in the right lower extremity as instructed.",,,
bowel movements,bowel movements,Getting rid of waste through your butt.,3,2.78,3,Gastroenteritis - Discharge Summary | Discharge Summary - Nephrology | Cholestasis Of Pregnancy,"This patient presented with periumbilical abdominal pain with nausea, vomiting, and diarrhea for the past 3 days and four to five watery bowel movements a day with symptoms progressively getting worse.",,,
bronchodilator,bronchodilator,A bronchodilator is medicine that helps you breathe easier by opening up your airways.,3,2.78,3,Discharge Summary - COPD | Discharge Summary - 3 | Cardio/Pulmo Discharge Summary,"The patient started on IV steroid, bronchodilator as well as antibiotics.,He also complained of chest pain that appears to be more pleuritic with history of coronary artery disease and orthopnea.",,,
bronchoscopy,bronchoscopy,A medical test where doctors look inside your lungs using a special tube.,3,2.78,3,Discharge Summary - Mesothelioma | Discharge Summary - 7 | Death Summary - 1,"Flexible bronchoscopy.,2.",,,
calorie,calorie,Calories are a way to measure how much energy is in your food.,3,2.78,3,GI Bleed - Discharge Summary | ER Report - Chest Pain & Fever | Cardio/Pulmo Discharge Summary,"Asthma.,CONDITION UPON DISCHARGE: , Stable.,MEDICATIONS: , Feosol 325 mg daily, multivitamins one daily, Protonix 40 mg b.i.d., KCl 20 mEq daily, Lasix 40 mg b.i.d., atenolol 50 mg daily, Synthroid 80 mcg daily, Actos 30 mg daily, Mevacor 40 mg daily, and lisinopril 20 mg daily.,ALLERGIES:, None.,DIET: , 1800-calorie ADA.,ACTIVITY: , As tolerated.,FOLLOWUP: , The patient to hold Coumadin through weekend.",,,
chronic disease,chronic disease,An illness that sticks around for a long time.,3,2.78,3,Hypothermia - Discharge Summary | Discharge Summary - Respiratory Failure | CHF & Pleural Effusion - Discharge Summary,"Anemia of chronic disease.,HOSPITAL COURSE: ,The patient was admitted through the emergency room.",,,
clubbing,clubbing,Clubbing is when the ends of your fingers or toes get puffy and rounded.,3,2.78,3,ESRD - Discharge Summary | Discharge Summary - Respiratory Failure | Back Pain - Discharge Summary,"End-stage renal disease.,PAST SURGICAL HISTORY: , Coronary artery bypass graft x5 in 1995 and cadaveric renal transplant in 1996.,SOCIAL HISTORY: ,The patient denies tobacco or ethanol use.,FAMILY HISTORY:, Hypertension.,PHYSICAL EXAMINATION: ,GENERAL: The patient was alert and oriented x3 in no acute distress, healthy-appearing male.,VITAL SIGNS: Temperature 96.6, blood pressure 166/106, heart rate 83, respiratory rate 18, and saturations 96% on room air.,CARDIOVASCULAR: Regular rate and rhythm.,PULMONARY: Clear to auscultation bilaterally.,ABDOMEN: Soft, nontender, and nondistended with positive bowel sounds.,EXTREMITIES: No clubbing, cyanosis, or edema.,PERTINENT LABORATORY DATA: , White blood cell count 6.4, hematocrit 34.6, and platelet count 182.",,,
comorbidities,comorbidities,When someone has multiple health issues or diseases simultaneously.,3,2.78,3,Gastric Bypass Summary | Discharge Summary - Hip Surgery | Discharge Summary - 6,"Obstructive sleep apnea, on CPAP.,OPERATION AND PROCEDURE: , Laparoscopic Roux-en-Y gastric bypass.,BRIEF HOSPITAL COURSE SUMMARY: ,This is a 30-year-old male, who presented recently to the Bariatric Center for evaluation and treatment of longstanding morbid obesity and associated comorbidities.",,,
complaint,complaint,A complaint is when a patient talks about their illness or problem.,3,2.78,3,Discharge Summary - Cholelithiasis | Discharge Summary - 17 | Discharge Summary,ABC is a 27-year-old woman who apparently presented with complaint of symptomatic cholelithiasis.,,,
diffusely,diffusely,Spread out all over the place.,3,2.78,3,Discharge Summary - Peripheral vascular disease | Discharge Summary - Migraine | Discharge Summary - 14,A chest x-ray revealed bilateral pleural effusions and bibasilar atelectasis in addition to some pulmonary edema diffusely.,,,
distal pulses,distal pulses,"Pulses felt in areas farther from the chest, like the wrists and ankles.",3,2.78,3,Discharge Summary - ATV Accident | Discharge Summary - Hip Surgery | Discharge Summary - 6,"However, frequent checks of his distal pulses indicated that he had strong peripheral pulses in the left upper extremity.",,,
diverticulosis,diverticulosis,Diverticulosis is when pockets develop in the intestines.,3,2.78,3,GI Bleed - Discharge Summary | Discharge Summary - Peripheral vascular disease | Discharge Summary - 14,"Colonoscopy did reveal diverticulosis as well as polyp, which was resected.",,,
doxycycline,doxycycline,A medication that treats various infections and acne.,3,2.78,3,Discharge Summary - 8 | Cellulitis - Discharge Summary | Back Pain - Discharge Summary,"A thought of ours was to add doxycycline, but again the patient clinically appeared to be responding to the levofloxacin.",,,
drains,drains,Drains: Removing excess fluid from a body cavity or wound.,3,2.78,3,Gastric Bypass Summary | Goldenhar Syndrome - Discharge Summary | Cholecystitis - Discharge Summary,"He had his drains removed today as well.,DISCHARGE INSTRUCTIONS: , Include re-appointment in the office in the next week, call in the interim if any significant concerning complaints.",,,
episodic,episodic,"An episodic event is something that happens sporadically, not consistently.",3,2.78,3,Pneumonia & COPD - Discharge Summary | Discharge Summary - Multiple Trauma | Discharge Summary - Hemodialysis,"Atrial fibrillation with episodic rapid ventricular rate, now rate control.,8.",,,
exercises,exercises,Structured physical activities done to improve or maintain health and fitness.,3,2.78,3,Laryngitis - Discharge | Knee Arthroplasty - Discharge Summary | Back Pain - Discharge Summary,"To be independent with relaxation and stretching exercises and Lessac-Madsen Resonant Voice Therapy Protocol.,2.",,,
filling,filling,A filling is something dentists use to fix a cavity in a tooth.,3,2.78,3,Discharge Summary - 9 | Cholecystitis - Discharge Summary | Chronic Abscesses - Discharge Summary,"There was some pseudo normal pattern of filling, mild MR and global hypokinesis of the LV.,3.",,,
followed up,followed up,Going back to the doctor for an appointment later on.,3,2.78,3,ESRD - Discharge Summary | Discharge Summary - 16 | Cardiac Transfer Summary,"The patient will be followed up in the Transplant Clinic at ABCD tomorrow, at which time, his labs will be rechecked.",,,
frequency,frequency,How often something happens.,3,2.78,3,Hip Surgery - Discharge Summar | Discharge Summary - Cerebral Palsy | Back Pain - Discharge Summary,"She denies urinary symptoms such as dysuria, urinary frequency, incomplete bladder emptying or voiding difficulties.",,,
gestation,gestation,How long a baby has been growing in a woman's belly.,3,2.78,3,Prematurity - Discharge Summary | Otitis Media - Discharge Summary | Neonatal Discharge Summary,"Prematurity, 34 weeks' gestation, now 5 days old.,2.",,,
heparin,Heparin,A medicine that helps prevent the formation of blood clots.,3,2.78,3,Renal Disease - Discharge Summary | Gastric Bypass Summary | Discharge Summary - Lymphoma,Heparin 5000 units q.8h.,,,
imaging,imaging,Taking pictures from the inside of the body.,3,2.78,3,Neck Pain - Discharge Summary | Discharge Summary - Urology | Discharge Summary - ATV Accident,"The patient had imaging studies that showed evidence of cervical spondylosis with herniated disk and stenosis at C4-C5, C5-C6 and C6-C7.",,,
inflammation,inflammation,"Your body's reaction to cell injury, characterized by swelling, redness, or pain.",3,2.78,3,Leiomyosarcoma | Gastroenteritis - Discharge Summary | Chronic Abscesses - Discharge Summary,MRI showed inflammation and was thought to be secondary to rheumatoid arthritis.,,,
injection,injection,To inject means to use a needle to put a drug into the body.,3,2.78,3,Prematurity - Discharge Summary | Chronic Abscesses - Discharge Summary | Anterior Cervical Discectomy & Fusion - Discharge Summary,Eyes are without conjunctival injection.,,,
intraoperative,intraoperative,In the middle of surgery.,3,2.78,3,TAH - Discharge Summary | D&C - Discharge Summary | Anterior Cervical Discectomy & Fusion - Discharge Summary,"On discharge, hemoglobin and hematocrit 7.9 and 25.2.,HOSPITAL COURSE AND TREATMENT: ,The patient was admitted to the surgical suite and taken to the operating room on 6/10/2009 where a total abdominal hysterectomy (TAH) with low intraoperative complication was performed.",,,
iv fluid,IV fluid,A liquid given through a tube in your vein with minerals and salt.,3,2.78,3,Mastoiditis - Discharge Summary | Lap Chole - Discharge Summary | Discharge Summary - 17,The child was continued on IV fluid and narcotics for pain as well as Unasyn until the time of discharge.,,,
lactulose,lactulose,A medication that helps regulate your bowel movements.,3,2.78,3,Hip Surgery - Discharge Summar | Falls - Discharge Summary | Back Pain - Discharge Summary,Dulcolax suppository and lactulose will be used as a p.r.n.,,,
lipase,lipase,"A digestive enzyme that helps your body break down fats, mostly produced by your pancreas.",3,2.78,3,Lap Chole - Discharge Summary | Gastroenteritis - Discharge Summary | Discharge Summary - 18,"Urine shows positive glucose, but negative for nitrite and creatinine was 7.1, sodium 131, potassium was 5.2, and lipase and amylase were normal.",,,
lower extremity edema,lower extremity edema,"Swelling in the leg, ankle, or foot caused by excess fluid retention.",3,2.78,3,GI Bleed - Discharge Summary | Discharge Summary - Respiratory Failure | Discharge Summary - Cerebral Palsy,"No masses or organomegaly.,EXTREMITIES: 1+ lower extremity edema bilaterally.,HOSPITAL COURSE: , The patient underwent upper endoscopy performed by Dr.",,,
lymphadenopathy,lymphadenopathy,Swollen lymph nodes indicating possible infection or disease.,3,2.78,3,Discharge Summary - Respiratory Distress | Discharge Summary - Lymphoma | Discharge Summary - 19,"In the morning, he still had some bilateral wheezing, but no tachypnea.,DISCHARGE PHYSICAL EXAMINATION: , ,GENERAL: No acute distress, running around the room.,HEENT: Oropharynx moist and clear.,NECK: Supple without lymphadenopathy, thyromegaly or masses.,CHEST: Bilateral basilar wheezing.",,,
lymphocytes,lymphocytes,White blood cells that help your body fight off infections and keep you healthy.,3,2.78,3,Otitis Media - Discharge Summary | Goldenhar Syndrome - Discharge Summary | Discharge Summary - 7,"White blood cell count was 8.6 with 61% neutrophils, 21% lymphocytes, 17% monocytes, suggestive of a viral infection.",,,
mcv,MCV,A blood test that shows the size and variation of blood cells.,3,2.78,3,Pancreatic Mass - Discharge Summary | Goldenhar Syndrome - Discharge Summary | CHF & Pleural Effusion - Discharge Summary,"At the time of discharge, the patient's white count was 9.4, hemoglobin 10.8, hematocrit 32 with a MCV of 79, platelet count of 585,000.",,,
mechanical,Mechanical,When a machine takes over the pumping of your heart.,3,2.78,3,Knee Osteoarthrosis - Discharge Summary | Death Summary - 1 | COPD - Discharge Summary,Mechanical and chemical deep venous thrombosis (DVT) prophylaxis were initiated.,,,
metformin,Metformin,"A medication for managing blood sugar in diabetics, also known as Glucophage.",3,2.78,3,Pneumonia & COPD - Discharge Summary | ER Report - Chest Pain & Fever | Cardiac Transfer Summary,Metformin 1000 mg p.o.,,,
morphine,Morphine,A strong painkiller medication called morphine.,3,2.78,3,Mastoiditis - Discharge Summary | Neck Pain - Discharge Summary | Discharge Summary - Migraine,"The patient was admitted and started on IV Unasyn, which he tolerated well and required Morphine and Vicodin for pain control.",,,
multivitamins,multivitamins,A multivitamin is a pill that has multiple vitamins packed inside.,3,2.78,3,GI Bleed - Discharge Summary | Discharge Summary - 19 | Discharge Summary - 4,"Asthma.,CONDITION UPON DISCHARGE: , Stable.,MEDICATIONS: , Feosol 325 mg daily, multivitamins one daily, Protonix 40 mg b.i.d., KCl 20 mEq daily, Lasix 40 mg b.i.d., atenolol 50 mg daily, Synthroid 80 mcg daily, Actos 30 mg daily, Mevacor 40 mg daily, and lisinopril 20 mg daily.,ALLERGIES:, None.,DIET: , 1800-calorie ADA.,ACTIVITY: , As tolerated.,FOLLOWUP: , The patient to hold Coumadin through weekend.",,,
no apparent distress,no apparent distress,Not visibly showing any signs of pain or discomfort.,3,2.78,3,ER Report - Chest Pain & Fever | Discharge Summary - Respiratory Failure | Discharge Summary - 16,"In general, she is well developed, well nourished, oriented, and alert and in no apparent distress.",,,
obesity,obesity,Obesity is when someone is really overweight or fat.,3,2.78,3,Discharge Summary - 5 | Back Pain - Discharge Summary | Cardiac Transfer Summary,"XXX is a pleasant 37-year-old African-American female with the past medical history of Ewing sarcoma, iron deficiency anemia, hypertension, and obesity.",,,
occasional,occasional,Happens every now and then.,3,2.78,3,CVA - Discharge Summary | Cholestasis Of Pregnancy | Back Pain - Discharge Summary,His lung examination has just occasional rhonchi.,,,
oxygen saturation,oxygen saturation,Oxygen saturation: A measure of how much oxygen is in your blood.,3,2.78,3,Discharge Summary - Peripheral vascular disease | Discharge Summary - 18 | Discharge Summary - 19,"However, his oxygen saturation dropped to 93%, improving only to 97% after an addition of 2 liters by nasal cannula.",,,
pacu,PACU,PACU is where patients recover after surgery.,3,2.78,3,Gastric Bypass Summary | Discharge Summary - Nephrology | Discharge Summary - Hip Surgery,",Taken to the OR via same day surgery process for elective gastric bypass, tolerated well, recovered in the PACU, and sent to the floor for routine postoperative care.",,,
pallor,pallor,Pallor means having a pale skin color.,3,2.78,3,Discharge Summary - Migraine | Discharge Summary - ATV Accident | Discharge Summary - 19,Funduscopic exam revealed no disc pallor or edema.,,,
pathology report,pathology report,Report about cells and tissues taken from a sample to help diagnose and treat a disease.,3,2.78,3,Urology Discharge Summary | Hysterectomy - Discharge Summary - 2 | Discharge Summary - 17,The pathology report is pending at the time of dictation.,,,
perfusion,perfusion,"Perfusion means the spreading of blood, oxygen, or nutrients to an area.",3,2.78,3,Renal Disease - Discharge Summary | Discharge Summary - COPD | Death Summary - 2,Cardiology also ordered a nuclear medicine myocardial perfusion stress test.,,,
pleural effusions,pleural effusions,Fluid that accumulates around the lungs.,3,2.78,3,Pneumonia & COPD - Discharge Summary | Discharge Summary - Peripheral vascular disease | Discharge Summary - 9,The patient's chest x-ray on admission revealed some mild vascular congestion and bilateral pleural effusions that appeared to be unchanged.,,,
preemie,preemie,"A preemie is a baby born prematurely, more than 3 weeks early or before 37 weeks of pregnancy.",3,2.78,3,Neonatal Discharge Summary - 1 | Neonatal Discharge Summary | Discharge Summary - Urology & Nephrology,"The patient is to get followup exam after discharge.,DISCHARGE DIAGNOSIS: , Stable ex-32-weeks preemie.,DISCHARGE INSTRUCTIONS: , The patient has been educated on CPR measures.",,,
pulse oximetry,Pulse oximetry,A tool that checks the level of oxygen in your blood.,3,2.78,3,Otitis Media - Discharge Summary | Goldenhar Syndrome - Discharge Summary | Discharge Summary - 17,Pulse oximetry checks were ordered every shift and as needed with O2 ordered per nasal cannula if O2 saturations were less that 94%.,,,
reaction,reaction,"When your body reacts to something, causing a physical or behavioral change.",3,2.78,3,Pneumonia - Discharge Summary | Discharge Summary - Cholelithiasis | Death Summary - 1,"She was first started on Avelox, but had a reaction, switched to Augmentin, which caused loose stools, and then three days prior to admission was given daily 1 g Rocephin and started on azithromycin.",,,
red blood cells,red blood cells,Blood cells that carry oxygen and are produced in the bone marrow.,3,2.78,3,Leiomyosarcoma | Discharge Summary - Cerebral Palsy | Discharge Summary - 1,"She did not require transfusion of red blood cells or platelets; however, on 07/26/2008 her ANC did dip to 900 and she was placed on neutropenic diet.",,,
red cells,red cells,Red cells are blood cells that carry oxygen throughout your body.,3,2.78,3,ER Report - Chest Pain & Fever | Discharge Summary - 17 | Cholestasis Of Pregnancy,"Spinal fluid was clear with 11 red cells, glucose 75, protein 67, white count 0.",,,
refer,refer,Referring a patient means sending them to another place for medical care.,3,2.78,3,Discharge Summary - Hip Surgery | Discharge Summary - 9 | Cardiac Transfer Summary,"Hip arthroscopy.,POSTOP COMORBIDITIES: , Postop acute blood loss anemia requiring transfusion and postop pain.,PROCEDURES DURING THIS HOSPITALIZATION:, Right total hip arthroplasty and removal of hardware.,CONSULTS:, Acute pain team consult.,DISPOSITION: , Home.,HISTORY OF PRESENT ILLNESS AND HOSPITAL COURSE:, For details, please refer to clinic notes and OP notes.",,,
retractions,retractions,"When someone's chest caves in, it shows they are struggling to breathe.",3,2.78,3,Neonatal Discharge Summary | Discharge Summary - 16 | Bronchiolitis - Discharge Summary,"Color, tone, and __________ mild retractions.",,,
sclerae,Sclerae,The white tough outer layer of the eyeball.,3,2.78,3,Knee Surgery - Discharge Summary | Hip Surgery - Discharge Summar | Back Pain - Discharge Summary,Sclerae nonicteric.,,,
spinal,Spinal,"""Spinal means having to do with your spine.""",3,2.78,3,Neck Pain - Discharge Summary | Intrauterine Pregnancy - Discharge Summary | Back & Leg Pain - Discharge Summary,"Spinal instrumentation C4 through C7.,4.",,,
tachypnea,tachypnea,"Quick, shallow breathing where you take more breaths than usual in a minute.",3,2.78,3,Otitis Media - Discharge Summary | Discharge Summary - Respiratory Distress | Bronchiolitis - Discharge Summary,"Lungs showed increased workup of breathing, moderate tachypnea.",,,
tingling,tingling,"Feeling like a bunch of tiny needles are poking you, usually from cold, a quick slap, or excitement.",3,2.78,3,Neck Pain - Discharge Summary | Back Pain - Discharge Summary | Anterior Cervical Discectomy & Fusion - Discharge Summary,"The patient has resolution of the pain down the arm, but she does have some tingling of the right thumb and right index finger.",,,
transfused,transfused,Giving someone blood from another person.,3,2.78,3,Knee Surgery - Discharge Summary | GI Bleed - Discharge Summary | Discharge Summary - 2,The patient was transfused with 2 units of autologous blood postoperatively.,,,
visual,visual,Related to what you can see.,3,2.78,3,Speech Therapy - Discharge Summary - 2 | ER Report - Chest Pain & Fever | Discharge Summary - Lymphoma,"The patient continues to have difficulty with visual scanning in cancellation task, secondary to her significant left neglect.",,,
thigh,thigh,The upper part of your leg between your hip and knee.,2,1.85,9,Discharge Summary - Multiple Trauma | Chronic Abscesses - Discharge Summary,"Pain in joint pelvic region/thigh.,18.",,,
bile,bile,A liquid produced by the liver and stored in the gallbladder that aids in digesting food.,2,1.85,8,Discharge Summary - 14 | Cholecystitis - Discharge Summary,Colonoscopy did reveal diverticulosis and EGD showed retained bile and possible gastritis.,,,
orally,orally,It means relating to the mouth.,2,1.85,8,Discharge Summary - 3 | Discharge Summary - 19,"Her bronchospasm also responded to the aggressive bronchodilation and steroid therapy.,DISCHARGE MEDICATIONS:, Prednisolone 60 mg orally once daily, albuterol 2.5 mg nebulized every 4 hours, Atrovent Respules to be nebulized every 6 hours, Pulmicort 500 micrograms nebulized twice every 8 hours, Coumadin 5 mg orally once daily, magnesium oxide 200 mg orally once daily.,TRANSFER INSTRUCTIONS:, The patient is to be strictly kept on bi-level PAP of 15 I-PAP/E-PAP of 5 cm and FIO2 of 35% for most of the times during the day.",,,
pap,Pap,Blood pressure in the artery that goes from the heart to the lungs.,2,1.85,8,Hysterectomy - Discharge Summary - 2 | Discharge Summary - 3,"She had an abnormal Pap smear in the 80s, which she failed to followup on until this year.",,,
apnea,apnea,Apnea is when breathing stops.,2,1.85,7,Neonatal Discharge Summary - 1 | Discharge Summary - 16,"Feeding amounts at the time of discharge was between 35 to 50 mL per feed and weight was 1797 grams.,RESPIRATIONS: , At the time of admission, baby was not having any apnea spells, no bradycardia or desaturations, was saturating well on room air and continued to do well on room air until the time of discharge.,HYPOGLYCEMIA: , Baby began to experience hypoglycemic episodes on 07/24/2006.",,,
bile duct,bile duct,A tube that carries bile from the liver to the small intestine.,2,1.85,7,Pancreatic Mass - Discharge Summary | Cholecystitis - Discharge Summary,"This revealed a strictured pancreatic duct, as well as strictured bile duct.",,,
irrigation,Irrigation,Irrigation is when you clean out a body cavity or wound with a stream of water or fluid.,2,1.85,7,Discharge Summary - Peripheral vascular disease | Discharge Summary - ATV Accident,"Irrigation and debridement of right below-knee amputation wound on July 21, 2008, July 24, 2008, July 28, 2008, and August 1, 2008.,HISTORY OF PRESENT ILLNESS: , The patient is an 89-year-old gentleman with multiple medical conditions including coronary artery disease, hypothyroidism, and severe peripheral vascular disease status post multiple revascularizations, and a right below-knee amputation in June 2008 following a thrombosis of his right femoropopliteal bypass graft.",,,
prostate,prostate,A gland responsible for producing the fluid in semen.,2,1.85,7,Urology Discharge Summary | Discharge Summary - Urology,"PROCEDURES:, Cystourethroscopy and transurethral resection of prostate.,COMPLICATIONS:, None.,ADMITTING DIAGNOSIS:, Difficulty voiding.,HISTORY:, This 67-year old Hispanic male patient was admitted because of enlarged prostate and symptoms of bladder neck obstruction.",,,
tibial plateau,tibial plateau,The top part of the shin bone in the knee.,2,1.85,7,ORIF - Discharge Summary | Discharge Summary - Multiple Trauma,"ADMISSION DIAGNOSIS: , Right tibial plateau fracture.,DISCHARGE DIAGNOSES: , Right tibial plateau fracture and also medial meniscus tear on the right side.,PROCEDURES PERFORMED:, Open reduction and internal fixation (ORIF) of right Schatzker III tibial plateau fracture with partial medial meniscectomy.,CONSULTATIONS: , To rehab, Dr.",,,
bariatric,Bariatric,Surgery on stomach and intestines to help with weight loss.,2,1.85,6,Gastric Bypass Summary | Discharge Summary - 11,"Obstructive sleep apnea, on CPAP.,OPERATION AND PROCEDURE: , Laparoscopic Roux-en-Y gastric bypass.,BRIEF HOSPITAL COURSE SUMMARY: ,This is a 30-year-old male, who presented recently to the Bariatric Center for evaluation and treatment of longstanding morbid obesity and associated comorbidities.",,,
frontal,frontal,The front part of the brain that controls various functions.,2,1.85,6,Neurology - Discharge Summary | Discharge Summary - 5,"Contusion of the frontal lobe of the brain.,2.",,,
graft,Graft,When a doctor replaces damaged tissue with healthier tissue or synthetic materials.,2,1.85,6,Chronic Abscesses - Discharge Summary | Back & Leg Pain - Discharge Summary,Split thickness skin graft to right thigh and right hip massive open wound on 04/01/08 by Dr.,,,
gram-negative,Gram-negative,Bacteria that don't take on a particular stain and are part of a big group.,2,1.85,6,Discharge Summary - Lymphoma | Discharge Summary - 8,"Gram-negative bacteremia.,3.",,,
hematuria,hematuria,Seeing blood in your pee.,2,1.85,6,Urology Discharge Summary | Discharge Summary - Urology,"He is being discharged in satisfactory condition with a good urinary stream, minimal hematuria, and on Bactrim DS one a day for ten days with a standard postprostatic surgery instruction sheet.",,,
hemicolectomy,hemicolectomy,Surgery to remove a part of the large intestine.,2,1.85,6,Multiple Medical Problems - Discharge Summary | Discharge Summary - 4,"Colon cancer, status post right hemicolectomy.,2.",,,
hiatal hernia,hiatal hernia,"When part of your stomach squeezes through your diaphragm, that's a hiatal hernia.",2,1.85,6,Discharge Summary - 19 | Discharge Summary - 10,"Urine culture grew 50-100,000 colonies of Enterococcus susceptible to ampicillin and nitrofurantoin.,Chest x-ray showed enlarged heart with large intrathoracic hiatal hernia.",,,
hypoglycemia,hypoglycemia,"When the sugar levels drop too low, it causes hypoglycemia.",2,1.85,6,Neonatal Discharge Summary - 1 | Multiple Medical Problems - Discharge Summary,"ADMITTING DIAGNOSES:, Respiratory distress syndrome, intrauterine growth restriction, thrombocytopenia, hypoglycemia, retinal immaturity.,HISTORY OF PRESENTING ILLNESS: , The baby is an ex-32 weeks small for gestational age infant with birth weight 1102.",,,
serologies,serologies,A test to find out if certain substances in your blood suggest you might have a disease.,2,1.85,6,Discharge Summary - 7 | Discharge Summary - 8,He ordered serologies for CMV including a CMV blood PCR.,,,
stone,stone,A stone is a hard clump of mineral salts that can form inside a part of your body.,2,1.85,6,Lap Chole - Discharge Summary | Cholecystitis - Discharge Summary,There is sludge in the gallbladder wall versus a stone in the gallbladder wall.,,,
dysphagia,dysphagia,Having difficulty swallowing is known as dysphagia.,2,1.85,5,Pneumonia & COPD - Discharge Summary | Neck Pain - Discharge Summary,"The patient was able to participate with physical therapy, able to ambulate from his bed to the bathroom, and was able to tolerate a dysphagia 2 diet.",,,
flagyl,Flagyl,"A medication that helps with bacterial and parasitic infections, also known as metronidazole.",2,1.85,5,Discharge Summary - Peripheral vascular disease | Discharge Summary - 17,"He was also started on Flagyl, empirically.",,,
grafting,grafting,Grafting is when a doctor replaces damaged tissue with healthy tissue or a synthetic substitute.,2,1.85,5,Discharge Summary - Peripheral vascular disease | Chronic Abscesses - Discharge Summary,"Peripheral vascular disease status post aortobifemoral bypass and bilateral femoropopliteal bypass grafting.,3.",,,
lymphoma,lymphoma,Lymphoma is a type of cancer that attacks the immune system cells.,2,1.85,5,Lap Chole - Discharge Summary | Discharge Summary - Lymphoma,"Skin lymphoma 5 years ago.,8.",,,
medial,medial,Moving towards the middle.,2,1.85,5,ORIF - Discharge Summary | Cardiac Transfer Summary,"ADMISSION DIAGNOSIS: , Right tibial plateau fracture.,DISCHARGE DIAGNOSES: , Right tibial plateau fracture and also medial meniscus tear on the right side.,PROCEDURES PERFORMED:, Open reduction and internal fixation (ORIF) of right Schatzker III tibial plateau fracture with partial medial meniscectomy.,CONSULTATIONS: , To rehab, Dr.",,,
neutropenic,neutropenic,Having fewer white blood cells than usual to fight off infections.,2,1.85,5,Leiomyosarcoma | Discharge Summary - Lymphoma,"She did not require transfusion of red blood cells or platelets; however, on 07/26/2008 her ANC did dip to 900 and she was placed on neutropenic diet.",,,
osteoporosis,Osteoporosis,Osteoporosis is when bones become weak and prone to breaking because they lose density.,2,1.85,5,Discharge Summary - 19 | Death Summary - 2,"Osteoporosis.,5.",,,
reduction,reduction,"A reduction is a surgery to fix a broken bone, dislocated joint, or put a body part back in its original position.",2,1.85,5,ORIF - Discharge Summary | Discharge Summary - ATV Accident,"ADMISSION DIAGNOSIS: , Right tibial plateau fracture.,DISCHARGE DIAGNOSES: , Right tibial plateau fracture and also medial meniscus tear on the right side.,PROCEDURES PERFORMED:, Open reduction and internal fixation (ORIF) of right Schatzker III tibial plateau fracture with partial medial meniscectomy.,CONSULTATIONS: , To rehab, Dr.",,,
renal cell carcinoma,renal cell carcinoma,Most common type of kidney cancer.,2,1.85,5,Discharge Summary - Urology | Discharge Summary - Nephrology,"Complex renal cyst versus renal cell carcinoma or other tumor.,4.",,,
total knee arthroplasty,total knee arthroplasty,Getting a new knee joint through surgery to replace a damaged one.,2,1.85,5,Knee Arthroplasty - Discharge Summary | Knee Osteoarthrosis - Discharge Summary,"ADMISSION DIAGNOSIS:, Painful right knee status post total knee arthroplasty many years ago.",,,
ulcer,ulcer,A sore that's open.,2,1.85,5,Discharge Summary - Multiple Trauma | Discharge Summary - 9,"Decubitus ulcer, lower back.,3.",,,
vascular,vascular,Blood vessels where blood travels.,2,1.85,5,Pneumonia & COPD - Discharge Summary | Discharge Summary - Peripheral vascular disease,The patient's chest x-ray on admission revealed some mild vascular congestion and bilateral pleural effusions that appeared to be unchanged.,,,
anc,ANC,A type of white blood cell in the blood that fights infections.,2,1.85,4,Leiomyosarcoma | Discharge Summary - Lymphoma,"On admission, the patient's white blood count was 3.4, hemoglobin 11.3, platelet count 82, and ANC of 2400.",,,
bacteremia,bacteremia,A serious condition where bacteria are found in the bloodstream.,2,1.85,4,Discharge Summary - Lymphoma | Discharge Summary - 8,"Gram-negative bacteremia.,3.",,,
basal,basal,At the very bottom or foundation of something.,2,1.85,4,Multiple Medical Problems - Discharge Summary | Discharge Summary - 1,Her insulin pump had a basal rate of roughly three at night during the feedings.,,,
cardiac cath,cardiac cath,A medical procedure where a thin tube is inserted into an artery to diagnose and treat heart conditions.,2,1.85,4,Discharge Summary - COPD | Cardiac Transfer Summary,"The patient's last cardiac cath was in 2008.,The patient clinically significantly improved and wants to go home.",,,
celebrex,Celebrex,"A medication that helps with reducing pain and swelling, commonly used for arthritis.",2,1.85,4,Knee Surgery - Discharge Summary | Hip Surgery - Discharge Summar,"She reports having some right knee pain, which is most intense at a ""certain position."" The patient is unable to elaborate on which ""certain position"" causes her the most discomfort.,ALLERGIES:, NKDA.,PAST MEDICAL HISTORY: , Hypertension, hypothyroidism, degenerative joint disease, GERD, anxiety disorder, Morton neuroma of her feet bilaterally, and distant history of migraine headaches some 30 years ago.,MEDICATIONS:, On transfer, Celebrex, Coumadin, Colace, Synthroid, Lovenox, Percocet, Toprol XL, niacin, and trazodone.,PHYSICAL EXAMINATION:,VITAL SIGNS: Temperature 96.5, blood pressure 127/72, pulse 70, respiratory rate 20, 95% O2 saturation on room air.,GENERAL: No acute distress at the time of the exam except as mentioned above complains of right knee pain at ""certain position."",HEENT: Normocephalic.",,,
cerebrovascular accident,Cerebrovascular accident,"A cerebrovascular accident is just a stroke, causing damage to the brain due to lack of blood flow.",2,1.85,4,CVA - Discharge Summary | Discharge Summary - 1,"Cerebrovascular accident (CVA) with right arm weakness.,2.",,,
cipro,Cipro,Cipro is a medication used to fight certain bacterial infections.,2,1.85,4,Discharge Summary - Lymphoma | Discharge Summary - 1,"On the day prior to discharge, she was transitioned to oral Cipro and remained afebrile.",,,
decortication,decortication,Decortication is the process of removing the outer layer of an organ.,2,1.85,4,Discharge Summary - Nephrology | Discharge Summary - Mesothelioma - 1,"Coronary artery disease.,PROCEDURES: , Robotic-Assisted laparoscopic left renal cyst decortication and cystoscopy.,HISTORY OF PRESENT ILLNESS: , Mr.",,,
degenerative joint disease,degenerative joint disease,Degenerative joint disease is when your joints hurt and swell because the cartilage is wearing away.,2,1.85,4,Knee Surgery - Discharge Summary | Discharge Summary - 12,"CHIEF COMPLAINT:, Decreased ability to perform daily living activities secondary to right knee surgery.,HISTORY OF PRESENT ILLNESS: , The patient is a 61-year-old white female status post right total knee replacement secondary to degenerative joint disease performed by Dr.",,,
dysmenorrhea,Dysmenorrhea,Painful menstruation.,2,1.85,4,Hysterectomy - Discharge Summary - 1 | Hysterectomy - Discharge Summary,"Dysmenorrhea.,3.",,,
groin,groin,Where your thighs and upper body meet.,2,1.85,4,Discharge Summary - Respiratory Failure | Discharge Summary - 6,He does have some generalized redness around his abdominal region and groin.,,,
hospitalist,hospitalist,Doctors who specialize in treating patients during their hospital stays.,2,1.85,4,Pneumonia & COPD - Discharge Summary | Discharge Summary - Respiratory Distress,"He was subsequently treated successfully with supplemental oxygen provided by normal nasal cannula initially and subsequently changed to BiPAP.,HOSPITAL COURSE: ,The patient was admitted to the hospitalist service, treated with frequent small volume nebulizers, treated with IV Solu-Medrol and BiPAP support for COPD exacerbation.",,,
hypoxia,Hypoxia,When the body doesn't get enough oxygen.,2,1.85,4,Pneumonia - Discharge Summary | Discharge Summary - Lymphoma,"Hypoxia.,3.",,,
incision and drainage,incision and drainage,A surgical procedure to drain infected fluid from beneath the skin.,2,1.85,4,Discharge Summary - Peripheral vascular disease | Abscess with Cellulitis - Discharge Summary,"Status post open incision and drainage of an intestinal abscess at an unknown point.,DETERMINATION: , Status post right below-knee amputation.,OPERATIONS PERFORMED:,1.",,,
interstitial,interstitial,Interstitial refers to something that happens in tiny narrow gaps or spaces.,2,1.85,4,Discharge Summary - 7 | COPD & Bronchitis - Discharge Summary,Results: CT chest showed mild bibasilar pleural-based interstitial changes.,,,
metastatic,metastatic,Cancer has spread to another part of the body.,2,1.85,4,Pancreatic Mass - Discharge Summary | Death Summary - 1,"Certainly, there are modest benefits, which can be obtained with chemotherapy in metastatic pancreatic cancer, though at some cost with morbidity.",,,
motor,motor,Motor means it’s related to moving parts of the body.,2,1.85,4,Discharge Summary - Multiple Trauma | Discharge Summary - 10,"ADMITTING DIAGNOSIS:, Aftercare of multiple trauma from an motor vehicle accident.,DISCHARGE DIAGNOSES:,1.",,,
ng tube,NG tube,A tube inserted through your nose to provide or remove stuff from your stomach.,2,1.85,4,Gastrointestinal Bleed - Discharge Summary | Discharge Summary - 10,He apparently had an NG tube placed in the emergency room with gastric aspirate revealing no blood.,,,
otitis media,Otitis media,An ear infection causing inflammation in the middle ear.,2,1.85,4,Otitis Media - Discharge Summary | Mastoiditis - Discharge Summary,"Otitis media.,3.",,,
pancytopenia,Pancytopenia,"Having low levels of red blood cells, white blood cells, and platelets in the blood.",2,1.85,4,Leiomyosarcoma | Discharge Summary - Lymphoma,"Pancytopenia.,5.",,,
pcr,PCR,A method to create multiple copies of a specific DNA segment in a laboratory setting.,2,1.85,4,Discharge Summary - 7 | Discharge Summary - 16,He ordered serologies for CMV including a CMV blood PCR.,,,
percutaneous,percutaneous,Procedure done by piercing the skin.,2,1.85,4,Discharge Summary - Urology & Nephrology | Discharge Summary - 6,"ADMITTING DIAGNOSES:, Solitary left kidney with obstruction, and hypertension, and chronic renal insufficiency.,DISCHARGE DIAGNOSES: , Solitary left kidney with obstruction and hypertension and chronic renal insufficiency, plus a Pseudomonas urinary tract infection.,PROCEDURES: , Cystoscopy under anesthesia, ureteroscopy, an attempted tube placement, stent removal with retrograde pyelography, percutaneous tube placement, and nephrostomy by Radiology.,PERTINENT LABORATORIES: , Creatinine of 1.4.",,,
peripheral vascular disease,Peripheral vascular disease,"When blood vessels in the arms or legs are narrowed, leading to decreased blood flow.",2,1.85,4,Discharge Summary - Peripheral vascular disease | Death Summary,"Peripheral vascular disease, bilateral carotid artery stenosis status post bilateral carotid endarterectomies.,2.",,,
prematurity,Prematurity,Born too soon.,2,1.85,4,Prematurity - Discharge Summary | Neonatal Discharge Summary,"Prematurity.,2.",,,
psychosis,psychosis,Psychosis is when someone experiences a break from reality due to a mental condition.,2,1.85,4,Psychiatric Discharge Summary | Discharge Summary - Multiple Trauma,"for psychosis and mood lability, and also medically evaluated by Rebecca Richardson, MD.",,,
pyelonephritis,Pyelonephritis,Kidney infection.,2,1.85,4,Pyelonephritis - Discharge Summary | Discharge Summary - 8,"Pyelonephritis.,2.",,,
renal insufficiency,Renal insufficiency,Kidneys not working well.,2,1.85,4,Pyelonephritis - Discharge Summary | Discharge Summary - 12,"Renal insufficiency.,5.",,,
rheumatoid arthritis,Rheumatoid arthritis,"A condition that causes joint pain, swelling, and stiffness, potentially leading to disability.",2,1.85,4,Pneumonia - Discharge Summary | Leiomyosarcoma,"Rheumatoid arthritis.,DISCHARGE DIAGNOSES:,1.",,,
seroquel,Seroquel,A medication for mental health issues like schizophrenia or bipolar disorder.,2,1.85,4,Psychiatric Discharge Summary | Discharge Summary - Multiple Trauma,"The patient was suffering from prolactinemia secondary to medications.,DISCHARGE FOLLOWUP: ,To be arranged per the patient as the patient was discharged by court.,DISCHARGE MEDICATIONS: , A 2-week supply of the following was phoned into the patient's pharmacy: Seroquel 25 mg p.o.",,,
soft tissue,soft tissue,"Soft tissues refer to the non-bony structures in your body, like muscles, tendons, and ligaments.",2,1.85,4,Discharge Summary - 5 | Chronic Abscesses - Discharge Summary,MRI on MM/DD/YYYY showed a 4 cm soft tissue mass without bony destruction.,,,
total hip arthroplasty,total hip arthroplasty,A surgery to replace a worn out hip joint with a new one.,2,1.85,4,Discharge Summary - Hip Surgery | Discharge Summary - 19,"Hip arthroscopy.,POSTOP COMORBIDITIES: , Postop acute blood loss anemia requiring transfusion and postop pain.,PROCEDURES DURING THIS HOSPITALIZATION:, Right total hip arthroplasty and removal of hardware.,CONSULTS:, Acute pain team consult.,DISPOSITION: , Home.,HISTORY OF PRESENT ILLNESS AND HOSPITAL COURSE:, For details, please refer to clinic notes and OP notes.",,,
ureteral,ureteral,Tubes that carry urine from the kidney to the bladder.,2,1.85,4,Discharge Summary - Urology & Nephrology | Discharge Summary - 4,"Normal gait.,HOSPITAL COURSE: , The patient was admitted to the hospital after inability to place a ureteral stent via ureteroscopy and cystoscopy.",,,
vehicle,vehicle,Vehicle is the substance that holds a drug without active effect.,2,1.85,4,Discharge Summary - Multiple Trauma | Discharge Summary - 10,"ADMITTING DIAGNOSIS:, Aftercare of multiple trauma from an motor vehicle accident.,DISCHARGE DIAGNOSES:,1.",,,
abscess,abscess,It's a sore filled with pus that happens when your body is fighting off an infection.,2,1.85,3,Discharge Summary - Peripheral vascular disease | Abscess with Cellulitis - Discharge Summary,"Status post open incision and drainage of an intestinal abscess at an unknown point.,DETERMINATION: , Status post right below-knee amputation.,OPERATIONS PERFORMED:,1.",,,
acetaminophen,Acetaminophen,Acetaminophen is a medicine that helps with pain and lowers fever.,2,1.85,3,Discharge Summary - Peripheral vascular disease | Discharge Summary - 7,"Acetaminophen 325 mg daily.,2.",,,
acquired,acquired,Something not passed down but gained later in life.,2,1.85,3,Multiple Medical Problems - Discharge Summary | Discharge Summary - Lymphoma,"Hospital-acquired pneumonia.,4.",,,
adrenal insufficiency,adrenal insufficiency,Adrenal insufficiency is when your body doesn't produce enough specific hormones due to issues with the adrenal glands.,2,1.85,3,Pneumonia - Discharge Summary | Hypothermia - Discharge Summary,"Suspected mild stress-induced adrenal insufficiency.,HOSPITAL COURSE: , This very independent 79-year old had struggled with cough, fevers, weakness, and chills for the week prior to admission.",,,
agitation,agitation,Agitation is when someone can't calm down and stay still.,2,1.85,3,Discharge Summary - Multiple Trauma | Discharge Summary - 18,He did require some Ativan for agitation.,,,
angioplasty,angioplasty,Angioplasty is a procedure that widens a narrowed blood vessel.,2,1.85,3,Discharge Summary - 9 | Discharge Summary - 6,"History of coronary artery disease, status post angioplasty and stent.,7.",,,
arthritis,arthritis,"Arthritis is a condition that makes your joints hurt, swell, and feel stiff, and it can be caused by different factors.",2,1.85,3,Kawasaki Disease - Discharge Summary | ER Report - Chest Pain & Fever,"ADMITTING DIAGNOSIS: , Kawasaki disease.,DISCHARGE DIAGNOSIS:, Kawasaki disease, resolving.,HOSPITAL COURSE:, This is a 14-month-old baby boy Caucasian who came in with presumptive diagnosis of Kawasaki with fever for more than 5 days and conjunctivitis, mild arthritis with edema, rash, resolving and with elevated neutrophils and thrombocytosis, elevated CRP and ESR.",,,
biopsies,biopsies,Taking samples of cells from the body to figure out what's causing a problem in a specific area.,2,1.85,3,Discharge Summary - 7 | Discharge Summary - 14,BAL and transbronchial biopsies were performed.,,,
bmi,BMI,BMI is a way to figure out if you're a healthy weight based on how tall you are and how much you weigh.,2,1.85,3,Discharge Summary - Gastric Bypass | Cholecystitis - Discharge Summary,"BMI is 51.,DISCHARGE DIAGNOSIS: , Morbid obesity.",,,
brace,brace,"A brace is a device used to support injured or weak joints, muscles, or ligaments.",2,1.85,3,Discharge Summary - Multiple Trauma | Discharge Summary - 19,He had a brace placed in the left leg for his left tibial plateau fracture.,,,
c. difficile,C. difficile,A type of bacteria that commonly infects the colon.,2,1.85,3,Pneumonia - Discharge Summary | Discharge Summary - Peripheral vascular disease,,,,
cardiopulmonary,cardiopulmonary,Relating to the heart and lungs.,2,1.85,3,Hip Surgery - Discharge Summar | Gastric Bypass Summary,"The patient denies any cardiopulmonary symptoms such as chest pain, palpitation, pain in the upper neck and down to her arm, difficulty breathing, shortness of breath, or hemoptysis.",,,
cells,cells,Basic building blocks that make up all living things and combine to form tissues and organs.,2,1.85,3,Ectopic Pregnancy - Discharge Summary | Discharge Summary - 5,The patient received 2 units of red packed cells.,,,
chronic renal insufficiency,chronic renal insufficiency,When your kidneys stop working properly over time.,2,1.85,3,Discharge Summary - Urology & Nephrology | Discharge Summary - Peripheral vascular disease,"ADMITTING DIAGNOSES:, Solitary left kidney with obstruction, and hypertension, and chronic renal insufficiency.,DISCHARGE DIAGNOSES: , Solitary left kidney with obstruction and hypertension and chronic renal insufficiency, plus a Pseudomonas urinary tract infection.,PROCEDURES: , Cystoscopy under anesthesia, ureteroscopy, an attempted tube placement, stent removal with retrograde pyelography, percutaneous tube placement, and nephrostomy by Radiology.,PERTINENT LABORATORIES: , Creatinine of 1.4.",,,
compression,compression,Compression is using tight elastic bands to squeeze body parts like legs to help blood flow better.,2,1.85,3,Hemiarthroplasty - Discharge Summary | Cellulitis - Discharge Summary,"Resume home meds, DVT prophylaxis, aspirin, and compression stockings.",,,
congenital,congenital,A condition that you have had since you were born.,2,1.85,3,Discharge Summary - 8 | Discharge Summary - 1,"History of congenital genitourinary abnormalities with multiple surgeries before the 5th grade.,3.",,,
cta,CTA,CTA is a technique that captures pictures of blood vessels and their flow in the body.,2,1.85,3,Leiomyosarcoma | Discharge Summary - Migraine,"CTA, chest PE study showing no evidence for pulmonary embolism.,3.",,,
decadron,Decadron,Decadron is a drug that reduces swelling and inflammation and belongs to the category of steroids.,2,1.85,3,Neck Pain - Discharge Summary | Back Pain - Discharge Summary,"The patient apparently is doing well with slight dysphagia, we treated her with Decadron and we will send her home with Medrol.",,,
distention,distention,When something gets bigger because there's pressure on it.,2,1.85,3,Neonatal Discharge Summary - 1 | ER Report - Chest Pain & Fever,feeds of expressed breast milk and baby began to experience some abdominal distention.,,,
elective,elective,An elective procedure is a non-urgent or optional medical treatment.,2,1.85,3,Intrauterine Pregnancy - Discharge Summary | Gastric Bypass Summary,She opted for a scheduled elective C-section and sterilization without any trial of labor.,,,
electrolytes,electrolytes,"Electrolytes are chemicals found in body fluids like sodium, essential for nerve function and electrical conduction.",2,1.85,3,Otitis Media - Discharge Summary | Discharge Summary - Respiratory Failure,"Cranial nerves II through XII are grossly intact.,LABORATORY FINDINGS: , He had electrolytes, BUN and creatinine, and glucose all of which were within normal limits.",,,
emesis,emesis,Throwing up food or liquid from your stomach.,2,1.85,3,Discharge Summary - 19 | Discharge Summary - 16,"Over the course of her hospitalization, the patient was started on antibiotic regimen and proton pump inhibitors for an episode of coffee-ground emesis.",,,
ercp,ERCP,A procedure for doctors to view the gall bladder and pancreas.,2,1.85,3,Pancreatic Mass - Discharge Summary | Cholecystitis - Discharge Summary,The patient underwent ERCP on 04/04/2007 with placement of a stent.,,,
estimated,Estimated,A guess or rough calculation.,2,1.85,3,Intrauterine Pregnancy - Discharge Summary | Discharge Summary - 1,"Estimated fetal weight was greater than 10 pounds.,HOSPITAL COURSE: ,On the first hospital day, the patient went to the operating room where repeat low transverse cesarean and tubal ligation were performed under spinal anesthesia with delivery of a viable female infant weighing 7 pounds 10 ounces and Apgars of 9 and 9.",,,
feeding tube,feeding tube,A tube that gives food and fluids to people who can't eat normally.,2,1.85,3,Speech Therapy - Discharge Summary - 1 | Chronic Abscesses - Discharge Summary,"The patient was instructed to talk to the primary care physician about removal of her feeding tube.,2.",,,
fio2,FIO2,A test that checks how much oxygen is in your blood.,2,1.85,3,Discharge Summary - Respiratory Failure | Discharge Summary - 3,"His initial settings are at a rate of 20, pressure support of 12, PEEP of 6, FIO2 of 40%.",,,
foley,Foley,It's a tube that helps drain pee from your bladder into a bag.,2,1.85,3,Pyelonephritis - Discharge Summary | Discharge Summary - Urology,"Pyelonephritis likely secondary to mucous plugging of indwelling Foley in the ileal conduit.,2.",,,
free t4,Free T4,The amount of thyroid hormone in the blood that is not attached to proteins.,2,1.85,3,Hypothermia - Discharge Summary | Discharge Summary - 15,Free T4 was 0.9.,,,
heart catheterization,heart catheterization,It's a procedure to check and fix heart problems involving inserting a tube into an artery and guiding it to the heart.,2,1.85,3,Discharge Summary - 6 | Death Summary,"ABC underwent a left heart catheterization, which revealed two vessel coronary artery disease.",,,
hemorrhoids,hemorrhoids,Swollen veins in your butt and nearby areas causing discomfort.,2,1.85,3,Gastroenteritis - Discharge Summary | Gastrointestinal Bleed - Discharge Summary,"X with 25-pack-year history, also a history of diabetes type 2, dyslipidemia, hypertension, hemorrhoids, chronic obstructive pulmonary disease, and a left lower lobe calcified granuloma that apparently is stable at this time.",,,
hospice,hospice,A program providing end-of-life care for individuals and supporting their families.,2,1.85,3,Discharge Summary - Respiratory Failure | Death Summary - 2,"He has a history of end-stage liver disease with cirrhosis, which may make him a candidate for hospice upon discharge.",,,
jaundice,jaundice,"When you have jaundice, your skin and eyes can turn yellow due to too much bilirubin from broken down blood cells.",2,1.85,3,Prematurity - Discharge Summary | Pancreatic Mass - Discharge Summary,"Physiologic jaundice.,4.",,,
lesion,lesion,It's any damage or abnormal change in tissue from disease or injury.,2,1.85,3,CVA - Discharge Summary | Cardiac Transfer Summary,This showed no significant obstructive lesion other than what was known on the ultrasound.,,,
lobe,lobe,The lobe is a distinct part of an organ that stands out from the rest.,2,1.85,3,Neurology - Discharge Summary | Discharge Summary - 8,"Contusion of the frontal lobe of the brain.,2.",,,
mra,MRA,A procedure that uses technology to take pictures of blood vessels and blood flow in the body.,2,1.85,3,Discharge Summary - Migraine | Discharge Summary - 1,"An MRA of the head and neck with and without contrast also negative.,3.",,,
nebulizers,nebulizers,A nebulizer is a device that turns liquid medicine into a mist for you to inhale easily.,2,1.85,3,Pneumonia & COPD - Discharge Summary | COPD & Bronchitis - Discharge Summary,The patient received 3 nebulizers at home without much improvement.,,,
nephrology,Nephrology,Deals with stuff related to kidneys and peeing.,2,1.85,3,Renal Disease - Discharge Summary | Death Summary,"Regarding the end-stage renal disease, Nephrology was consulted as the patient was due for hemodialysis treatment the day following admission.",,,
occult,occult,"Obscure and mysterious, not easily understood.",2,1.85,3,Gastroenteritis - Discharge Summary | Discharge Summary - 17,"Upon discharge, his hemoglobin and hematocrit stayed at 10.9 and 31.3 and he was still having stool guaiac positive blood, and a stool study was done which showed few white blood cells, negative for Clostridium difficile and moderate amount of occult blood and moderate amount of RBCs.",,,
orthopedics,Orthopedics,"Orthopedics is the medical care for your bones, joints, muscles, and tendons.",2,1.85,3,Hemiarthroplasty - Discharge Summary | Discharge Summary - ATV Accident,The patient was admitted to Orthopedics and consulted Medicine.,,,
packed red blood cells,packed red blood cells,Blood cells stored without liquid used for transfusions.,2,1.85,3,Discharge Summary - 2 | D&C - Discharge Summary,During hospitalization she developed acute lower GI bleed and was transferred to intensive care unit and transfused packed red blood cells.,,,
plate,plate,A metal plate used to fix broken bones during surgery.,2,1.85,3,Goldenhar Syndrome - Discharge Summary | Anterior Cervical Discectomy & Fusion - Discharge Summary,"Sodium level is 138, potassium 5.4, chloride 103, CO2 23, BUN 7, creatinine 0.4, glucose 84, calcium 9.9, and at this dictation, the report on the abdominal flat plate is pending.,HOSPITAL COURSE: ,The child was placed at bowel rest initially and then re-tried on full strength formula, but she did not tolerate.",,,
recommendation,recommendation,Recommendation is just advice on what you should do.,2,1.85,3,Discharge Summary - Urology & Nephrology | Discharge Summary - 8,"He, otherwise, did well with continuing decrease his creatinine at the time of discharge to home.,The patient was discharged home in stable condition with ciprofloxacin, enalapril, and recommendation for followup in Urology in 1 to 2 weeks for the surgical correction in 2 to 3 weeks of repeat pyeloplasty or possible ureterocalicostomy.",,,
reflexes,reflexes,"Reflexes are automatic body movements in response to a trigger, like when your eye adjusts to light.",2,1.85,3,Prematurity - Discharge Summary | Discharge Summary - Migraine,"No masses or organomegaly.,GENITALIA: Normal female, but the clitoris is not covered by the labia majora.,NEUROLOGICAL: The infant has good Moro, grasp, and suck reflexes.,INSTRUCTIONS FOR CONTINUING CARE,The infant will be discharged home.",,,
renal function,Renal function,How well your kidneys are working.,2,1.85,3,Discharge Summary - 12 | Death Summary,Renal function improved with creatinine down to 1 at the time of discharge.,,,
rsv,RSV,A virus that gives you a lung infection.,2,1.85,3,Discharge Summary - 16 | Bronchiolitis - Discharge Summary,"She had a rapid RSV done, which is still not in the chart, but I believe I was told that it was negative.",,,
saline,saline,A solution made of saltwater that matches the body's fluid concentration and can be used to replace lost fluids.,2,1.85,3,Otitis Media - Discharge Summary | Bronchiolitis - Discharge Summary,"Gave D5 and quarter of normal saline at 45 mL per hour, which was just slightly above maintenance rate to help with hydration.",,,
tapering,tapering,Gradually decrease in amount or size.,2,1.85,3,Discharge Summary - COPD | Back Pain - Discharge Summary,Prednisone tapering dose 40 mg p.o.,,,
therapies,therapies,Treatment or medicine given to help cure an illness.,2,1.85,3,Knee Surgery - Discharge Summary | Back Pain - Discharge Summary,"The patient continued to make great progress with her therapies so much so that we are anticipating her discharge on Monday, 09/03/2007.,DISCHARGE DIAGNOSES:,1.",,,
thin liquids,thin liquids,"Fluids that flow easily like water, juice, or coffee.",2,1.85,3,Pneumonia & COPD - Discharge Summary | Discharge Summary - 1,"The patient was discharged as well on a dysphagia 2 diet, thin liquids are okay.",,,
tpn,TPN,It's a feeding method through a vein.,2,1.85,3,Neonatal Discharge Summary - 1 | Discharge Summary - Respiratory Failure,"Infant was transferred to Children's Hospital for higher level of care, stayed at Children's Hospital for approximately 2 weeks, and was transferred back to ABCD where he stayed until he was discharged on 08/16/2006.,HOSPITAL COURSE: , At the time of transfer to ABCD, these were the following issues.,FEEDING AND NUTRITION: , Baby was on TPN and p.o.",,,
transfusion,transfusion,When someone gets blood from a donor through a tube in their vein to replace what they've lost or need.,2,1.85,3,Leiomyosarcoma | Discharge Summary - Hip Surgery,"She did not require transfusion of red blood cells or platelets; however, on 07/26/2008 her ANC did dip to 900 and she was placed on neutropenic diet.",,,
transitional care unit,transitional care unit,A Transitional Care Unit is a special hospital area for patients who need short-term care to transition to their next place of care.,2,1.85,3,Knee Surgery - Discharge Summary | Hip Surgery - Discharge Summar,She was discharged on 08/24/2007 from ABCD Hospital and admitted to the transitional care unit at XYZ Services for evaluation and rehabilitation.,,,
viral,viral,"Related to viruses, which are tiny infectious particles.",2,1.85,3,Otitis Media - Discharge Summary | Pneumonia - Discharge Summary,"White blood cell count was 8.6 with 61% neutrophils, 21% lymphocytes, 17% monocytes, suggestive of a viral infection.",,,
white blood,white blood,"A type of cell that fights infections and diseases in the body, found in the blood and tissues.",2,1.85,3,Leiomyosarcoma | Discharge Summary - 15,"On admission, the patient's white blood count was 3.4, hemoglobin 11.3, platelet count 82, and ANC of 2400.",,,
xanax,Xanax,Xanax is a medication for anxiety and panic attacks.,2,1.85,3,Falls - Discharge Summary | Discharge Summary - 2,Continue Paxil and Xanax use was recommended.,,,
abnormality,abnormality,An abnormality is something that is unusual or different from what is typical.,2,1.85,2,Discharge Summary - 17 | Discharge Summary - 1,"Electrolyte abnormality with hyponatremia and hypokalemia - corrected.,4.",,,
adenopathy,adenopathy,Swelling or inflammation of the lymph nodes.,2,1.85,2,GI Bleed - Discharge Summary | Death Summary - 1,"No adenopathy.,LUNGS: Clear with good air movement.,HEART: Irregularly regular.",,,
administration,administration,Administering medication or treatment to someone.,2,1.85,2,Hypothermia - Discharge Summary | Abscess with Cellulitis - Discharge Summary,A cortisol level was obtained prior to administration of hydrocortisone.,,,
against medical advice,against medical advice,When a patient is told to stay in the hospital but decides to leave.,2,1.85,2,Renal Disease - Discharge Summary | Psychiatric Discharge Summary,"The patient stated that he was reluctant to proceed with the test and he was afraid of needles and the risks associated with the test although the procedure was explained to the patient and the risks of the procedure were quit low, the patient proceeded to discharge himself against medical advice.,DISCHARGE INSTRUCTIONS/MEDICATIONS:,The patient left AMA.",,,
am,am,AM means the morning.,2,1.85,2,Laryngitis - Discharge | Gastrointestinal Bleed - Discharge Summary,"We did not complete his __________ ratio during his last session; so, I am unsure if he had met his short-term goal number 2.,4.",,,
ambulated,ambulated,Ambulated means to walk or move around.,2,1.85,2,Discharge Summary - Gastric Bypass | Discharge Summary - 10,She has ambulated and had no complaints.,,,
amounts,amounts,Amounts refer to quantities of something.,2,1.85,2,Neonatal Discharge Summary - 1 | Discharge Summary - 5,"Feeding amounts at the time of discharge was between 35 to 50 mL per feed and weight was 1797 grams.,RESPIRATIONS: , At the time of admission, baby was not having any apnea spells, no bradycardia or desaturations, was saturating well on room air and continued to do well on room air until the time of discharge.,HYPOGLYCEMIA: , Baby began to experience hypoglycemic episodes on 07/24/2006.",,,
aortic,aortic,"Relating to the largest artery in the body, the aorta.",2,1.85,2,Discharge Summary - 19 | Discharge Summary - 1,"The patient has right hip brace/immobilizer.,HEART: Irregularly irregular heart rhythm, grade 2-3/6 systolic ejection murmur best heard over the aortic area and normal S1 and S2.,CHEST: Auscultation revealed bibasilar crackles.,ABDOMEN: Soft, nontender, no organomegaly and bowel sounds are present.,CNS: Nonfocal.,LABORATORY STUDIES: , WBC 6.5, hemoglobin 12.5, hematocrit 38.9, platelet count 177,000, INR 1.2, sodium 141, potassium 3.6 and serum creatinine of 0.8.",,,
appetite,appetite,Wanting to eat food.,2,1.85,2,Discharge Summary - Respiratory Failure | Discharge Summary - Hemodialysis,"He has remained on TPN throughout his time here, but his appetite and his p.o.",,,
arthrodesis,Arthrodesis,A surgery to fuse a joint together to stop movement.,2,1.85,2,Neck Pain - Discharge Summary | Back & Leg Pain - Discharge Summary,"Arthrodesis with anterior interbody fusion C4-C5, C5-C6, and C6-C7.,3.",,,
aspirated,aspirated,Sucking fluid out of a body part.,2,1.85,2,Discharge Summary - Nephrology | Death Summary,The contents were aspirated and careful dissection of the cyst wall was performed.,,,
bilateral salpingo-oophorectomy,bilateral salpingo-oophorectomy,A surgery to remove both ovaries and fallopian tubes.,2,1.85,2,Mullerian Adenosarcoma | BRCA-2 mutation,"She was discharged on the morning of the seventh postoperative day.,OPERATIONS: , July 25, 2006: Total abdominal hysterectomy, bilateral salpingo-oophorectomy.,DISCHARGE CONDITION: , Stable., ,PLAN: , The patient will remain at rest initially with progressive ambulation thereafter.",,,
blood sugar,blood sugar,Blood sugar is the amount of sugar in your blood.,2,1.85,2,Discharge Summary - Cerebral Palsy | Discharge Summary - 11,"Comprehensive metabolic profile was unremarkable, except for a nonfasting blood sugar of 137, lactic acid was 0.8.",,,
blood transfusion,blood transfusion,A blood transfusion is when someone gets blood or parts of blood through their veins to replace lost blood or blood cells.,2,1.85,2,Discharge Summary - Peripheral vascular disease | Discharge Summary - Hip Surgery,"The patient's postoperative course was complicated initially by acute blood-loss anemia, requiring blood transfusion.",,,
bradycardia,bradycardia,Bradycardia is when your heart beats slower than it should.,2,1.85,2,Neonatal Discharge Summary - 1 | Discharge Summary - 13,"Feeding amounts at the time of discharge was between 35 to 50 mL per feed and weight was 1797 grams.,RESPIRATIONS: , At the time of admission, baby was not having any apnea spells, no bradycardia or desaturations, was saturating well on room air and continued to do well on room air until the time of discharge.,HYPOGLYCEMIA: , Baby began to experience hypoglycemic episodes on 07/24/2006.",,,
calcified,calcified,Calcified means hardened by calcium deposits.,2,1.85,2,Urology Discharge Summary | Gastroenteritis - Discharge Summary,"Chest x-ray calcified old granulomatous disease, otherwise normal.",,,
cardiac catheterization,cardiac catheterization,A medical test and treatment where a long tube is placed into an artery to check and fix heart issues.,2,1.85,2,Discharge Summary | Cardiac Transfer Summary,"Recent evaluation and treatment, including cardiac catheterization, which did not show any coronary artery disease.,3.",,,
carotid artery,carotid artery,A big vessel that moves oxygen-rich blood from the heart to the head.,2,1.85,2,Discharge Summary - Peripheral vascular disease | Discharge Summary - 6,"Peripheral vascular disease, bilateral carotid artery stenosis status post bilateral carotid endarterectomies.,2.",,,
cat scan,CAT scan,A CAT scan is a type of special x-ray used to create detailed images of the inside of the body.,2,1.85,2,Discharge Summary - 7 | Discharge Summary - 9,"Blood cultures stayed negative.,In view of the positive CMV, PCR, and the changes in her CAT scan, the patient was taken for a bronchoscopy.",,,
catheter,catheter,A catheter is a tiny tube inserted into the body to take out or put in fluids.,2,1.85,2,Hysterectomy - Discharge Summary - 2 | Discharge Summary - 13,Followup will be in ten days for a cystogram and catheter removal with followup in the office at that time.,,,
cefazolin,cefazolin,A medication for fighting certain bacterial infections.,2,1.85,2,Discharge Summary - Cerebral Palsy | Discharge Summary - 13,"Cerebral palsy.,DISCHARGE INSTRUCTIONS: , The patient would be discharged on his usual Valium 10-20 mg at bedtime for spasticity, Flomax 0.4 mg daily, cefazolin 500 mg q.i.d., and Lotrimin cream between toes b.i.d.",,,
chest x-rays,chest x-rays,A photo that shows what's inside your chest.,2,1.85,2,Multiple Medical Problems - Discharge Summary | CHF & Pleural Effusion - Discharge Summary,"Her symptoms decreased and serial chest x-rays were followed, which showed some resolution of the illness.",,,
clostridium,Clostridium,A group of bacteria found all over that can cause various infections.,2,1.85,2,Gastroenteritis - Discharge Summary | Chronic Abscesses - Discharge Summary,"Upon discharge, his hemoglobin and hematocrit stayed at 10.9 and 31.3 and he was still having stool guaiac positive blood, and a stool study was done which showed few white blood cells, negative for Clostridium difficile and moderate amount of occult blood and moderate amount of RBCs.",,,
collecting system,collecting system,The collecting system is like a drainage system in the kidney that collects urine.,2,1.85,2,Discharge Summary - Urology & Nephrology | Discharge Summary - Urology,"At the time of removal, we were unable to place another tube within the collecting system, and the patient was admitted for percutaneous nephrostomy placement.",,,
cpr,CPR,CPR is used to restart someone's heart in an emergency.,2,1.85,2,Neonatal Discharge Summary - 1 | Neonatal Discharge Summary,"The patient is to get followup exam after discharge.,DISCHARGE DIAGNOSIS: , Stable ex-32-weeks preemie.,DISCHARGE INSTRUCTIONS: , The patient has been educated on CPR measures.",,,
cranial nerves,Cranial nerves,Nerves that transmit signals from the eye to the brain.,2,1.85,2,Otitis Media - Discharge Summary | ER Report - Chest Pain & Fever,"Cranial nerves II through XII are grossly intact.,LABORATORY FINDINGS: , He had electrolytes, BUN and creatinine, and glucose all of which were within normal limits.",,,
deep venous thrombosis,deep venous thrombosis,A blood clot that forms in a deep vein in the body.,2,1.85,2,Knee Osteoarthrosis - Discharge Summary | Discharge Summary - Mesothelioma - 1,Mechanical and chemical deep venous thrombosis (DVT) prophylaxis were initiated.,,,
deficit,deficit,Not having enough of something.,2,1.85,2,Speech Therapy - Discharge Summary | Discharge Summary - 15,"She continues to have an overall mild cognitive-linguistic deficit, but this is significantly improved from her initial evaluation, which showed severe impairment., ,The patient does no longer need a skilled speech therapy because she has accomplished all of her goals and her progress has plateaued.",,,
deficits,deficits,Deficits mean not having enough of something.,2,1.85,2,ER Report - Chest Pain & Fever | Cognitive Linguistic Impairment - Discharge,She has not had any musculoskeletal or neurological deficits.,,,
degenerative,degenerative,Degenerative means getting weaker or worse over time.,2,1.85,2,Discharge Summary - 17 | Back Pain - Discharge Summary,She complained of some back discomfort and lumbosacral back x-ray did reveal some evidence of mild degenerative disk disease with no obvious compression fracture acute noted and she will be followed by Dr.,,,
diabetes type,diabetes type,"A condition where blood sugar levels are high due to the body not using insulin properly, commonly found in adults.",2,1.85,2,Gastroenteritis - Discharge Summary | ER Report - Chest Pain & Fever,"X with 25-pack-year history, also a history of diabetes type 2, dyslipidemia, hypertension, hemorrhoids, chronic obstructive pulmonary disease, and a left lower lobe calcified granuloma that apparently is stable at this time.",,,
diaphoresis,diaphoresis,Heavy sweating.,2,1.85,2,Renal Disease - Discharge Summary | COPD - Discharge Summary,"He denied any palpitations, warmth, or diaphoresis, which is indicative of vasovagal syncope.",,,
discectomy,discectomy,A discectomy is a surgery to remove part of a damaged spinal disc to ease pressure on the nerves.,2,1.85,2,Neck Pain - Discharge Summary | Anterior Cervical Discectomy & Fusion - Discharge Summary,"Anterior cervical discectomy with decompression C4-C5, C5-C6, and C6-C7.,2.",,,
dissection,dissection,Dissection is cutting and separating tissues during surgery.,2,1.85,2,Discharge Summary - Nephrology | D&C - Discharge Summary,The contents were aspirated and careful dissection of the cyst wall was performed.,,,
distended,distended,Distended means stretched out or swollen.,2,1.85,2,Goldenhar Syndrome - Discharge Summary | Cardio/Pulmo Discharge Summary,"ABDOMEN: Moderately distended, but soft.",,,
diuretics,diuretics,A medication that makes you pee more.,2,1.85,2,Discharge Summary - 9 | Death Summary - 2,"The patient was treated with ACE inhibitors, diuretics, Aldactone, and Lasix, and improved.",,,
dnr,DNR,DNR means not restarting someone's heart or lungs if they stop working to allow for a natural death.,2,1.85,2,Death Summary - 2 | Death Summary - 1,The patient's family wanted her to be a DNR and DNI.,,,
draining,draining,"Removing excess liquid from inside the body, a wound, or an infected area.",2,1.85,2,Mastoiditis - Discharge Summary | Discharge Summary - Urology & Nephrology,The child has had very severe ear pain and blood draining from the right ear.,,,
duration,duration,How long something lasts.,2,1.85,2,Discharge Summary - ATV Accident | Discharge Summary - 3,"Throughout the duration of the procedure, the patient had a palpable distal radial pulse.",,,
dyslipidemia,dyslipidemia,"Dyslipidemia means having abnormal fat levels in your blood, which can be too low or too high.",2,1.85,2,Gastroenteritis - Discharge Summary | Discharge Summary - 6,"X with 25-pack-year history, also a history of diabetes type 2, dyslipidemia, hypertension, hemorrhoids, chronic obstructive pulmonary disease, and a left lower lobe calcified granuloma that apparently is stable at this time.",,,
dyspneic,dyspneic,Struggling to breathe.,2,1.85,2,COPD - Discharge Summary | Cardio/Pulmo Discharge Summary,"He was seen by me in the office on the day of admission and noted to be dyspneic with audible wheezing and he was admitted for acute asthmatic bronchitis, superimposed upon longstanding COPD.",,,
electrolyte,electrolyte,An electrolyte is a charged substance found in body fluids like sodium.,2,1.85,2,Discharge Summary - 18 | Discharge Summary - 17,Her electrolyte abnormalities resolved.,,,
elixir,Elixir,A fancy drink that hides the taste of medicine.,2,1.85,2,Discharge Summary - Gastric Bypass | Cholecystitis - Discharge Summary,"She is instructed just to resume her discharge medications.,DISCHARGE MEDICATIONS:, She was given a scripts for Lortab Elixir, Flexeril, ursodiol, and Colace.",,,
endoscopy,endoscopy,Using a tool to see inside the digestive tract and treat issues like removing growths.,2,1.85,2,Discharge Summary - 9 | Discharge Summary - 2,"She has had extensive work up and had her gallbladder removed on April 22, 2007, and had an endoscopy, which had demonstrative gastric ulcer disease apparently about a year ago.",,,
erythema,erythema,Skin redness.,2,1.85,2,Discharge Summary - Cerebral Palsy | Abscess with Cellulitis - Discharge Summary,"On this regimen, his lower extremity edema and erythema resolved quite rapidly.,Because of urinary frequency, a bladder scan was done suggesting about 600 cc of residual urine.",,,
ethmoid sinuses,ethmoid sinuses,Hollow spaces in the bones around the nose.,2,1.85,2,Discharge Summary - 5 | Discharge Summary - 1,"She had her last course of chemotherapy on MM/DD/YYYY followed by radiation treatment to the ethmoid sinuses on MM/DD/YYYY.,HOSPITAL COURSE: ,1.",,,
exacerbated,exacerbated,Making something worse.,2,1.85,2,Pneumonia & COPD - Discharge Summary | Discharge Summary - 18,"Aspiration disorder exacerbated by chronic obstructive pulmonary disease and acute respiratory failure.,11.",,,
exposure,exposure,Exposure means being affected by something.,2,1.85,2,Prematurity - Discharge Summary | Discharge Summary - 8,"Group B streptococcus exposure, but no sepsis.,3.",,,
fatigue,fatigue,Feeling exhausted and lacking energy.,2,1.85,2,GI Bleed - Discharge Summary | Discharge Summary - 3,"CHIEF COMPLAINT:, GI bleed.,HISTORY OF PRESENT ILLNESS:, The patient is an 80-year-old white female with history of atrial fibrillation, on Coumadin, who presented as outpatient, complaining of increasing fatigue.",,,
flank,flank,The area on your body between your ribs and hip.,2,1.85,2,TAH - Discharge Summary | Discharge Summary - Urology & Nephrology,The patient denied any abdominal pain or flank pain.,,,
flexibility,flexibility,Flexibility means how much you can move your joints and muscles.,2,1.85,2,Knee Surgery - Discharge Summary | Cognitive Linguistic Impairment - Discharge,"She remarked that she had a better degree of flexibility, but she did report an increased need for pain management.",,,
flexible,flexible,"Flexible means able to move, bend, and stretch easily.",2,1.85,2,Discharge Summary - Nephrology | Discharge Summary - Mesothelioma,"Additionally, the patient underwent flexible cystoscopy, which revealed no gross strictures or any other abnormalities in the penile nor prostatic urethra.",,,
fluid overload,fluid overload,Having too much fluid in your blood.,2,1.85,2,ORIF - Discharge Summary | COPD & Bronchitis - Discharge Summary,"The patient spent the next several days on the floor, nonweightbearing with CPM machine in place, developed a brief period of dyspnea, which seems to have resolved and may have been a combination of bronchitis, thick secretions, and fluid overload.",,,
focal,focal,Focal means focusing on a specific spot or area.,2,1.85,2,Neurology - Discharge Summary | Pneumonia - Discharge Summary,The patient did not have any focal signs.,,,
folic acid,folic acid,Folic acid is a type of B vitamin.,2,1.85,2,Lap Chole - Discharge Summary | Discharge Summary - 7,"daily, folic acid 1 mg p.o.",,,
gastroenterologist,gastroenterologist,"A doctor who helps with tummy, gut, and liver issues.",2,1.85,2,Multiple Medical Problems - Discharge Summary | Discharge Summary - 9,"B, her gastroenterologist, regarding any issues with her J-tube.,CONDITION ON DISCHARGE: , Stable.",,,
general anesthesia,general anesthesia,Putting someone into a deep sleep where they feel no pain using a machine for breathing during surgery.,2,1.85,2,Hysterectomy - Discharge Summary - 2 | Hysterectomy - Discharge Summary - 1,"Discharge hemoglobin 10.8.,HOSPITAL COURSE: , She was taken to the operating room on 04/02/2007 where a total vaginal hysterectomy was performed under general anesthesia.",,,
generalized,generalized,Generalized means not focusing on one specific area.,2,1.85,2,Discharge Summary - Respiratory Failure | Discharge Summary - Multiple Trauma,He does have some generalized redness around his abdominal region and groin.,,,
gestational age,gestational age,How long a pregnancy has been going on for.,2,1.85,2,Prematurity - Discharge Summary | Neonatal Discharge Summary - 1,"Appropriate for gestational age.,3.",,,
gi bleed,GI bleed,Bleeding that happens somewhere in the digestive system.,2,1.85,2,GI Bleed - Discharge Summary | Discharge Summary - 2,"CHIEF COMPLAINT:, GI bleed.,HISTORY OF PRESENT ILLNESS:, The patient is an 80-year-old white female with history of atrial fibrillation, on Coumadin, who presented as outpatient, complaining of increasing fatigue.",,,
global,global,"All over the place, not just in one spot.",2,1.85,2,Speech Therapy - Discharge Summary - 1 | Discharge Summary - 9,"At the onset of therapy, on 03/26/08, the patient was NPO with a G-tube and the initial speech and language evaluation revealed global aphasia with an aphasia quotient of 3.6/100 based on the Western Aphasia Battery.",,,
heart disease,heart disease,Heart disease is a health problem that impacts the heart or blood vessels.,2,1.85,2,Lap Chole - Discharge Summary | Discharge Summary - 19,"The patient also had Premarin that she was taking, advised to discontinue because of increased risk of heart disease and stroke explained to the patient.",,,
hemoptysis,hemoptysis,Coughing up blood.,2,1.85,2,Hip Surgery - Discharge Summar | Back Pain - Discharge Summary,"The patient denies any cardiopulmonary symptoms such as chest pain, palpitation, pain in the upper neck and down to her arm, difficulty breathing, shortness of breath, or hemoptysis.",,,
hemostasis,hemostasis,When your body stops bleeding.,2,1.85,2,Discharge Summary - Nephrology | D&C - Discharge Summary,"The renal bed was inspected for hemostasis, which appear to be adequate.",,,
hernia,hernia,A hernia is when an organ pokes through a hole in a muscle.,2,1.85,2,Cholecystitis - Discharge Summary | Back Pain - Discharge Summary,"Laparoscopic paraventral hernia in 11/07.,3.",,,
hygiene,hygiene,Keeping yourself clean to stay healthy.,2,1.85,2,Psychiatric Discharge Summary | Laryngitis - Discharge,Appearance showed fair hygiene and grooming.,,,
hyponatremia,hyponatremia,Low sodium levels in the blood.,2,1.85,2,Discharge Summary - 17 | Death Summary - 1,"Electrolyte abnormality with hyponatremia and hypokalemia - corrected.,4.",,,
hypoxic,hypoxic,When your body doesn't get enough oxygen.,2,1.85,2,Death Summary | Discharge Summary,"Continued to be severely hypoxic.,The patient expired on the morning of 12/24/08 from acute respiratory failure.",,,
impairment,impairment,"Impairment is when someone has lost some or all of their ability to do certain things like hearing, seeing, walking, or learning.",2,1.85,2,Speech Therapy - Discharge Summary | Cognitive Linguistic Impairment - Discharge,"She continues to have an overall mild cognitive-linguistic deficit, but this is significantly improved from her initial evaluation, which showed severe impairment., ,The patient does no longer need a skilled speech therapy because she has accomplished all of her goals and her progress has plateaued.",,,
infusion,infusion,Injecting liquids or medications directly into a vein in your body.,2,1.85,2,Leiomyosarcoma | Discharge Summary - Peripheral vascular disease,"XYZ for cycle six of continuous IV infusion Cytoxan, Adriamycin, and DTIC, which she tolerated well.,2.",,,
interval,interval,Interval is the distance or time gap between two specific points.,2,1.85,2,Discharge Summary - Lymphoma | Discharge Summary - COPD,"During cycle three, repeat MRI showed interval worsening of disease, and Rituxan was added to her regimen.",,,
intraoperatively,intraoperatively,During surgery.,2,1.85,2,Hysterectomy - Discharge Summary - 2 | Discharge Summary - Nephrology,This was repaired intraoperatively without difficulty.,,,
jugular,jugular,A vein in your neck that brings blood from your brain to your heart.,2,1.85,2,Hypothermia - Discharge Summary | Cardio/Pulmo Discharge Summary,An external jugular line was placed in the Intensive Care Unit.,,,
kidneys,kidneys,Kidneys are organs that clean the body by making pee.,2,1.85,2,Discharge Summary - Urology | Discharge Summary - 8,"During the workup for this, he had a CT of the abdomen and pelvis with and without contrast with early and late-phase imaging for evaluation of the kidneys and collecting system.",,,
laboratories,LABORATORIES,A laboratory is a place where experiments and research are conducted.,2,1.85,2,Discharge Summary - Urology & Nephrology | Discharge Summary - 12,"ADMITTING DIAGNOSES:, Solitary left kidney with obstruction, and hypertension, and chronic renal insufficiency.,DISCHARGE DIAGNOSES: , Solitary left kidney with obstruction and hypertension and chronic renal insufficiency, plus a Pseudomonas urinary tract infection.,PROCEDURES: , Cystoscopy under anesthesia, ureteroscopy, an attempted tube placement, stent removal with retrograde pyelography, percutaneous tube placement, and nephrostomy by Radiology.,PERTINENT LABORATORIES: , Creatinine of 1.4.",,,
left lower lobe,left lower lobe,It's the bottom part of the left lung.,2,1.85,2,Gastroenteritis - Discharge Summary | Death Summary - 1,"X with 25-pack-year history, also a history of diabetes type 2, dyslipidemia, hypertension, hemorrhoids, chronic obstructive pulmonary disease, and a left lower lobe calcified granuloma that apparently is stable at this time.",,,
lethargy,lethargy,"Feeling tired and sluggish, with low energy and difficulty focusing.",2,1.85,2,Otitis Media - Discharge Summary | Discharge Summary - 12,Parents were instructed also to call if new symptoms occurred or he had return if difficulties with breathing or increased lethargy.,,,
leukocyte,leukocyte,White blood cells that fight off infections and other invaders in the body.,2,1.85,2,ER Report - Chest Pain & Fever | Discharge Summary - 1,"Urinalysis showed positive nitrites, positive leukocyte esterase, 5 to 10 white cells per high power field, and 1+ bacteria rods.",,,
line,line,A line is a small tube placed into a blood vessel.,2,1.85,2,Hypothermia - Discharge Summary | Abscess with Cellulitis - Discharge Summary,An external jugular line was placed in the Intensive Care Unit.,,,
lumbar puncture,lumbar puncture,A medical procedure involving a needle inserted between spinal bones to collect spinal fluid.,2,1.85,2,ER Report - Chest Pain & Fever | Discharge Summary - Migraine,"In addition, the patient complained of some neck and head discomfort for which she underwent a lumbar puncture in the emergency room; this was normal, causes turned out to be normal as well.",,,
lymph nodes,lymph nodes,Glands in your body that help fight off infections.,2,1.85,2,Pancreatic Mass - Discharge Summary | Multiple Medical Problems - Discharge Summary,"A thin-slice CT scan was performed, which revealed a 4 x 3 x 2 cm pancreatic mass with involved lymph nodes and ring enhancing lesions consistent with liver metastases.",,,
malnourishment,malnourishment,Not getting enough food or the right nutrients to stay healthy.,2,1.85,2,Discharge Summary - Respiratory Failure | Discharge Summary - Hemodialysis,"Protein malnourishment improving.,6.",,,
maternal,Maternal,Maternal refers to the mother or her family.,2,1.85,2,Prematurity - Discharge Summary | Cholestasis Of Pregnancy,"Maternal group B streptococcus positive culture.,DISCHARGE DIAGNOSES,1.",,,
membranes,membranes,A membrane is a super thin layer of tissue that covers a surface.,2,1.85,2,Otitis Media - Discharge Summary | Kawasaki Disease - Discharge Summary,"Tympanic membranes were red and yellow, and opaque bilaterally.",,,
menorrhagia,Menorrhagia,When a woman has excessively heavy menstrual bleeding.,2,1.85,2,Hysterectomy - Discharge Summary - 1 | Hysterectomy - Discharge Summary,"Menorrhagia.,2.",,,
mesothelioma,Mesothelioma,A type of cancer affecting the chest or abdomen lining.,2,1.85,2,Discharge Summary - Mesothelioma - 1 | Discharge Summary - Mesothelioma,"PRINCIPAL DIAGNOSIS:, Mesothelioma.,SECONDARY DIAGNOSES:, Pleural effusion, atrial fibrillation, anemia, ascites, esophageal reflux, and history of deep venous thrombosis.,PROCEDURES,1.",,,
modified barium swallow,modified barium swallow,It's a test to check if food or drink is going into your lungs.,2,1.85,2,Speech Therapy - Discharge Summary - 1 | Pneumonia & COPD - Discharge Summary,"The patient met 3 out of 4 original short-term therapy goals, which were to complete a modified barium swallow study, which she did do and which revealed no aspiration.",,,
nasal congestion,nasal congestion,A blocked or stuffed-up nose that makes it difficult to breathe.,2,1.85,2,Otitis Media - Discharge Summary | Discharge Summary,"He has also had intermittent cough, nasal congestion, and rhinorrhea and no history of rashes.",,,
necrotic,necrotic,Tissue or skin death.,2,1.85,2,Discharge Summary - Peripheral vascular disease | Chronic Abscesses - Discharge Summary,"He underwent debridement of skin, subcutaneous tissue, muscle, and bone to remove the necrotic tissue from the stump.",,,
nitrofurantoin,nitrofurantoin,A medication that helps with urinary tract infections.,2,1.85,2,ER Report - Chest Pain & Fever | Discharge Summary - 19,"CHIEF COMPLAINT: , Chest pain and fever.,HISTORY OF PRESENT ILLNESS: , This 48-year-old white married female presents in the emergency room after two days of increasing fever with recent diagnosis of urinary tract infection on outpatient treatment with nitrofurantoin.",,,
nonproductive,nonproductive,A dry cough that doesn't produce phlegm or mucus.,2,1.85,2,Discharge Summary - Mesothelioma - 1 | Discharge Summary - 17,"On August 31, 2007, Port-A-Cath placement.,HISTORY AND PHYSICAL: , The patient is a 41-year-old Vietnamese female with a nonproductive cough that started last week.",,,
normal saline,normal saline,Saltwater mixture used in healthcare for various purposes like IV fluids and wound cleansing.,2,1.85,2,Otitis Media - Discharge Summary | Goldenhar Syndrome - Discharge Summary,"Gave D5 and quarter of normal saline at 45 mL per hour, which was just slightly above maintenance rate to help with hydration.",,,
npo,NPO,To not give a patient any food or drinks through their mouth.,2,1.85,2,Speech Therapy - Discharge Summary - 1 | Discharge Summary - Urology & Nephrology,"At the onset of therapy, on 03/26/08, the patient was NPO with a G-tube and the initial speech and language evaluation revealed global aphasia with an aphasia quotient of 3.6/100 based on the Western Aphasia Battery.",,,
oncologist,oncologist,A doctor specialized in treating cancer patients.,2,1.85,2,Multiple Medical Problems - Discharge Summary | Back Pain - Discharge Summary,"Z, her oncologist, regarding the positive lymph nodes.",,,
orders,orders,Instructions given by a healthcare provider for the care of a patient in a hospital.,2,1.85,2,Chronic Abscesses - Discharge Summary | Bronchiolitis - Discharge Summary,Donor site and graft site dressing instruction orders were given for Home Health and the patient.,,,
origin,origin,Where something came from.,2,1.85,2,Discharge Summary - 7 | Discharge Summary - 9,"REASON FOR ADMISSION: , Fever of unknown origin.,HISTORY OF PRESENT ILLNESS: , The patient is a 39-year-old woman with polymyositis/dermatomyositis on methotrexate once a week.",,,
oropharynx,Oropharynx,The part in the back of your mouth that is also part of your throat.,2,1.85,2,Otitis Media - Discharge Summary | Discharge Summary - Respiratory Distress,Oropharynx was slightly moist and pink.,,,
palpitations,palpitations,Feeling like your heart is racing or skipping beats.,2,1.85,2,Renal Disease - Discharge Summary | Back Pain - Discharge Summary,"He denied any palpitations, warmth, or diaphoresis, which is indicative of vasovagal syncope.",,,
patchy,patchy,Irregular and uneven.,2,1.85,2,Pneumonia & COPD - Discharge Summary | Pneumonia - Discharge Summary,"There was also more pronounced patchy alveolar opacity, which appeared to be, ""mass like"" in the right suprahilar region.",,,
patellar,patellar,In front of the knee.,2,1.85,2,Pyelonephritis - Discharge Summary | Knee Arthroplasty - Discharge Summary,She was exquisitely tender to touch of the patellar tendon.,,,
pathologic,pathologic,"Pathologic means caused by disease, injury, tissue, or process.",2,1.85,2,Leiomyosarcoma | Hysterectomy - Discharge Summary,"She eventually underwent a partial resection found to have pathologic grade 2 leiomyosarcoma, margins were impossible to assess, but were likely positive.",,,
pediatrician,Pediatrician,A doctor specializing in healthcare for kids and teenagers.,2,1.85,2,Neonatal Discharge Summary | Discharge Summary - ATV Accident,"foods and was sucking properly, was taking ad lib feeds and gaining weight.,ADMISSION DIAGNOSES:, Respiratory distress, rule out sepsis and prematurity.,DISCHARGE DIAGNOSES:, Stable, ex-34-week preemie.,Pediatrician after discharge will be Dr.",,,
pediatrics,Pediatrics,Pediatrics: the branch of medicine that focuses on kids and their health issues.,2,1.85,2,Prematurity - Discharge Summary | Discharge Summary - ATV Accident,"She will have home health visits one time per week for 3 weeks, and she will be seen in followup at San Juan Pediatrics the week of October 20, 2003.",,,
peptic ulcer disease,peptic ulcer disease,"A condition where the stomach lining is damaged by stomach acid, causing digestive troubles.",2,1.85,2,Discharge Summary - 9 | Discharge Summary - 13,"It was not clear whether her nausea and abdominal pain were due to gastritis, peptic ulcer disease/gastric ischemia, or cardiac origin.",,,
peripheral,peripheral,Part of the nervous system outside the brain or spinal cord.,2,1.85,2,Discharge Summary - ATV Accident | Discharge Summary - 19,"However, frequent checks of his distal pulses indicated that he had strong peripheral pulses in the left upper extremity.",,,
peripherally,peripherally,Something that is peripherally is close to the edge or outer part.,2,1.85,2,Discharge Summary - Respiratory Distress | Discharge Summary - Lymphoma,"Well perfused peripherally.,ABDOMEN: Bowel sounds present.",,,
phototherapy,phototherapy,Using light to treat physical or mental illnesses.,2,1.85,2,Prematurity - Discharge Summary | Neonatal Discharge Summary - 1,"She was treated for approximately 24 hours with phototherapy and the bilirubin on October 15, 2003 was 3.4.,FEEDING: , The infant has had some difficulty with feeding, but at the time of discharge, she is taking approximately 30 mL every feeding and is taking Formula or breast milk, that is, ___ 24 calories per ounce.,PHYSICAL EXAMINATION:, ,VITAL SIGNS: At discharge, reveals a well-developed infant whose temperature is 98.3, pulse 156, respirations 35, her weight is 1779 g (1% below her birthweight).,HEENT: Head is normocephalic.",,,
plantar,plantar,The underside of the foot.,2,1.85,2,Discharge Summary - Migraine | Abscess with Cellulitis - Discharge Summary,"Babinski reflexes are plantar.,DISPOSITION:, The patient is discharged home.,INSTRUCTIONS FOR FOLLOWUP: ,The patient is to followup with her primary care physician as needed.",,,
pneumonitis,pneumonitis,Inflammation in the lungs.,2,1.85,2,Pneumonia - Discharge Summary | Discharge Summary - 7,Methotrexate is known on some occasions to cause pneumonitis.,,,
port,Port,A port is a device that goes under the skin for giving medication or drawing blood over a long period.,2,1.85,2,Discharge Summary - Lymphoma | Discharge Summary - Mesothelioma - 1,Cultures were drawn peripherally and from the Port-A-Cath which both grew out Gram-negative rods within 12 hours.,,,
precautions,precautions,Steps taken in advance to avoid any potential harm or danger.,2,1.85,2,Hemiarthroplasty - Discharge Summary | Discharge Summary - Lymphoma,"Activity, ambulate as tolerated with posterior hip precautions.",,,
preoperatively,preoperatively,Before surgery.,2,1.85,2,Knee Surgery - Discharge Summary | Cholestasis Of Pregnancy,"She reports that she had been doing quite a bit of gardening just prior to surgery and this was most likely contact dermatitis, most likely due to her gardening activities preoperatively.",,,
prescriptions,Prescriptions,A prescription is a doctor's order for medication or treatment.,2,1.85,2,Knee Osteoarthrosis - Discharge Summary | Anterior Cervical Discectomy & Fusion - Discharge Summary,"Prescriptions were written for Percocet and Coumadin.,INSTRUCTIONS: , Home physical therapy and PT and INR to be drawn at home for adjustment of Coumadin dosing.,",,,
prevacid,Prevacid,A medicine that decreases stomach acid production.,2,1.85,2,Kawasaki Disease - Discharge Summary | Discharge Summary - 1,for 14 days and then Prevacid also to prevent his GI from aspirin 15 mg p.o.,,,
primary care,primary care,A primary care provider is a doctor who takes care of your general health needs.,2,1.85,2,Kawasaki Disease - Discharge Summary | Discharge Summary - Respiratory Distress,"Cardiology for echo followup in 4 to 6 weeks and instructed not to give any vaccine in less than 11 months because of IVIG, all the live virus vaccine, and if he gets any rashes, any fevers, should go to primary care doctor as soon as possible.",,,
profile,profile,A profile is a collection of characteristics that help recognize something.,2,1.85,2,Discharge Summary - Cerebral Palsy | Discharge Summary - 6,"Comprehensive metabolic profile was unremarkable, except for a nonfasting blood sugar of 137, lactic acid was 0.8.",,,
radiating,radiating,"Spreading out from one central point to other areas, like pain moving from the upper back.",2,1.85,2,Neck Pain - Discharge Summary | Discharge Summary - Mesothelioma - 1,"Allograft.,COMPLICATIONS:, None.,COURSE ON ADMISSION: , This is the case of a very pleasant 41-year-old Caucasian female who was seen in clinic as an initial consultation on 09/13/07 complaining of intense neck pain radiating to the right shoulder blade to top of the right shoulder in to the right upper extremity to the patient's hand.",,,
radiation,Radiation,High energy rays used to kill cancer cells.,2,1.85,2,Discharge Summary - Mesothelioma | Discharge Summary - 5,"Radiation Oncology.,2.",,,
ratio,ratio,A ratio is when you compare one thing to another.,2,1.85,2,Post Thyroidectomy - Discharge Summary | Laryngitis - Discharge,"She presented now after informed consent for the above procedure, understanding the inherent risks and complications and risk-benefit ratio.,HOSPITAL COURSE: ,The patient underwent total thyroidectomy on 09/22/08, which she tolerated very well and remained stable in the postoperative period.",,,
rbcs,RBCs,Blood cells that carry oxygen to the body's tissues.,2,1.85,2,Gastroenteritis - Discharge Summary | Discharge Summary - 7,"Upon discharge, his hemoglobin and hematocrit stayed at 10.9 and 31.3 and he was still having stool guaiac positive blood, and a stool study was done which showed few white blood cells, negative for Clostridium difficile and moderate amount of occult blood and moderate amount of RBCs.",,,
red reflex,Red reflex,Reflection of red light from the back of the eye that helps detect eye problems.,2,1.85,2,Prematurity - Discharge Summary | Goldenhar Syndrome - Discharge Summary,Red reflex is elicited bilaterally.,,,
reduce,reduce,To decrease.,2,1.85,2,Renal Disease - Discharge Summary | Discharge Summary - 17,Cardiology was consulted and their recommendations were to reduce the lisinopril to 5 mg daily.,,,
residual disease,residual disease,Cancer cells that remain even after trying to get rid of them.,2,1.85,2,Leiomyosarcoma | Hysterectomy - Discharge Summary - 2,"She eventually underwent surgical resection on May 1, 2008 with small area of residual disease, but otherwise clear margins.,HOSPITAL COURSE:,1.",,,
response,response,How well a condition reacts to a treatment.,2,1.85,2,Pancreatic Mass - Discharge Summary | Death Summary,"It did not, initially, respond well to Phenergan, though after stent placement, he was significantly more comfortable and had less nausea, and in fact, had better response to the Phenergan itself.",,,
retinal,retinal,"Related to the retina, which is the part of the eye that captures light and sends signals to the brain.",2,1.85,2,Neonatal Discharge Summary - 1 | Discharge Summary - Migraine,"ADMITTING DIAGNOSES:, Respiratory distress syndrome, intrauterine growth restriction, thrombocytopenia, hypoglycemia, retinal immaturity.,HISTORY OF PRESENTING ILLNESS: , The baby is an ex-32 weeks small for gestational age infant with birth weight 1102.",,,
right coronary artery,right coronary artery,A blood vessel on the right side of the heart that brings blood to the heart.,2,1.85,2,Neonatal Discharge Summary - 1 | Discharge Summary - 6,"The lab showing normal antegrade flow across the right coronary artery as well as the left main and left anterior descending coronary artery, then the circumflex coronary artery.,CNS:, Infant had a head ultrasound done to rule out intracranial abnormalities and intracranial hemorrhage.",,,
right upper lobe,right upper lobe,A section of the right lung.,2,1.85,2,Discharge Summary - Respiratory Distress | Bronchiolitis - Discharge Summary,"An x-ray was without infiltrate on initial review by the hospitalist, but there was a right upper lobe infiltrate versus atelectasis per the official radiology reading.",,,
rods,rods,"Rods are a type of bacteria that have a long, cylindrical shape.",2,1.85,2,ER Report - Chest Pain & Fever | Discharge Summary - Lymphoma,"Urinalysis showed positive nitrites, positive leukocyte esterase, 5 to 10 white cells per high power field, and 1+ bacteria rods.",,,
secretions,secretions,"Secretions are substances produced and released by cells, glands, or organs.",2,1.85,2,ORIF - Discharge Summary | COPD - Discharge Summary,"The patient spent the next several days on the floor, nonweightbearing with CPM machine in place, developed a brief period of dyspnea, which seems to have resolved and may have been a combination of bronchitis, thick secretions, and fluid overload.",,,
sigmoid colon,sigmoid colon,The sigmoid colon is the last bend in the large intestine before reaching the rectum.,2,1.85,2,Discharge Summary - 9 | Discharge Summary - 2,"She has had abdominal CAT scan and gastric emptying studies which was normal.,A CT scan of the abdomen done on her May 9, 2007, which showed bilateral peripelvic renal cysts and a redundant sigmoid colon.",,,
sinusitis,sinusitis,Infection or swelling in the air cavities of your nose is known as sinusitis.,2,1.85,2,Leiomyosarcoma | Discharge Summary - 1,"The patient also had a history of sinusitis and so a sinus CT scan was obtained, which was normal.,4.",,,
sleep study,sleep study,Tests to see how well you sleep and if you have any sleep issues.,2,1.85,2,Pneumonia & COPD - Discharge Summary | Discharge Summary - Respiratory Failure,"The patient may require a sleep study after discharge, but by the third day prior to discharge he was no longer utilizing BiPAP, was simply using supplemental O2 at night and was able to maintain appropriate and satisfactory O2 saturations on one-liter per minute supplemental O2 per nasal cannula.",,,
social worker,social worker,Someone who helps people and their families with their emotional or physical needs by providing support and connecting them with necessary services.,2,1.85,2,Mullerian Adenosarcoma | BRCA-2 mutation,"Family history, social history, and psychosocial needs per the social worker.",,,
spasm,spasm,A spasm is when a muscle tightens up and it really hurts and makes it hard to move that muscle.,2,1.85,2,Hip Surgery - Discharge Summar | Anterior Cervical Discectomy & Fusion - Discharge Summary,Right leg muscle spasm/calf pain is stable at this time and we will reevaluate on a regular basis.,,,
specimen,specimen,Samples taken from the body for testing purposes.,2,1.85,2,Discharge Summary - Urology | Discharge Summary - 17,"Pathology on this specimen showed multiple portions of prostatic tissue which was primarily fibromuscular, and he was diagnosed with nonprostatic hyperplasia.",,,
spirometry,spirometry,A test that checks how well your lungs are functioning.,2,1.85,2,Discharge Summary - 17 | Anterior Cervical Discectomy & Fusion - Discharge Summary,"She was placed on incentive spirometry and over the succeeding days, she did have improved pulmonary function.,LABORATORY TESTS: , Initially revealed a white count of 13,000, however, approximately 24 hours following admission her white count stabilized and in fact remained normal throughout her stay.",,,
stage,stage,"Stage refers to how much cancer has spread in the body, determined by tests conducted prior to surgery.",2,1.85,2,Death Summary | Cardio/Pulmo Discharge Summary,"Echocardiogram showed normal ejection fraction, normal left and right side, but stage 3 restrictive physiology.",,,
staple,staple,"A staple is a metal clip used to hold things together, like papers or skin.",2,1.85,2,Discharge Summary - 13 | Cholecystitis - Discharge Summary,"The patient will finish cefazolin 1 g IV every 6 hours, total 5 dosages after pacemaker placement.,DISCHARGE INSTRUCTIONS: , Follow up in the office in 10 days for staple removal.",,,
steroid therapy,steroid therapy,Steroid therapy involves using steroid drugs to reduce the body's inflammation and swelling.,2,1.85,2,Discharge Summary - 3 | Cardio/Pulmo Discharge Summary,"Her bronchospasm also responded to the aggressive bronchodilation and steroid therapy.,DISCHARGE MEDICATIONS:, Prednisolone 60 mg orally once daily, albuterol 2.5 mg nebulized every 4 hours, Atrovent Respules to be nebulized every 6 hours, Pulmicort 500 micrograms nebulized twice every 8 hours, Coumadin 5 mg orally once daily, magnesium oxide 200 mg orally once daily.,TRANSFER INSTRUCTIONS:, The patient is to be strictly kept on bi-level PAP of 15 I-PAP/E-PAP of 5 cm and FIO2 of 35% for most of the times during the day.",,,
stools,stools,Stools are the stuff that comes out when you go to the bathroom.,2,1.85,2,Multiple Medical Problems - Discharge Summary | Gastrointestinal Bleed - Discharge Summary,"Regarding the anemia, the gastroenterologists were consulted regarding her positive Hemoccult stools.",,,
subcutaneously,subcutaneously,Beneath your skin.,2,1.85,2,Hip Surgery - Discharge Summar | Discharge Summary - 4,DVT prophylaxis will be maintained with Arixtra 2.5 mg subcutaneously daily until the INR is greater than 1.7 and Coumadin will be adjusted according to the INR.,,,
suctioned,suctioned,"When a machine pulls in gas, fluid, or mucus.",2,1.85,2,Neonatal Discharge Summary | COPD & Bronchitis - Discharge Summary,Baby was suctioned on perineum with good support.,,,
sulfa,SULFA,A medication that fights bacteria.,2,1.85,2,Discharge Summary - Migraine | Back Pain - Discharge Summary,"b.i.d.,ALLERGIES:, SULFA drugs.,HISTORY OF PRESENT ILLNESS: , The patient is a 25-year-old right-handed Caucasian female who presented to the emergency department with sudden onset of headache occurring at approximately 11 a.m.",,,
suspension,suspension,"A suspension is a liquid with small particles suspended in it, like in medicine.",2,1.85,2,Discharge Summary - 2 | Discharge Summary - 13,Statin oral suspension p.o.,,,
thrush,thrush,When yeast overgrows in moist areas of the body causing a type of infection.,2,1.85,2,Knee Surgery - Discharge Summary | Back Pain - Discharge Summary,"Tongue is in midline with no evidence of thrush.,NECK: No thyroid enlargement.",,,
topical,topical,A topical is a medication that you put directly on your skin.,2,1.85,2,Discharge Summary - Cerebral Palsy | Cholestasis Of Pregnancy,"Chest x-ray was unremarkable.,HOSPITAL COURSE: , The patient was admitted to the General Medical floor and treated with intravenous ceftriaxone and topical Lotrimin.",,,
toxin,toxin,A toxin is something that can harm or kill cells in living things.,2,1.85,2,Pneumonia - Discharge Summary | Discharge Summary - 4,"difficile toxin was ordered, although that is pending at the time of discharge.",,,
transthoracic echocardiogram,transthoracic echocardiogram,A heart picture taken using ultrasound from outside the body.,2,1.85,2,Discharge Summary - 7 | Discharge Summary - 8,"A workup there including chest x-ray, blood cultures, and a transthoracic echocardiogram had all remained nondiagnostic, and were normal.",,,
tremor,tremor,Shakes in the body caused by muscle contractions.,2,1.85,2,Discharge Summary - Migraine | Discharge Summary - 18,No tremor or dysmetria.,,,
trial,trial,A test to see if a medicine or treatment is effective.,2,1.85,2,Intrauterine Pregnancy - Discharge Summary | Discharge Summary - Nephrology,She opted for a scheduled elective C-section and sterilization without any trial of labor.,,,
tube feeds,tube feeds,"Tube feeds are basically food that is given through a tube inserted into the body, such as the stomach or intestine.",2,1.85,2,Multiple Medical Problems - Discharge Summary | Hypothermia - Discharge Summary,"The patient tolerated the procedure well and tube feeds were slowly restarted following the procedure, and prior to discharge were back at her predischarge rates of 120 per hour.",,,
vagina,vagina,The vagina is a muscle-lined passage that connects the uterus to the outside of the body.,2,1.85,2,Mullerian Adenosarcoma | Intrauterine Pregnancy - Discharge Summary,"There is no heart murmur.,ABDOMEN: Nontender.,PELVIC: There is a large mass in the vagina.",,,
vein,vein,A vein is a tube in your body that brings blood back to your heart.,2,1.85,2,ER Report - Chest Pain & Fever | Chest Pain & Respiratory Insufficiency,No neck vein distention is noted.,,,
venous,venous,This term refers to the blood vessels that carry blood back to the heart after it has been used up by the body's cells.,2,1.85,2,Knee Surgery - Discharge Summary | Cardio/Pulmo Discharge Summary,"Early in the hospital course, the patient had reported right calf tenderness and a venous Doppler study obtained on 08/27/2007 showed no DVT bilaterally.",,,
white blood cells,white blood cells,Cells in the immune system that fight off germs and other harmful substances.,2,1.85,2,Gastroenteritis - Discharge Summary | Discharge Summary - 1,"Upon discharge, his hemoglobin and hematocrit stayed at 10.9 and 31.3 and he was still having stool guaiac positive blood, and a stool study was done which showed few white blood cells, negative for Clostridium difficile and moderate amount of occult blood and moderate amount of RBCs.",,,
below-knee amputation,below-knee amputation,Removing part of the foot and lower leg through surgery.,1,0.93,9,Discharge Summary - Peripheral vascular disease,"ADMITTING DIAGNOSIS:, A nonhealing right below-knee amputation.,DISCHARGE DIAGNOSIS:, A nonhealing right below-knee amputation.,SECONDARY DIAGNOSES:, Include:,1.",,,
humerus,humerus,The humerus is one of the upper arm bones.,1,0.93,9,Discharge Summary - ATV Accident,"ADMITTING DIAGNOSIS: , Trauma/ATV accident resulting in left open humerus fracture.,DISCHARGE DIAGNOSIS:, Trauma/ATV accident resulting in left open humerus fracture.,SECONDARY DIAGNOSIS:, None.,HISTORY OF PRESENT ILLNESS: , For complete details, please see dictated history and physical by Dr.",,,
communication,communication,"Sharing information in various ways like speaking, writing, using signs, symbols, and actions.",1,0.93,8,Speech Therapy - Discharge Summary - 1,"HISTORY: , The patient is a 67-year-old female, was referred to Medical Center's Outpatient Rehabilitation Department for skilled speech therapy to improve her functional communication skills and swallowing function and safety.",,,
pacemaker,pacemaker,A small device that helps regulate the heartbeat when placed in the chest.,1,0.93,7,Discharge Summary - 13,"The rest of her past medical history remained the same.,PROCEDURES DONE: , Permanent pacemaker placement after temporary internal pacemaker.,HOSPITAL COURSE: , The patient was admitted to the intensive care unit.",,,
ectopic,ectopic,Something that is located in the wrong part of the body.,1,0.93,5,Ectopic Pregnancy - Discharge Summary,"The patient had a positive hCG with a negative sonogram and hCG titer of about 18,000.,HOSPITAL COURSE:, The patient was admitted to the hospital with the diagnosis of a possible incomplete abortion, to rule out ectopic pregnancy or rupture of corpus luteal cyst.",,,
pericardial effusion,pericardial effusion,Fluid buildup around the heart.,1,0.93,5,Discharge Summary - 9,"Small pericardial effusion with no tamponade.,4.",,,
transplant,transplant,A transplant is a surgery where one person's organs or tissues are replaced with those from another person.,1,0.93,5,ESRD - Discharge Summary,"ADMISSION DIAGNOSIS:, End-stage renal disease (ESRD).,DISCHARGE DIAGNOSIS: , End-stage renal disease (ESRD).,PROCEDURE:, Cadaveric renal transplant.,HISTORY OF PRESENT ILLNESS: , This is a 46-year-old gentleman with end-stage renal disease (ESRD) secondary to diabetes and hypertension, who had been on hemodialysis since 1993 and is also status post cadaveric kidney transplant in 1996 with chronic rejection.,PAST MEDICAL HISTORY: ,1.",,,
abscesses,abscesses,It's like a pocket of pus that forms when your body is fighting an infection.,1,0.93,4,Chronic Abscesses - Discharge Summary,"Multiple extensive subcutaneous abscesses, right thigh.,2.",,,
aphasia,aphasia,Difficulty in understanding or producing spoken or written language.,1,0.93,4,Speech Therapy - Discharge Summary - 1,"At the onset of therapy, on 03/26/08, the patient was NPO with a G-tube and the initial speech and language evaluation revealed global aphasia with an aphasia quotient of 3.6/100 based on the Western Aphasia Battery.",,,
band,band,The band is the visible pattern of lines on a chromosome that vary in light and dark shades.,1,0.93,4,Discharge Summary - 11,She was evaluated in the Bariatric Surgical Center for placement of a band.,,,
ectopic pregnancy,ectopic pregnancy,A pregnancy happening outside of the uterus.,1,0.93,4,Ectopic Pregnancy - Discharge Summary,"The patient had a positive hCG with a negative sonogram and hCG titer of about 18,000.,HOSPITAL COURSE:, The patient was admitted to the hospital with the diagnosis of a possible incomplete abortion, to rule out ectopic pregnancy or rupture of corpus luteal cyst.",,,
ewing sarcoma,Ewing sarcoma,A type of cancer that grows in either bones or soft tissue.,1,0.93,4,Discharge Summary - 5,"Ewing sarcoma.,2.",,,
hypoglycemic,hypoglycemic,When your blood sugar level is too low.,1,0.93,4,Neonatal Discharge Summary - 1,"Feeding amounts at the time of discharge was between 35 to 50 mL per feed and weight was 1797 grams.,RESPIRATIONS: , At the time of admission, baby was not having any apnea spells, no bradycardia or desaturations, was saturating well on room air and continued to do well on room air until the time of discharge.,HYPOGLYCEMIA: , Baby began to experience hypoglycemic episodes on 07/24/2006.",,,
left upper extremity,left upper extremity,"It's the arm, wrist, and hand on your left side.",1,0.93,4,Discharge Summary - ATV Accident,The left upper extremity x-ray did demonstrate an open left distal humerus fracture.,,,
mood,Mood,How someone feels at a specific moment.,1,0.93,4,Psychiatric Discharge Summary,Mood remained anxious and speech was pressured.,,,
pulmonary embolism,pulmonary embolism,A blood clot in the lungs that can lead to chest pain and difficulty breathing.,1,0.93,4,Leiomyosarcoma,"History of pulmonary embolism.,3.",,,
reflex,reflex,"A reflex is a quick, automatic reaction your body makes in response to something happening.",1,0.93,4,Goldenhar Syndrome - Discharge Summary,Eyes: Red reflex elicited bilaterally.,,,
stenosed,stenosed,"When something gets narrowed, like a blood vessel or valve, it's called stenosed, which can reduce the flow of blood or other fluids through it.",1,0.93,4,Discharge Summary - 6,"The RCA, proximal was 95% stenosed and the distal 80% stenosed.",,,
streptococcus,streptococcus,A type of bacteria that sometimes causes infections and lives in the body.,1,0.93,4,Prematurity - Discharge Summary,"Maternal group B streptococcus positive culture.,DISCHARGE DIAGNOSES,1.",,,
azithromycin,azithromycin,Azithromycin is a medication that fights bacterial infections.,1,0.93,3,Pneumonia - Discharge Summary,"She was first started on Avelox, but had a reaction, switched to Augmentin, which caused loose stools, and then three days prior to admission was given daily 1 g Rocephin and started on azithromycin.",,,
barium,barium,A substance used to enhance visibility of body organs in medical imaging tests.,1,0.93,3,Discharge Summary - 14,ABC apparently could not advance the scope into the cecum and therefore warranted a barium enema.,,,
bladder cancer,bladder cancer,Cancer that starts in the organ that holds urine.,1,0.93,3,Discharge Summary - 6,"ABC is a 60-year-old white male veteran with multiple comorbidities, who has a history of bladder cancer diagnosed approximately two years ago by the VA Hospital.",,,
bone scan,bone scan,A bone scan is a test to see if your bones are damaged.,1,0.93,3,Back Pain - Discharge Summary,He reports that he has history of testicular cancer in the distant past and the most recent bone scan was negative.,,,
bypass,bypass,Surgery to reroute fluids in the body.,1,0.93,3,Discharge Summary - Peripheral vascular disease,"Peripheral vascular disease status post aortobifemoral bypass and bilateral femoropopliteal bypass grafting.,3.",,,
carcinomatosis,carcinomatosis,Carcinomatosis is when cancer has spread extensively throughout the body.,1,0.93,3,Discharge Summary - 4,"DATE OF ADMISSION: , MM/DD/YYYY.,DATE OF DISCHARGE: , MM/DD/YYYY.,ADMITTING DIAGNOSIS:, Peritoneal carcinomatosis from appendiceal primary.,DISCHARGE DIAGNOSIS: , Peritoneal carcinomatosis from appendiceal primary.,SECONDARY DIAGNOSIS: , Diarrhea.,ATTENDING PHYSICIAN: , AB CD, M.D.,SERVICE: , General surgery C, Surgery Oncology.,CONSULTING SERVICES:, Urology.,PROCEDURES DURING THIS HOSPITALIZATION:, On MM/DD/YYYY, ,1.",,,
enzymes,enzymes,Proteins that help with breaking down substances in the body.,1,0.93,3,CHF & Pleural Effusion - Discharge Summary,Cardiac enzymes were negative.,,,
esrd,ESRD,Kidney disease that is very serious and means the kidney is barely functioning.,1,0.93,3,ESRD - Discharge Summary,"ADMISSION DIAGNOSIS:, End-stage renal disease (ESRD).,DISCHARGE DIAGNOSIS: , End-stage renal disease (ESRD).,PROCEDURE:, Cadaveric renal transplant.,HISTORY OF PRESENT ILLNESS: , This is a 46-year-old gentleman with end-stage renal disease (ESRD) secondary to diabetes and hypertension, who had been on hemodialysis since 1993 and is also status post cadaveric kidney transplant in 1996 with chronic rejection.,PAST MEDICAL HISTORY: ,1.",,,
femoral head,femoral head,The ball at the end of your thigh bone that connects to your hip joint.,1,0.93,3,Discharge Summary - Hip Surgery,"ADMITTING DIAGNOSIS:, Posttraumatic AV in right femoral head.,DISCHARGE DIAGNOSIS:, Posttraumatic AV in right femoral head.,SECONDARY DIAGNOSES PRIOR TO HOSPITALIZATION:,1.",,,
fundoplication,fundoplication,Surgery to prevent liquid from flowing back into the food pipe from the stomach.,1,0.93,3,Discharge Summary - 10,"ADMITTING DIAGNOSES:, Hiatal hernia, gastroesophageal reflux disease reflux.,DISCHARGE DIAGNOSES:, Hiatal hernia, gastroesophageal reflux disease reflux.,SECONDARY DIAGNOSIS: , Postoperative ileus.,PROCEDURES DONE: , Hiatal hernia repair and Nissen fundoplication revision.,BRIEF HISTORY: , The patient is an 18-year-old male who has had a history of a Nissen fundoplication performed six years ago for gastric reflux.",,,
goiter,goiter,Goiter is when your thyroid gland in your neck gets bigger than it should.,1,0.93,3,Post Thyroidectomy - Discharge Summary,"ADMISSION DIAGNOSIS: , Symptomatic thyroid goiter.,DISCHARGE DIAGNOSIS: ,Symptomatic thyroid goiter.,PROCEDURE PERFORMED DURING THIS HOSPITALIZATION: , Total thyroidectomy.,INDICATIONS FOR THE SURGERY: ,Briefly, the patient is a 71-year-old female referred with increasingly symptomatic large nodular thyroid goiter.",,,
hallucinations,hallucinations,Seeing or hearing stuff that isn't actually there.,1,0.93,3,Psychiatric Discharge Summary,The patient denied auditory hallucinations.,,,
hyperplasia,hyperplasia,Hyperplasia is when there's a bunch of normal cells growing in a tissue or organ.,1,0.93,3,Discharge Summary - Urology,"Benign prostatic hyperplasia.,3.",,,
hypothermia,Hypothermia,"When your body gets too cold to warm itself up, that's hypothermia.",1,0.93,3,Hypothermia - Discharge Summary,"DIAGNOSIS AT ADMISSION: , Hypothermia.,DIAGNOSES ON DISCHARGE,1.",,,
ileal,ileal,Relating to a specific part of the small intestine called the ileum.,1,0.93,3,Pyelonephritis - Discharge Summary,"History of uterine cancer and ileal conduit urinary diversion.,3.",,,
intrauterine pregnancy,Intrauterine pregnancy,A pregnancy where the fertilized egg implants and grows in the uterus where it belongs.,1,0.93,3,Intrauterine Pregnancy - Discharge Summary,"ADMITTING DIAGNOSIS:, Intrauterine pregnancy at term with previous cesarean.,SECONDARY DIAGNOSIS: , Desired sterilization.,DISCHARGE DIAGNOSES,1.",,,
lobar,lobar,"Having to do with a section or part, like a lobe in the lung.",1,0.93,3,Discharge Summary - 17,"Acute right lobar pneumonia.,2.",,,
maxillary,maxillary,"Maxillary means ""related to the top jaw.""",1,0.93,3,Discharge Summary - 1,"On March 26, 2006, head CT without contrast: 1) Air-fluid level in the right maxillary sinus suggestive of acute sinusitis; 2) A 1.8-cm oval, low density mass in the dependent portion of the left maxillary sinus is consistent with a retention cyst; 3) Mucoparietal cell thickening in the right maxillary sinus and ethmoid sinuses.,4.",,,
menstrual cycle,menstrual cycle,The monthly cycle of periods in women.,1,0.93,3,Hip Surgery - Discharge Summar,"Otherwise, she reports some intermittent right calf discomfort and some postoperative right hip pain.,ALLERGIES:, No known drug allergies.,PAST MEDICAL HISTORY:, Anxiety, depression, osteoarthritis, migraine headaches associated with menstrual cycle, history of sciatic pain in the distant past, history of herniated disc, and status post appendectomy.,MEDICATIONS: ,Medications taken at home are Paxil, MOBIC, and Klonopin.,MEDICATIONS ON TRANSFER: , Celebrex, Coumadin, Colace, Fiorinal, oxycodone, Klonopin, and Paxil.,FAMILY HISTORY:, Noncontributory.,SOCIAL HISTORY: , The patient is married.",,,
mood lability,mood lability,A person's mood is constantly shifting.,1,0.93,3,Psychiatric Discharge Summary,"Overall, insight into her illness remained impaired.,HISTORY AND HOSPITAL COURSE: , The patient is a 22-year-old female with a history of bipolar affective disorder, was initially admitted for evaluation of increasing mood lability, disorganization, and inappropriate behaviors.",,,
nephrostomy,nephrostomy,A procedure where a hole is made from outside the body to help with urine drainage from the kidney.,1,0.93,3,Discharge Summary - Urology & Nephrology,"ADMITTING DIAGNOSES:, Solitary left kidney with obstruction, and hypertension, and chronic renal insufficiency.,DISCHARGE DIAGNOSES: , Solitary left kidney with obstruction and hypertension and chronic renal insufficiency, plus a Pseudomonas urinary tract infection.,PROCEDURES: , Cystoscopy under anesthesia, ureteroscopy, an attempted tube placement, stent removal with retrograde pyelography, percutaneous tube placement, and nephrostomy by Radiology.,PERTINENT LABORATORIES: , Creatinine of 1.4.",,,
nuclear medicine,nuclear medicine,Using a bit of radiation to see inside the body and treat illnesses.,1,0.93,3,Renal Disease - Discharge Summary,Cardiology also ordered a nuclear medicine myocardial perfusion stress test.,,,
oxygen saturations,oxygen saturations,A test to measure how much oxygen is in your blood.,1,0.93,3,Otitis Media - Discharge Summary,"Overnight, he did have his oxygen saturations drop and went into oxygen overnight.",,,
pancytopenic,pancytopenic,"Pancytopenic means having low levels of red blood cells, white blood cells, and platelets in your blood.",1,0.93,3,Discharge Summary - Lymphoma,"We had intended to send her home with oral antibiotics; however, by day of discharge, she was pancytopenic and it was decided that she should be discharged to complete a 14-day course of IV antibiotics with cefepime.",,,
perianal,Perianal,Having to do with the area around your butt.,1,0.93,3,Discharge Summary - Lymphoma,"Perianal rash.,6.",,,
peritoneal,Peritoneal,A type of tissue that surrounds and protects organs in the abdomen and pelvis.,1,0.93,3,Discharge Summary - 4,"DATE OF ADMISSION: , MM/DD/YYYY.,DATE OF DISCHARGE: , MM/DD/YYYY.,ADMITTING DIAGNOSIS:, Peritoneal carcinomatosis from appendiceal primary.,DISCHARGE DIAGNOSIS: , Peritoneal carcinomatosis from appendiceal primary.,SECONDARY DIAGNOSIS: , Diarrhea.,ATTENDING PHYSICIAN: , AB CD, M.D.,SERVICE: , General surgery C, Surgery Oncology.,CONSULTING SERVICES:, Urology.,PROCEDURES DURING THIS HOSPITALIZATION:, On MM/DD/YYYY, ,1.",,,
permanent,Permanent,Something that is meant to last for a long time.,1,0.93,3,Discharge Summary - 13,"The rest of her past medical history remained the same.,PROCEDURES DONE: , Permanent pacemaker placement after temporary internal pacemaker.,HOSPITAL COURSE: , The patient was admitted to the intensive care unit.",,,
pons,pons,A brain region that controls breathing and senses like taste and balance.,1,0.93,3,Discharge Summary - 9,"Questionable subacute infarct versus neoplasm in the pons.,6.",,,
pseudomonas,Pseudomonas,Pseudomonas is a type of bacteria that can lead to infections.,1,0.93,3,Discharge Summary - Urology & Nephrology,"ADMITTING DIAGNOSES:, Solitary left kidney with obstruction, and hypertension, and chronic renal insufficiency.,DISCHARGE DIAGNOSES: , Solitary left kidney with obstruction and hypertension and chronic renal insufficiency, plus a Pseudomonas urinary tract infection.,PROCEDURES: , Cystoscopy under anesthesia, ureteroscopy, an attempted tube placement, stent removal with retrograde pyelography, percutaneous tube placement, and nephrostomy by Radiology.,PERTINENT LABORATORIES: , Creatinine of 1.4.",,,
renal transplant,renal transplant,Surgery where a kidney is removed from one person and placed into another person.,1,0.93,3,ESRD - Discharge Summary,"ADMISSION DIAGNOSIS:, End-stage renal disease (ESRD).,DISCHARGE DIAGNOSIS: , End-stage renal disease (ESRD).,PROCEDURE:, Cadaveric renal transplant.,HISTORY OF PRESENT ILLNESS: , This is a 46-year-old gentleman with end-stage renal disease (ESRD) secondary to diabetes and hypertension, who had been on hemodialysis since 1993 and is also status post cadaveric kidney transplant in 1996 with chronic rejection.,PAST MEDICAL HISTORY: ,1.",,,
serotonin,Serotonin,Serotonin is a chemical in the brain that helps to transmit signals between nerve cells.,1,0.93,3,Discharge Summary - 18,"Serotonin syndrome secondary to high doses of Prozac.,2.",,,
sick sinus syndrome,Sick sinus syndrome,"The heart's natural pacemaker malfunctions, leading to irregular heartbeats in sick sinus syndrome.",1,0.93,3,Discharge Summary - 13,"Abdominal pain.,DISCHARGE DIAGNOSIS:, Sick sinus syndrome.",,,
soft diet,soft diet,A soft diet is made up of easy-to-chew and digest foods that are usually cooked and mashed or blended.,1,0.93,3,Discharge Summary - 10,"After tolerating the full liquid diet without any complications, he was advanced to a soft diet and his pain medications were transitioned to p.o.",,,
splenectomy,splenectomy,Removing the spleen through surgery because it impacts the blood composition.,1,0.93,3,Discharge Summary - 4,"Exploratory laparotomy, right hemicolectomy, cholecystectomy, splenectomy, omentectomy, IPHC with mitomycin-C.,HOSPITAL COURSE: , The patient is a pleasant 56-year-old gentleman with no significant past medical history who after an extensive workup for peritoneal carcinomatosis from appendiceal primary was admitted on MM/DD/YYYY.",,,
syncopal,syncopal,Syncopal means passing out or fainting.,1,0.93,3,Renal Disease - Discharge Summary,"He reports that over the past month, he has been feeling lightheaded when standing and has had three syncopal episodes during this time with return of consciousness after several minutes.",,,
syncope,Syncope,Fainting or passing out.,1,0.93,3,Renal Disease - Discharge Summary,"Syncope.,2.",,,
tamponade,tamponade,Fluid buildup around the heart squeezing it.,1,0.93,3,Discharge Summary - 9,"Small pericardial effusion with no tamponade.,4.",,,
testicular cancer,testicular cancer,Cancer that develops in the testicles.,1,0.93,3,Back Pain - Discharge Summary,He reports that he has history of testicular cancer in the distant past and the most recent bone scan was negative.,,,
tularemia,tularemia,Tularemia is a sickness that can spread to both animals and humans.,1,0.93,3,Discharge Summary - 8,"XYZ asked me to talk to the patient about any contact with animals, given the fact that we have had a recent outbreak of tularemia here in Utah.",,,
white matter,white matter,White matter is like the highways of the brain for nerve signals to move around.,1,0.93,3,Discharge Summary - 1,"Acute cerebrovascular accident/left basal ganglia and deep white matter of the left parietal lobe.,2.",,,
acute pain,Acute pain,"Sudden, intense pain that doesn't last long.",1,0.93,2,Discharge Summary - Hip Surgery,"Hip arthroscopy.,POSTOP COMORBIDITIES: , Postop acute blood loss anemia requiring transfusion and postop pain.,PROCEDURES DURING THIS HOSPITALIZATION:, Right total hip arthroplasty and removal of hardware.,CONSULTS:, Acute pain team consult.,DISPOSITION: , Home.,HISTORY OF PRESENT ILLNESS AND HOSPITAL COURSE:, For details, please refer to clinic notes and OP notes.",,,
adenosarcoma,adenosarcoma,A type of tumor that has both gland and supporting tissue.,1,0.93,2,Mullerian Adenosarcoma,"PRINCIPAL DIAGNOSIS: , Mullerian adenosarcoma.",,,
adrenal,adrenal,Small glands above the kidneys that produce hormones to regulate body functions.,1,0.93,2,Pneumonia - Discharge Summary,"Suspected mild stress-induced adrenal insufficiency.,HOSPITAL COURSE: , This very independent 79-year old had struggled with cough, fevers, weakness, and chills for the week prior to admission.",,,
adriamycin,Adriamycin,a medication for fighting specific cancers.,1,0.93,2,Leiomyosarcoma,"Cycle six of CIVI-CAD (Cytoxan, Adriamycin, and DTIC) from 07/22/2008 to 07/29/2008.,2.",,,
anasarca,Anasarca,Intense swelling throughout the body due to various medical issues.,1,0.93,2,Discharge Summary - Respiratory Failure,"Anasarca improving.,5.",,,
artery,artery,A tube that carries blood from the heart to the entire body.,1,0.93,2,Discharge Summary - 1,"On 3/26/2006, MRI/MRA of the neck and brain, with and without contrast: 1) Changes consistent with an infarct involving the right basal ganglia and deep white matter of the left parietal lobe, as described above; 2) Diffuse smooth narrowing of the left middle cerebral artery that may be a congenital abnormality.",,,
atypical,Atypical,Not typical or usual.,1,0.93,2,Discharge Summary - 18,"Atypical chest pain.,2.",,,
autism,Autism,A brain disorder starting in childhood that makes it challenging for children to communicate and connect with others.,1,0.93,2,Discharge Summary - 15,"Autism.,DIET ON DISCHARGE:, Regular for age.,MEDICATIONS ON DISCHARGE: , Adderall and clonidine for attention deficit hyperactivity disorder.,ACTIVITY ON DISCHARGE: , As tolerated.,DISPOSITION ON DISCHARGE: , Follow up with Dr.",,,
barium enema,barium enema,An x-ray of your large intestines using a dye inserted into your rectum.,1,0.93,2,Discharge Summary - 14,ABC apparently could not advance the scope into the cecum and therefore warranted a barium enema.,,,
benazepril,benazepril,A medication that helps improve blood circulation and reduce high blood pressure.,1,0.93,2,Discharge Summary - 13,Medication was adjusted to benazepril 20 mg a day.,,,
benign prostatic hyperplasia,Benign prostatic hyperplasia,"The prostate gland gets bigger as you get older, which can make it difficult to urinate.",1,0.93,2,Discharge Summary - Urology,"Benign prostatic hyperplasia.,3.",,,
breast cancer,breast cancer,Breast cancer is when abnormal cells in the breast can grow and spread to healthy tissues.,1,0.93,2,BRCA-2 mutation,"Her sister died of breast cancer at age 32 and her daughter had breast cancer at age 27.,PHYSICAL EXAMINATION: ,The chest was clear.",,,
ca,CA,A condition where cells grow and multiply uncontrollably in the body.,1,0.93,2,Death Summary - 1,"Hypercalcemia, likely secondary to paraneoplastic syndrome from the non-small cell lung CA, possible metastases to the bones.,9.",,,
calories,calories,Calories measure how much energy food provides.,1,0.93,2,Prematurity - Discharge Summary,"She was treated for approximately 24 hours with phototherapy and the bilirubin on October 15, 2003 was 3.4.,FEEDING: , The infant has had some difficulty with feeding, but at the time of discharge, she is taking approximately 30 mL every feeding and is taking Formula or breast milk, that is, ___ 24 calories per ounce.,PHYSICAL EXAMINATION:, ,VITAL SIGNS: At discharge, reveals a well-developed infant whose temperature is 98.3, pulse 156, respirations 35, her weight is 1779 g (1% below her birthweight).,HEENT: Head is normocephalic.",,,
catheterization,catheterization,Inserting a small tube into a part of the body to drain fluids or administer medication.,1,0.93,2,Death Summary,There was contemplation as to whether left heart catheterization should proceed since Nephrology was concerned about the patient's renal status.,,,
cavity,cavity,A cavity is a hole or empty space within something.,1,0.93,2,D&C - Discharge Summary,"Myomectomy.,COMPLICATIONS: , Large endometrial cavity fibroid requiring careful dissection and excision.,BLOOD TRANSFUSIONS: , Two units of packed red blood cells.,INFECTION: , None.,SIGNIFICANT LAB AND X-RAY: , Posttransfusion of the 2nd unit showed her hematocrit of 25, hemoglobin of 8.3.,HOSPITAL COURSE AND TREATMENT: , The patient was admitted to the surgical suite and taken to the operating room where a dilatation and curettage (D&C) was performed.",,,
cecum,cecum,A pouch at the beginning of the large intestine.,1,0.93,2,Discharge Summary - 14,ABC apparently could not advance the scope into the cecum and therefore warranted a barium enema.,,,
cerebral,cerebral,"Related to the part of the brain that controls thinking, learning, and movement.",1,0.93,2,Discharge Summary - 1,"On 3/26/2006, MRI/MRA of the neck and brain, with and without contrast: 1) Changes consistent with an infarct involving the right basal ganglia and deep white matter of the left parietal lobe, as described above; 2) Diffuse smooth narrowing of the left middle cerebral artery that may be a congenital abnormality.",,,
cerebral palsy,Cerebral palsy,Cerebral palsy is a condition that affects movement due to damage in the brain.,1,0.93,2,Discharge Summary - Cerebral Palsy,"Cerebral palsy.,DISCHARGE INSTRUCTIONS: , The patient would be discharged on his usual Valium 10-20 mg at bedtime for spasticity, Flomax 0.4 mg daily, cefazolin 500 mg q.i.d., and Lotrimin cream between toes b.i.d.",,,
cervical spine,cervical spine,The top seven vertebrae in your neck.,1,0.93,2,Discharge Summary - ATV Accident,This was confirmed with radiographic imaging showing that the chest and pelvis x-rays were negative for any acute injury and that the cervical spine x-ray was negative for fracture malalignment.,,,
chemistries,Chemistries,Looking for different stuff in blood.,1,0.93,2,Knee Surgery - Discharge Summary,Chemistries were within normal limits.,,,
chest tube,chest tube,A tube inserted into the chest to remove air or fluid.,1,0.93,2,Death Summary - 1,"Advanced non-small cell lung carcinoma with left malignant pleural effusion status post chest tube insertion status post chemical pleurodesis.,2.",,,
choledocholithiasis,choledocholithiasis,A stone in the bile duct that blocks fluids.,1,0.93,2,Cholecystitis - Discharge Summary,"REASON FOR ADMISSION: , Cholecystitis with choledocholithiasis.,DISCHARGE DIAGNOSES: , Cholecystitis, choledocholithiasis.,ADDITIONAL DIAGNOSES,1.",,,
cholestasis,cholestasis,"Cholestasis is when the flow of bile, a digestive fluid, becomes blocked or slowed down.",1,0.93,2,Cholestasis Of Pregnancy,"FINAL DIAGNOSES:, Delivered pregnancy, cholestasis of pregnancy, fetal intolerance to labor, failure to progress.,PROCEDURE: , Included primary low transverse cesarean section.,SUMMARY: , This 32-year-old gravida 2 was induced for cholestasis of pregnancy at 38-1/2 weeks.",,,
clindamycin,clindamycin,A medication that fights infections caused by specific types of bacteria.,1,0.93,2,Pneumonia & COPD - Discharge Summary,The patient will continue with clindamycin for the next 2 weeks after discharge.,,,
clonidine,clonidine,A medication for high blood pressure that can also help with anxiety and pain by relaxing blood vessels.,1,0.93,2,Discharge Summary - 15,"Autism.,DIET ON DISCHARGE:, Regular for age.,MEDICATIONS ON DISCHARGE: , Adderall and clonidine for attention deficit hyperactivity disorder.,ACTIVITY ON DISCHARGE: , As tolerated.,DISPOSITION ON DISCHARGE: , Follow up with Dr.",,,
colon cancer,Colon cancer,A type of cancer that grows in the colon's tissues.,1,0.93,2,Multiple Medical Problems - Discharge Summary,"Colon cancer, status post right hemicolectomy.,2.",,,
cone,cone,It's the part of your eye that helps you see in different lighting conditions.,1,0.93,2,Hysterectomy - Discharge Summary - 2,Biopsy showed a microinvasive carcinoma of the cervix and a cone biopsy was performed on 02/12/2007 also showing microinvasive carcinoma with a 1 mm invasion.,,,
conjunctivitis,conjunctivitis,"When the thin layer over your eye turns red and swollen, it's called conjunctivitis.",1,0.93,2,Kawasaki Disease - Discharge Summary,"ADMITTING DIAGNOSIS: , Kawasaki disease.,DISCHARGE DIAGNOSIS:, Kawasaki disease, resolving.,HOSPITAL COURSE:, This is a 14-month-old baby boy Caucasian who came in with presumptive diagnosis of Kawasaki with fever for more than 5 days and conjunctivitis, mild arthritis with edema, rash, resolving and with elevated neutrophils and thrombocytosis, elevated CRP and ESR.",,,
contact dermatitis,contact dermatitis,A skin rash from something touching your skin that might be irritating or triggering an allergic reaction.,1,0.93,2,Knee Surgery - Discharge Summary,"She reports that she had been doing quite a bit of gardening just prior to surgery and this was most likely contact dermatitis, most likely due to her gardening activities preoperatively.",,,
core,core,Collecting a cylindrical tissue sample by inserting a needle through the skin.,1,0.93,2,Discharge Summary - 17,"Hepatitis B core IgM negative, and hepatitis C core antibody was negative.",,,
cpk,CPK,High CPK levels in a blood test could mean there's tissue damage.,1,0.93,2,Discharge Summary - 18,"After reevaluation of the patient including evaluation of the lab abnormalities it was felt that she likely had serotonin syndrome with obvious restlessness, increased bowel activity, agitation, and elevated white count and CPK.",,,
critical care,Critical Care,Treating patients with severe medical conditions.,1,0.93,2,Death Summary,"Pulmonary was managed by Critical Care, Dr.",,,
curettage,curettage,Curettage is the removal of tissue using a spoon-shaped tool with a sharp edge.,1,0.93,2,D&C - Discharge Summary,"Dilatation and curettage (D&C).,3.",,,
cytoxan,Cytoxan,A medicine used in cancer treatment that blocks cells from growing.,1,0.93,2,Leiomyosarcoma,"Cycle six of CIVI-CAD (Cytoxan, Adriamycin, and DTIC) from 07/22/2008 to 07/29/2008.,2.",,,
decubitus,Decubitus,Decubitus means lying down.,1,0.93,2,Discharge Summary - Multiple Trauma,"Decubitus ulcer, lower back.,3.",,,
digitalis,digitalis,A medication made from dried foxglove leaves used to help with certain heart problems.,1,0.93,2,Discharge Summary - 12,She also has renal insufficiency and digitalis toxicity.,,,
dilated cardiomyopathy,dilated cardiomyopathy,"The heart is enlarged and weak, struggling to pump blood effectively in dilated cardiomyopathy.",1,0.93,2,Renal Disease - Discharge Summary,"and lisinopril 10 mg daily secondary to his hypertension, congestive heart failure with dilated cardiomyopathy and end-stage renal disease.",,,
diverticular,diverticular,Related to pouches in the colon.,1,0.93,2,Discharge Summary - 2,"Status post diverticular bleed.,DISCHARGE MEDICATIONS:,1.",,,
donor,Donor,"Someone who donates blood, cells, tissue, or an organ to help another person.",1,0.93,2,Chronic Abscesses - Discharge Summary,Donor sites were truncated.,,,
dosage,dosage,The dosage is just the amount of medicine you're supposed to take at once.,1,0.93,2,Multiple Medical Problems - Discharge Summary,Neurology felt that the only necessary intervention at that time would be to increase her Lamictal to 150 mg in the morning and 100 mg in the evening with gradual increase of the dosage until she was on 200 mg b.i.d.,,,
egd,EGD,"A procedure that checks the food pipe, stomach, and first part of the small bowel.",1,0.93,2,Discharge Summary - 14,She had an EGD and colonoscopy with Dr.,,,
end-stage liver disease,End-stage liver disease,When your liver is barely working and it's about to fail.,1,0.93,2,Discharge Summary - Respiratory Failure,"End-stage liver disease.,HISTORY AND HOSPITAL COURSE: ,The patient was admitted after undergoing a drawn out process with a small bowel obstruction.",,,
endocrinologist,endocrinologist,A doctor who specializes in treating hormone-related health issues.,1,0.93,2,Multiple Medical Problems - Discharge Summary,"status and the changing rates of tube feedings throughout her hospital course.,At discharge, her endocrinologist was contacted.",,,
endometrial,endometrial,Relating to the inside lining of the uterus.,1,0.93,2,D&C - Discharge Summary,"Myomectomy.,COMPLICATIONS: , Large endometrial cavity fibroid requiring careful dissection and excision.,BLOOD TRANSFUSIONS: , Two units of packed red blood cells.,INFECTION: , None.,SIGNIFICANT LAB AND X-RAY: , Posttransfusion of the 2nd unit showed her hematocrit of 25, hemoglobin of 8.3.,HOSPITAL COURSE AND TREATMENT: , The patient was admitted to the surgical suite and taken to the operating room where a dilatation and curettage (D&C) was performed.",,,
exploratory laparotomy,Exploratory laparotomy,Surgery to check for problems in your belly.,1,0.93,2,Discharge Summary - 4,"Exploratory laparotomy, right hemicolectomy, cholecystectomy, splenectomy, omentectomy, IPHC with mitomycin-C.,HOSPITAL COURSE: , The patient is a pleasant 56-year-old gentleman with no significant past medical history who after an extensive workup for peritoneal carcinomatosis from appendiceal primary was admitted on MM/DD/YYYY.",,,
fahrenheit,Fahrenheit,A way of measuring temperature that sets the boiling point of water at 212 degrees and the freezing point at 32 degrees.,1,0.93,2,Cholestasis Of Pregnancy,"There was a slightly enlarged blood loss at approximately 1200 mL, and postoperatively, the patient was noted to have a very mild tachycardia coupled with 100.3 degrees Fahrenheit temperature right at delivery.",,,
femoral neck,femoral neck,The femoral neck is the part of your thigh bone below the femoral head that can break easily.,1,0.93,2,Hemiarthroplasty - Discharge Summary,"ADMISSION DIAGNOSES: ,Fracture of the right femoral neck, also history of Alzheimer's dementia, and hypothyroidism.,DISCHARGE DIAGNOSES: , Fracture of the right femoral neck, also history of Alzheimer's dementia, hypothyroidism, and status post hemiarthroplasty of the hip.,PROCEDURE PERFORMED: ,Hemiarthroplasty, right hip.,CONSULTATIONS: ,Medicine for management of multiple medical problems including Alzheimer's.,HOSPITAL COURSE: , The patient was admitted on 08/06/2007 after a fall with subsequent fracture of the right hip.",,,
forearm,forearm,The forearm is the part of your arm between your wrist and elbow.,1,0.93,2,Discharge Summary - Multiple Trauma,"He had a left tibial plateau fracture, right forearm fracture with ORIF, head laceration, and initially some symptoms of head injury.",,,
ganciclovir,ganciclovir,A medication that helps to treat certain viral infections.,1,0.93,2,Discharge Summary - 7,The patient was started on ganciclovir once her CMV serologies had come back positive.,,,
gestational,gestational,Related to being pregnant.,1,0.93,2,Ectopic Pregnancy - Discharge Summary,"The sonogram stated there was no gestational sac, but there was a small mass within the uterus that could represent a gestational sac.",,,
hives,HIVES,"It's a red, itchy rash caused by allergies that appears as raised bumps.",1,0.93,2,Back Pain - Discharge Summary,"B, the patient's oncologist.,ALLERGIES: , PENICILLIN, AMOXICILLIN, CEPHALOSPORIN, DOXYCYCLINE, IVP DYE, IODINE, and SULFA, all cause HIVES.,Additionally, the patient reports that he has HIVES when he comes in contact with SAP FROM THE MANGO TREE, and therefore, he avoids any mango product at all.,PAST MEDICAL HISTORY: , Status post right orchiectomy secondary to his testicular cancer 18 years ago approximately 1989, GERD, irritable bowel syndrome, seasonal asthma (fall and spring) triggered by postnasal drip, history of bilateral carpal tunnel syndrome, and status post excision of abdominal teratoma and incisional hernia.,FAMILY HISTORY:, Noncontributory.,SOCIAL HISTORY: , The patient is employed in the finance department.",,,
hydralazine,hydralazine,A medication for high blood pressure and heart failure.,1,0.93,2,Discharge Summary - Urology & Nephrology,"He also has history of being a 34-week preemie twin.,ALLERGIES: , No known allergies.,FAMILY HISTORY: , Unremarkable without any bleeding or anesthetic problems.,SOCIAL HISTORY: , The patient lives at home with his parents, 2 brothers, and a sister.,IMMUNIZATIONS:, Up-to-date.,MEDICATIONS: , On admission was Macrodantin, hydralazine, and enalapril.,PHYSICAL EXAMINATION:,GENERAL: The patient is an active little boy.,HEENT: The head and neck exam was grossly normal.",,,
identification,identification,Figuring out who or what someone or something is.,1,0.93,2,Discharge Summary - 8,"Gram-negative rod bacteremia, final identification and susceptibilities still pending.,2.",,,
inflammatory response,inflammatory response,"When the body reacts to an infection by making the area red, warm, and swollen.",1,0.93,2,Pneumonia & COPD - Discharge Summary,"Systemic inflammatory response syndrome.,4.",,,
insulin-dependent diabetes,insulin-dependent diabetes,A type of diabetes where patients need insulin to manage their blood sugar levels.,1,0.93,2,GI Bleed - Discharge Summary,"The patient was admitted to ABCD for further evaluation.,PAST MEDICAL HISTORY: ,Significant for atrial fibrillation, hypertension, osteoarthritis of the knees, hypercholesterolemia, non-insulin-dependent diabetes mellitus, asthma, and hypothyroidism.,PHYSICAL EXAMINATION:,GENERAL: The patient is in no acute distress.,VITAL SIGNS: Stable.,HEENT: Benign.,NECK: Supple.",,,
intracranial hemorrhage,intracranial hemorrhage,Bleeding inside your brain.,1,0.93,2,Neonatal Discharge Summary - 1,"The lab showing normal antegrade flow across the right coronary artery as well as the left main and left anterior descending coronary artery, then the circumflex coronary artery.,CNS:, Infant had a head ultrasound done to rule out intracranial abnormalities and intracranial hemorrhage.",,,
irritable bowel syndrome,irritable bowel syndrome,"Irritable bowel syndrome is a condition that causes issues in the gut like diarrhea, constipation, and pain without a clear reason or cure.",1,0.93,2,Back Pain - Discharge Summary,"B, the patient's oncologist.,ALLERGIES: , PENICILLIN, AMOXICILLIN, CEPHALOSPORIN, DOXYCYCLINE, IVP DYE, IODINE, and SULFA, all cause HIVES.,Additionally, the patient reports that he has HIVES when he comes in contact with SAP FROM THE MANGO TREE, and therefore, he avoids any mango product at all.,PAST MEDICAL HISTORY: , Status post right orchiectomy secondary to his testicular cancer 18 years ago approximately 1989, GERD, irritable bowel syndrome, seasonal asthma (fall and spring) triggered by postnasal drip, history of bilateral carpal tunnel syndrome, and status post excision of abdominal teratoma and incisional hernia.,FAMILY HISTORY:, Noncontributory.,SOCIAL HISTORY: , The patient is employed in the finance department.",,,
leptospirosis,leptospirosis,A bacterial disease you can get from animals' pee.,1,0.93,2,Discharge Summary - 8,I ordered tularemia and leptospirosis serologies on the advice of Dr.,,,
lobar pneumonia,lobar pneumonia,Lobar pneumonia is an infection in one or more parts of the lung.,1,0.93,2,Discharge Summary - 17,"Acute right lobar pneumonia.,2.",,,
lobes,lobes,Sections of an organ.,1,0.93,2,Neurology - Discharge Summary,"Contusion of the orbital surface of the frontal lobes bilaterally.,2.",,,
loose stools,loose stools,Watery poop.,1,0.93,2,Pneumonia - Discharge Summary,"She was first started on Avelox, but had a reaction, switched to Augmentin, which caused loose stools, and then three days prior to admission was given daily 1 g Rocephin and started on azithromycin.",,,
malignant,malignant,Cancerous.,1,0.93,2,Death Summary - 1,"Advanced non-small cell lung carcinoma with left malignant pleural effusion status post chest tube insertion status post chemical pleurodesis.,2.",,,
margins,margins,The margins refer to the area of tissue removed during cancer surgery.,1,0.93,2,Leiomyosarcoma,"She eventually underwent a partial resection found to have pathologic grade 2 leiomyosarcoma, margins were impossible to assess, but were likely positive.",,,
metastasis,metastasis,When cancer cells move from one area of the body to another.,1,0.93,2,Multiple Medical Problems - Discharge Summary,"CT of the abdomen and pelvis revealed no metastasis, a CT of the chest revealed possible lung metastasis.",,,
microbiology,microbiology,Microbiology is the science of studying tiny living things that are too small to see without a microscope.,1,0.93,2,Discharge Summary - 8,"The microbiology laboratory stated that the Gram-negative rod appeared to be anaerobic, thus raising the possibility of organisms like bacteroides.",,,
mutation,mutation,A mutation is a lasting alteration in DNA that could lead to health issues.,1,0.93,2,BRCA-2 mutation,"DISCHARGE DIAGNOSES:, BRCA-2 mutation.",,,
nerve block,nerve block,Injecting a drug near a nerve or into the spine to numb pain.,1,0.93,2,Knee Arthroplasty - Discharge Summary,"X-ray showed that the poly seems to be worn out significantly in this area.,DISCHARGE DIAGNOSIS:, Status post poly exchange, right knee, total knee arthroplasty.,CONDITION ON DISCHARGE:, Stable.,PROCEDURES PERFORMED:, Poly exchange total knee, right.,CONSULTATIONS: , Anesthesia managed femoral nerve block on the patient.,HOSPITAL COURSE: ,The patient was admitted with revision right total knee arthroplasty and replacement of patellar and tibial poly components.",,,
neuroma,neuroma,A neuroma is a weird growth that contains a bunch of nerve stuff.,1,0.93,2,Knee Surgery - Discharge Summary,"She reports having some right knee pain, which is most intense at a ""certain position."" The patient is unable to elaborate on which ""certain position"" causes her the most discomfort.,ALLERGIES:, NKDA.,PAST MEDICAL HISTORY: , Hypertension, hypothyroidism, degenerative joint disease, GERD, anxiety disorder, Morton neuroma of her feet bilaterally, and distant history of migraine headaches some 30 years ago.,MEDICATIONS:, On transfer, Celebrex, Coumadin, Colace, Synthroid, Lovenox, Percocet, Toprol XL, niacin, and trazodone.,PHYSICAL EXAMINATION:,VITAL SIGNS: Temperature 96.5, blood pressure 127/72, pulse 70, respiratory rate 20, 95% O2 saturation on room air.,GENERAL: No acute distress at the time of the exam except as mentioned above complains of right knee pain at ""certain position."",HEENT: Normocephalic.",,,
nicu,NICU,A special hospital unit for sick or premature babies.,1,0.93,2,Neonatal Discharge Summary,The baby was admitted to the NICU for prematurity and to rule out sepsis.,,,
nuclear,Nuclear,The core of a cell where DNA is stored.,1,0.93,2,Discharge Summary - COPD,"Nuclear myocardial perfusion scan, abnormal.",,,
nucleus,nucleus,The control center of a cell that holds all the genetic information.,1,0.93,2,Neck Pain - Discharge Summary,"Cervical spondylosis with herniated nucleus pulposus C4-C5, C5-C6, and C6-C7 with stenosis.,DISCHARGE DIAGNOSES,1.",,,
orchiectomy,orchiectomy,Orchiectomy is an operation to surgically remove one or both testicles.,1,0.93,2,Back Pain - Discharge Summary,"B, the patient's oncologist.,ALLERGIES: , PENICILLIN, AMOXICILLIN, CEPHALOSPORIN, DOXYCYCLINE, IVP DYE, IODINE, and SULFA, all cause HIVES.,Additionally, the patient reports that he has HIVES when he comes in contact with SAP FROM THE MANGO TREE, and therefore, he avoids any mango product at all.,PAST MEDICAL HISTORY: , Status post right orchiectomy secondary to his testicular cancer 18 years ago approximately 1989, GERD, irritable bowel syndrome, seasonal asthma (fall and spring) triggered by postnasal drip, history of bilateral carpal tunnel syndrome, and status post excision of abdominal teratoma and incisional hernia.,FAMILY HISTORY:, Noncontributory.,SOCIAL HISTORY: , The patient is employed in the finance department.",,,
orthopnea,orthopnea,Struggling to breathe while lying down.,1,0.93,2,Discharge Summary - COPD,"Bronchitis.,HOSPITAL COURSE: ,The patient is a 65-year-old American-native Indian male, past medical history of heavy tobacco use, history of diabetes mellitus type 2, chronic anemia, COPD, coronary artery disease status post stent placement, who presented in the emergency room with increasing shortness of breath, cough productive for sputum, and orthopnea.",,,
orthostatic hypotension,orthostatic hypotension,"When you stand up quickly and feel lightheaded because your blood pressure drops, that's orthostatic hypotension.",1,0.93,2,Renal Disease - Discharge Summary,"At that time, orthostatics were negative; however, due to the fact that fluid had been given before, it is impossible to rule out orthostatic hypotension.",,,
osteoarthrosis,osteoarthrosis,Osteoarthrosis is when a joint wears down.,1,0.93,2,Knee Osteoarthrosis - Discharge Summary,"PRINCIPAL DIAGNOSIS:, Knee osteoarthrosis.,PRINCIPAL PROCEDURE: , Total knee arthroplasty.,HISTORY AND PHYSICAL:, A 66-year-old female with knee osteoarthrosis.",,,
oximetry,oximetry,A test that checks how much oxygen is in your blood.,1,0.93,2,Discharge Summary,The patient is yet to go for exercise oximetry.,,,
panic,Panic,"Feeling extreme fear or anxiety suddenly, which might lead to irrational actions or thoughts.",1,0.93,2,Discharge Summary - 18,"Panic and depression.,8.",,,
pericardectomy,pericardectomy,Removing all or part of the membrane surrounding the heart.,1,0.93,2,Discharge Summary - Mesothelioma - 1,"She has a history of pericarditis and pericardectomy in May 2006 and developed cough with right-sided chest pain, and went to an urgent care center.",,,
physiologic,Physiologic,Related to how the body works.,1,0.93,2,Prematurity - Discharge Summary,"Physiologic jaundice.,4.",,,
postpartum,postpartum,The period after giving birth.,1,0.93,2,Intrauterine Pregnancy - Discharge Summary,"All routine screening labs were normal and she underwent a high-resolution ultrasound during pregnancy.,PAST MEDICAL HISTORY: , Significant for postpartum depression after her last baby as well as a cesarean.,ALLERGIES:, SHE HAS SEASONAL ALLERGIES.,MEDICATIONS:, She is taking vitamins and iron.,PHYSICAL EXAMINATION,GENERAL: An alert gravid woman in no distress.,ABDOMEN: Gravid, nontender, non-irritable, with an infant in the vertex presentation.",,,
procrit,Procrit,A medication used to treat low levels of red blood cells in the body.,1,0.93,2,Renal Disease - Discharge Summary,They reported that the Procrit should be continued.,,,
prosthesis,prosthesis,A prosthesis is a device that takes the place of a body part.,1,0.93,2,Discharge Summary - 19,"Lung parenchyma was otherwise clear.,Right hip x-ray showed that the prosthesis was in satisfactory position.",,,
radiographic,radiographic,A process that captures images inside the body using X-rays.,1,0.93,2,Discharge Summary - ATV Accident,This was confirmed with radiographic imaging showing that the chest and pelvis x-rays were negative for any acute injury and that the cervical spine x-ray was negative for fracture malalignment.,,,
remicade,Remicade,A medication that helps with autoimmune conditions.,1,0.93,2,Pneumonia - Discharge Summary,She is on 20 mg of methotrexate every week as well as Remicade every eight weeks.,,,
residual,residual,Leftover.,1,0.93,2,Discharge Summary - Cerebral Palsy,"On this regimen, his lower extremity edema and erythema resolved quite rapidly.,Because of urinary frequency, a bladder scan was done suggesting about 600 cc of residual urine.",,,
respiratory arrest,Respiratory arrest,When someone stops breathing.,1,0.93,2,Cardio/Pulmo Discharge Summary,"Respiratory arrest.,2 .",,,
sacral,sacral,Sacral means connected to the lower part of the spine.,1,0.93,2,Discharge Summary - Multiple Trauma,"He did have a small sacral decubitus ulcer, which was well controlled with the wound care team and healed quite nicely.",,,
skin biopsy,skin biopsy,Taking a small piece of skin to check for skin issues like growths or moles.,1,0.93,2,Discharge Summary - 17,"Darkened mole on the scalp, status post skin biopsy, pending pathology report.,OPERATION AND PROCEDURE: , The patient underwent a scalp skin biopsy with pathology specimen obtained on 6/11/2009.",,,
skin graft,skin graft,Skin from one area of the body is moved to another area.,1,0.93,2,Chronic Abscesses - Discharge Summary,Split thickness skin graft to right thigh and right hip massive open wound on 04/01/08 by Dr.,,,
smooth,smooth,"Involuntary muscle tissue found in organs, skin, and arteries.",1,0.93,2,Discharge Summary - 1,"On 3/26/2006, MRI/MRA of the neck and brain, with and without contrast: 1) Changes consistent with an infarct involving the right basal ganglia and deep white matter of the left parietal lobe, as described above; 2) Diffuse smooth narrowing of the left middle cerebral artery that may be a congenital abnormality.",,,
sonogram,sonogram,A sonogram is an image made using sound waves to see inside the body.,1,0.93,2,Ectopic Pregnancy - Discharge Summary,"The patient had a positive hCG with a negative sonogram and hCG titer of about 18,000.,HOSPITAL COURSE:, The patient was admitted to the hospital with the diagnosis of a possible incomplete abortion, to rule out ectopic pregnancy or rupture of corpus luteal cyst.",,,
specialist,specialist,A specialist is a doctor or healthcare worker who is really good at one specific thing.,1,0.93,2,Multiple Medical Problems - Discharge Summary,The patient was seen by the Infectious Disease specialist.,,,
stump,stump,The stump is the part left after a limb or organ is cut off.,1,0.93,2,Discharge Summary - Peripheral vascular disease,"At his follow-up appointment, it was decided to re-admit The patient for debridement and revision of his stump wound.,HOSPITAL COURSE:, Briefly, The patient underwent extensive debridement of his right below-knee amputation wound on July 17, 2008.",,,
temporary,temporary,Not sticking around for long.,1,0.93,2,Discharge Summary - 13,"The rest of her past medical history remained the same.,PROCEDURES DONE: , Permanent pacemaker placement after temporary internal pacemaker.,HOSPITAL COURSE: , The patient was admitted to the intensive care unit.",,,
thighs,thighs,The upper part of your legs between your hips and knees.,1,0.93,2,Chronic Abscesses - Discharge Summary,He had a history of injection of heroin into his bilateral thighs.,,,
thyroid hormone,thyroid hormone,"Thyroid hormone is a chemical made by the thyroid gland that controls heart rate, blood pressure, body temperature, and weight.",1,0.93,2,Post Thyroidectomy - Discharge Summary,"On postoperative day #1, she was tolerating her diet, began on thyroid hormone replacement, and remained afebrile with stable vital signs.",,,
thyroidectomy,thyroidectomy,Surgery to remove the thyroid gland.,1,0.93,2,Post Thyroidectomy - Discharge Summary,"ADMISSION DIAGNOSIS: , Symptomatic thyroid goiter.,DISCHARGE DIAGNOSIS: ,Symptomatic thyroid goiter.,PROCEDURE PERFORMED DURING THIS HOSPITALIZATION: , Total thyroidectomy.,INDICATIONS FOR THE SURGERY: ,Briefly, the patient is a 71-year-old female referred with increasingly symptomatic large nodular thyroid goiter.",,,
tinea pedis,tinea pedis,A foot infection from fungus.,1,0.93,2,Discharge Summary - Cerebral Palsy,"Bilateral lower extremity cellulitis secondary to bilateral tinea pedis.,2.",,,
titer,titer,The titer is how much of something is in a liquid.,1,0.93,2,Ectopic Pregnancy - Discharge Summary,"The patient had a positive hCG with a negative sonogram and hCG titer of about 18,000.,HOSPITAL COURSE:, The patient was admitted to the hospital with the diagnosis of a possible incomplete abortion, to rule out ectopic pregnancy or rupture of corpus luteal cyst.",,,
torticollis,torticollis,"A condition where the neck muscles contract, causing the head to twist to the side.",1,0.93,2,Goldenhar Syndrome - Discharge Summary,"Her left side of the face is deformed with microglia present, micrognathia present, and a moderate amount of torticollis.,VITAL SIGNS: Presently, her temperature is 98, pulse 152, respirations 36, weight is 3.98 kg, pulse oximetry on room air is 95%.,HEENT: Head is with anterior fontanelle open.",,,
total hip replacement,total hip replacement,Hip surgery to replace a worn-out hip joint.,1,0.93,2,Hip Surgery - Discharge Summar,"CHIEF COMPLAINT:, Decreased ability to perform daily living activity secondary to recent right hip surgery.,HISTORY OF PRESENT ILLNESS: ,The patient is a 51-year-old white female who is status post right total hip replacement performed on 08/27/2007 at ABCD Hospital by Dr.",,,
toxicity,toxicity,Toxicity means any bad side effects from a drug or poison.,1,0.93,2,Discharge Summary - 12,She also has renal insufficiency and digitalis toxicity.,,,
transesophageal echocardiogram,Transesophageal echocardiogram,A heart test that uses sound waves through a tube passed down your throat to make a heart picture.,1,0.93,2,Discharge Summary - 8,"Transesophageal echocardiogram July 27, 2007, that was normal.",,,
trapezius,trapezius,A triangle-shaped muscle that is flat and located in the back.,1,0.93,2,Discharge Summary - Migraine,Sternocleidomastoid and trapezius muscles are full strength bilaterally.,,,
traumatic,traumatic,A traumatic event is something that really harms you.,1,0.93,2,Discharge Summary - Multiple Trauma,"Aftercare healing traumatic fracture of the lower arm.,7.",,,
trazodone,trazodone,Trazodone is a medication that helps with feelings of depression and anxiety.,1,0.93,2,Knee Surgery - Discharge Summary,"She reports having some right knee pain, which is most intense at a ""certain position."" The patient is unable to elaborate on which ""certain position"" causes her the most discomfort.,ALLERGIES:, NKDA.,PAST MEDICAL HISTORY: , Hypertension, hypothyroidism, degenerative joint disease, GERD, anxiety disorder, Morton neuroma of her feet bilaterally, and distant history of migraine headaches some 30 years ago.,MEDICATIONS:, On transfer, Celebrex, Coumadin, Colace, Synthroid, Lovenox, Percocet, Toprol XL, niacin, and trazodone.,PHYSICAL EXAMINATION:,VITAL SIGNS: Temperature 96.5, blood pressure 127/72, pulse 70, respiratory rate 20, 95% O2 saturation on room air.,GENERAL: No acute distress at the time of the exam except as mentioned above complains of right knee pain at ""certain position."",HEENT: Normocephalic.",,,
trigger,trigger,A trigger is something that can cause a disease or condition to occur.,1,0.93,2,Discharge Summary - Migraine,"She states the headache had for the most part resolved though she continues to have some diffuse trigger point pain.,PHYSICAL EXAMINATION AT THE TIME OF DISCHARGE: , General physical exam was unremarkable.",,,
ureteroscopy,ureteroscopy,It's a procedure to look inside the bladder and ureter using a small tube with a camera.,1,0.93,2,Discharge Summary - Urology & Nephrology,"ADMITTING DIAGNOSES:, Solitary left kidney with obstruction, and hypertension, and chronic renal insufficiency.,DISCHARGE DIAGNOSES: , Solitary left kidney with obstruction and hypertension and chronic renal insufficiency, plus a Pseudomonas urinary tract infection.,PROCEDURES: , Cystoscopy under anesthesia, ureteroscopy, an attempted tube placement, stent removal with retrograde pyelography, percutaneous tube placement, and nephrostomy by Radiology.,PERTINENT LABORATORIES: , Creatinine of 1.4.",,,
2-d,2-D,Flat and having both length and width.,1,0.93,1,Lap Chole - Discharge Summary,"So, the patient admitted to the Med/Surg floor initially and the patient was started on IV fluid as well as low-dose IV antibiotic and 2-D echocardiogram and EKG also was ordered.",,,
abdominal ultrasound,Abdominal ultrasound,A way to look inside the stomach using sound waves to create pictures.,1,0.93,1,Neonatal Discharge Summary - 1,Abdominal ultrasound showed gaseous distention without signs of obstruction.,,,
ablation,ablation,"Destroying tissue as part of a treatment using methods like heat, cold, electricity, radiation, laser, or sound waves.",1,0.93,1,Discharge Summary - 3,"Chronic atrial fibrillation with prior ablation done on Coumadin treatment.,3.",,,
ace inhibitors,ACE inhibitors,Medication that widens blood vessels and lowers blood pressure.,1,0.93,1,Discharge Summary - 9,"The patient was treated with ACE inhibitors, diuretics, Aldactone, and Lasix, and improved.",,,
activities of daily living,activities of daily living,"Things people do every day like eating, bathing, and getting dressed.",1,0.93,1,Discharge Summary - Urology,"He tolerated a regular diet with no difficulties in his activities of daily living, and his Foley was removed on the day of discharge.,He was started on ciprofloxacin, Colace, and Lasix after the transurethral resection and continued these for a short course.",,,
acute care,acute care,Short-term treatment for severe injury or illness.,1,0.93,1,Discharge Summary - 17,"Z.,CONDITION ON DISCHARGE: , Clinically improved, however, requiring acute care.,CURRENT MEDICATIONS: ,Include those on admission combined with IV Flagyl 500 mg every 8 hours and Levaquin 500 mg daily.,HOSPITAL SUMMARY: , This is one of several admissions for this 68-year-old female who over the initial 48 hours preceding admission had a complaint of low-grade fever, confusion, dizziness, and a nonproductive cough.",,,
addendum,addendum,"An addendum is an additional item, typically added to the end of a document.",1,0.93,1,Knee Surgery - Discharge Summary,"An INR is to be obtained on 09/03/2007 and should the Coumadin dose be changed, an addendum will be dictated to accompany this discharge summary.",,,
adjunct,adjunct,An adjunct is an extra treatment used alongside the primary one.,1,0.93,1,ER Report - Chest Pain & Fever,Consider Byetta as an adjunct to her diabetic treatment and efforts to weight control.,,,
advil,Advil,Advil is a medicine for mild pain and fever.,1,0.93,1,Otitis Media - Discharge Summary,"He has been taking Tylenol and Advil to help decrease the fevers, but the fever has continued to rise.",,,
aerosols,aerosols,"Aerosols are like a spray that you can breathe in, such as medicines.",1,0.93,1,Otitis Media - Discharge Summary,"His lungs remained clear, but because of the need for O2, we instituted albuterol aerosols every 6 hours to help maintain good lung function.",,,
affective disorder,affective disorder,"It's a group of mood conditions like anxiety and depression, with symptoms ranging from mild to severe.",1,0.93,1,Psychiatric Discharge Summary,"Overall, insight into her illness remained impaired.,HISTORY AND HOSPITAL COURSE: , The patient is a 22-year-old female with a history of bipolar affective disorder, was initially admitted for evaluation of increasing mood lability, disorganization, and inappropriate behaviors.",,,
alignment,alignment,To get things in a straight line.,1,0.93,1,Anterior Cervical Discectomy & Fusion - Discharge Summary,"Postop x-ray showed good alignment and positioning of the cages, plate, and screws.",,,
alkaline,alkaline,A substance that can mix with water and reduce the acidity of acids.,1,0.93,1,Discharge Summary - 15,"Sodium 137, potassium 3.4, chloride 103, CO2 20, BUN 21, creatinine 0.9, and anion gap 14, glucose 90, total protein 8.1, albumin 4.5, calcium 8.8, bilirubin 1.5, AST 26, ALT 16, alkaline phosphatase 118.",,,
allergic,Allergic,"Reacting to something foreign to your body, resulting in symptoms like a rash or difficulty breathing.",1,0.93,1,Discharge Summary,"Allergic rhinitis.,HOSPITAL COURSE:, This 83-year-old patient had some cold symptoms, was treated as bronchitis with antibiotics.",,,
allograft,Allograft,A tissue transplant from a different person.,1,0.93,1,Neck Pain - Discharge Summary,"Allograft.,COMPLICATIONS:, None.,COURSE ON ADMISSION: , This is the case of a very pleasant 41-year-old Caucasian female who was seen in clinic as an initial consultation on 09/13/07 complaining of intense neck pain radiating to the right shoulder blade to top of the right shoulder in to the right upper extremity to the patient's hand.",,,
altered mental status,Altered mental status,When your brain isn't working right and it affects how you think and act.,1,0.93,1,Discharge Summary - 2,"Altered mental status, less somnolent, likely secondary to medications, resolved.,5.",,,
alveolar,alveolar,Alveolar means pertaining to the small air sacs in the lungs.,1,0.93,1,Pneumonia & COPD - Discharge Summary,"There was also more pronounced patchy alveolar opacity, which appeared to be, ""mass like"" in the right suprahilar region.",,,
ambulance,ambulance,It's a vehicle that rushes people to the hospital during emergencies.,1,0.93,1,Cardio/Pulmo Discharge Summary,"On the day of admission, the patient had the sudden onset of severe dyspnea and called an ambulance.",,,
amnestic,amnestic,Unable to recall events.,1,0.93,1,Discharge Summary - ATV Accident,He was not amnestic to the event.,,,
amniotic fluid,amniotic fluid,The liquid that surrounds a developing baby in the womb.,1,0.93,1,Neonatal Discharge Summary - 1,Prenatal course was complicated by low amniotic fluid index and hypertension.,,,
anaerobic,anaerobic,Anaerobic means not needing oxygen to survive.,1,0.93,1,Discharge Summary - 8,"The microbiology laboratory stated that the Gram-negative rod appeared to be anaerobic, thus raising the possibility of organisms like bacteroides.",,,
anatomy,anatomy,Anatomy is all about learning how the body is put together.,1,0.93,1,Intrauterine Pregnancy - Discharge Summary,"There was normal placenta, normal pelvic anatomy.",,,
angina,angina,Chest pain from reduced blood flow to the heart.,1,0.93,1,Chest Pain & Respiratory Insufficiency,"This demonstrated patent vein grafts and patent internal mammary vessel and so there was no obvious new disease.,She may continue in the future to have angina and she will have nitroglycerin available for that if needed.,Her blood pressure has been elevated and so instead of metoprolol, we have started her on Coreg 6.25 mg b.i.d.",,,
angiography,angiography,Angiography is a way to take a picture of the inside of blood vessels.,1,0.93,1,Discharge Summary - COPD,"CT angiography, negative for pulmonary arterial embolism.,3.",,,
anticoagulation,anticoagulation,Using medications to prevent blood from clotting.,1,0.93,1,Leiomyosarcoma,"Her course was complicated by pulmonary embolus, pneumonia, and subdural hematoma while on anticoagulation.",,,
antiemetics,antiemetics,Medicine that helps with feeling sick and throwing up.,1,0.93,1,Discharge Summary - 9,The patient was restituted with antiemetics and her symptoms improved.,,,
apex,apex,The apex is the very top or highest point of something.,1,0.93,1,Discharge Summary - 13,Permanent pacemaker was placed on 09/05/2007 with right atrium appendage and right ventricular apex electrode placement.,,,
apical,apical,"The top part of a pointed or round shape, like the top of the lung or heart.",1,0.93,1,CHF & Pleural Effusion - Discharge Summary,"An adenosine sestamibi was done in March 2000, with a small fixed apical defect, but no ischemia.",,,
appreciate,appreciate,To be thankful for something.,1,0.93,1,Death Summary - 1,"The patient was extubated, and he was pronounced expired on 08/21/08 at 01:40 hours.,I appreciate all consultants' input.",,,
arterial,arterial,Blood vessel that carries blood away from the heart.,1,0.93,1,Discharge Summary - COPD,"CT angiography, negative for pulmonary arterial embolism.,3.",,,
ascites,ascites,Fluid in the belly that causes swelling.,1,0.93,1,Discharge Summary - Mesothelioma - 1,"PRINCIPAL DIAGNOSIS:, Mesothelioma.,SECONDARY DIAGNOSES:, Pleural effusion, atrial fibrillation, anemia, ascites, esophageal reflux, and history of deep venous thrombosis.,PROCEDURES,1.",,,
aspirate,aspirate,Sucking out fluid or material from the body using a vacuum.,1,0.93,1,Gastrointestinal Bleed - Discharge Summary,He apparently had an NG tube placed in the emergency room with gastric aspirate revealing no blood.,,,
assisted living,assisted living,A living arrangement for people who require some medical or personal assistance.,1,0.93,1,Discharge Summary - 12,"Her condition improved and she is stabilized and transferred back to assisted living in good condition.,PRIMARY DIAGNOSES:,1.",,,
assistive devices,assistive devices,Equipment that makes tasks easier for people who have difficulties doing them on their own.,1,0.93,1,Knee Osteoarthrosis - Discharge Summary,"Examination of her gait reveals she walks without assistive devices.,HEENT: Normocephalic and atraumatic.,CHEST: Clear to auscultation.,CARDIOVASCULAR: Regular rate and rhythm.,ABDOMEN: Soft.,EXTREMITIES: Grossly neurovascularly intact.,HOSPITAL COURSE: , The patient was taken to the operating room (OR) on 03/15/2007.",,,
associated,associated,Related or connected to something.,1,0.93,1,Gastric Bypass Summary,"Obstructive sleep apnea, on CPAP.,OPERATION AND PROCEDURE: , Laparoscopic Roux-en-Y gastric bypass.,BRIEF HOSPITAL COURSE SUMMARY: ,This is a 30-year-old male, who presented recently to the Bariatric Center for evaluation and treatment of longstanding morbid obesity and associated comorbidities.",,,
atelectatic,atelectatic,When a lung caves in.,1,0.93,1,Pneumonia & COPD - Discharge Summary,"On the day prior to discharge, the patient had a chest x-ray 2 views, which allowing for differences in technique revealed little change in the bibasilar infiltrates and atelectatic changes at the bases bilaterally.",,,
atrial,atrial,Having to do with the upper part of the heart.,1,0.93,1,Discharge Summary - 1,"The left atrial size is normal with a negative bubble study.,7.",,,
atrial enlargement,atrial enlargement,When a section of the heart's top chambers gets bigger.,1,0.93,1,CVA - Discharge Summary,"An echocardiogram revealed mild concentric LVH with normal left ventricular function with an EF of 57%, moderate left atrial enlargement and diastolic dysfunction with mild mitral regurgitation.",,,
atypical pneumonia,Atypical pneumonia,Pneumonia caused by unusual germs compared to normal cases.,1,0.93,1,Pneumonia - Discharge Summary,"Atypical pneumonia, suspected viral.,2.",,,
autologous,autologous,Cells or tissues taken from oneself.,1,0.93,1,Knee Surgery - Discharge Summary,The patient was transfused with 2 units of autologous blood postoperatively.,,,
av fistula,AV fistula,A link between an artery and a vein in the body.,1,0.93,1,Lap Chole - Discharge Summary,"Hypothyroidism.,HOSPITAL COURSE: , This is a 78-year-old female with past medical condition includes hypertension, end-stage renal disease, hyperlipidemia, hypothyroidism, and skin lymphoma who had a left AV fistula done about 3 days ago by Dr.",,,
axilla,axilla,The armpit or underarm.,1,0.93,1,Bronchiolitis - Discharge Summary,"She does have some upper airway congestion.,CARDIOVASCULAR: Regular rate and rhythm with a 2-3/6 systolic murmur that radiates to bilateral axilla and the back.,EXTREMITIES: Her femoral pulses were 2+ and her extremities were warm and well perfused with good capillary refill.,LUNGS: Her lungs did show some slight coarseness, but good air movement with equal breath sounds.",,,
axillary,axillary,Axillary means related to the armpit area and its lymph nodes.,1,0.93,1,Back Pain - Discharge Summary,"Tongue is at midline and no evidence of thrush.,NECK: Trachea is at the midline.,LYMPHATICS: No cervical or axillary nodes palpable.,LUNGS: Clear to auscultation bilaterally.,HEART: Regular rate and rhythm.",,,
babinski,Babinski,"When your foot is tickled, your big toe bends upwards instead of downwards.",1,0.93,1,Discharge Summary - Migraine,"Babinski reflexes are plantar.,DISPOSITION:, The patient is discharged home.,INSTRUCTIONS FOR FOLLOWUP: ,The patient is to followup with her primary care physician as needed.",,,
bacteroides,bacteroides,A type of bacteria that lives in your gut but can make you sick if it spreads to other parts of your body.,1,0.93,1,Discharge Summary - 8,"The microbiology laboratory stated that the Gram-negative rod appeared to be anaerobic, thus raising the possibility of organisms like bacteroides.",,,
balance,balance,To keep something steady and upright.,1,0.93,1,Discharge Summary - Migraine,The patient is able to balance on heels and toes.,,,
bariatric surgery,bariatric surgery,Surgery to help you lose weight by altering your stomach and intestines.,1,0.93,1,Gastric Bypass Summary,"Underwent standard bariatric evaluation, consults, diagnostics, and preop Medifast induced weight loss in anticipation of elective bariatric surgery.",,,
beats per minute,beats per minute,Heart rate measured in one minute.,1,0.93,1,Death Summary,RVR with a rapid ventricular response of 160 beats per minute.,,,
beta-blocker,beta-blocker,Medications that help the heart pump more efficiently by lowering heart rate and blood pressure.,1,0.93,1,CHF & Pleural Effusion - Discharge Summary,"Y recommended a beta-blocker with an ACE inhibitor; therefore, the lisinopril was discontinued.",,,
bisacodyl,Bisacodyl,A drug that helps you poop.,1,0.93,1,Discharge Summary - 13,Bisacodyl 10 mg p.o.,,,
bladder outlet obstruction,bladder outlet obstruction,When something is blocking the bladder and stopping pee from coming out.,1,0.93,1,Discharge Summary - Cerebral Palsy,"Prostatic hypertrophy with bladder outlet obstruction.,3.",,,
blood gas,blood gas,"A blood gas test helps measure the levels of oxygen and carbon dioxide in your blood, which can indicate certain health issues if imbalanced.",1,0.93,1,Cardio/Pulmo Discharge Summary,"It was, therefore, felt that the patient was stable for further management on an outpatient basis.,DIAGNOSTIC DATA:, The patient’s admission laboratory data was notable for his initial blood gas, which showed a pH of 7.02 with a pCO2 of 118 and a pO2 of 103.",,,
blurry,blurry,Not clear; fuzzy.,1,0.93,1,Discharge Summary - Migraine,She described the headache as worse in her life and it was also accompanied by blurry vision and scotoma.,,,
bolus,bolus,To quickly give a large amount of medicine or fluid.,1,0.93,1,Neonatal Discharge Summary - 1,D10 was given initially as bolus.,,,
bone marrow,bone marrow,"The soft, sponge-like tissue inside bones where blood cells are made.",1,0.93,1,Discharge Summary - Lymphoma,"It is thought that her decreasing counts may be secondary to infection; however, if she continues to be pancytopenic, she will have a repeat bone marrow as an outpatient.,4.",,,
bowel habits,bowel habits,How often you poop and whether it's hard or soft.,1,0.93,1,ER Report - Chest Pain & Fever,"The patient denies nosebleed, visual changes, nausea, vomiting, diarrhea or changes in bowel habits.",,,
bowels,bowels,Intestines in your belly that digest food.,1,0.93,1,Cholecystitis - Discharge Summary,"Her bowels had begun to function, and she was afebrile with her pain control with oral pain medications.",,,
bph,BPH,An age-related enlargement of the prostate that can cause difficulty urinating.,1,0.93,1,Discharge Summary - Urology,"He stated that he never had blood in his urine before, however, he does have a past history of BPH and he had a transurethral resection of prostate more than 10 years ago.",,,
brachial,brachial,It means having to do with the arm.,1,0.93,1,Prematurity - Discharge Summary,"Nose and throat are patent without palatal defect.,NECK: Supple without clavicular fracture.,LUNGS: Clear to auscultation.,HEART: Regular rate without murmur, click or gallop present.,EXTREMITIES: Pulses are 2/4 for brachial and femoral.",,,
bradycardias,bradycardias,A slower-than-normal heartbeat.,1,0.93,1,Discharge Summary - 13,"The patient remained in sinus rhythm with severe bradycardias, but all of them one to one transmission.",,,
bronchodilators,bronchodilators,Bronchodilators are medicine that helps you breathe easier by relaxing the muscles around your airways.,1,0.93,1,Discharge Summary - COPD,"Chronic obstructive pulmonary disease exacerbation improving, on steroids and bronchodilators.,2.",,,
brown,brown,Brown fat is a unique type of body fat that helps keep you warm by burning energy when you're cold.,1,0.93,1,GI Bleed - Discharge Summary,"Stool dark brown, strongly OB positive.",,,
bulb,bulb,"A bulb is a round, swollen part.",1,0.93,1,Bronchiolitis - Discharge Summary,"Continue breast-feeding as much as possible and encourage oral intake.,MEDICATIONS: She will be sent home on albuterol MDI to be used as needed for cough, wheezes or dyspnea.,ADDITIONAL INSTRUCTIONS:, Mom is quite comfortable with bulb suctioning the nose with saline and they know that they are to return immediately if she starts having difficulty breathing, if she stops breathing or she decides that she does not want to eat.,",,,
bypass graft,bypass graft,A bypass graft is a surgery that creates an alternate route around a blocked artery.,1,0.93,1,Discharge Summary - Peripheral vascular disease,"Irrigation and debridement of right below-knee amputation wound on July 21, 2008, July 24, 2008, July 28, 2008, and August 1, 2008.,HISTORY OF PRESENT ILLNESS: , The patient is an 89-year-old gentleman with multiple medical conditions including coronary artery disease, hypothyroidism, and severe peripheral vascular disease status post multiple revascularizations, and a right below-knee amputation in June 2008 following a thrombosis of his right femoropopliteal bypass graft.",,,
bypass surgery,bypass surgery,Surgery to create a new route for blood flow.,1,0.93,1,Chest Pain & Respiratory Insufficiency,There was of course a four-vessel bypass surgery in 2001.,,,
c. diff colitis,C. diff colitis,"An infection causing symptoms like fever, diarrhea, and cramps in the large bowel.",1,0.93,1,Discharge Summary - 17,,,,
cachectic,cachectic,Cachectic means being very weak and skinny because of a severe illness.,1,0.93,1,Goldenhar Syndrome - Discharge Summary,"However, she has not been tolerating feedings through this prior to admission.,PHYSICAL EXAMINATION:,GENERAL: At transfer to UNM on October 13, 2003 reveals a dysmorphic infant who is small and slightly cachectic.",,,
cancellous bone,cancellous bone,Spongy-looking tissue found inside bones.,1,0.93,1,Discharge Summary - 19,"There was small gap between the cancellous bone and the long stem femoral component of the prosthesis, which is within normal limits.,DISCHARGE MEDICATIONS:,1.",,,
cardiac arrest,Cardiac arrest,Cardiac arrest is when the heart suddenly stops beating.,1,0.93,1,Death Summary - 2,"Cardiac arrest.,2.",,,
cardiomegaly,cardiomegaly,When someone's heart is bigger than it should be.,1,0.93,1,Discharge Summary - 9,"It showed some moderate cardiomegaly with bilateral pleural effusions, and a small pericardial effusion.",,,
caregiver,caregiver,A caregiver is someone who helps people who can't care for themselves.,1,0.93,1,Occupational Therapy Discharge Summary,"Treatment consisted of neuromuscular reeducation including therapeutic exercise to improve range of motion, strength, and coordination; functional mobility training; self-care training; cognitive retraining; caregiver instruction; and home exercise program.",,,
carotid sinus,carotid sinus,The carotid sinus is the spot where the carotid arteries come together and widen.,1,0.93,1,Knee Osteoarthrosis - Discharge Summary,"Informed consent was obtained.,PAST SURGICAL HISTORY: , Right knee surgery, cosmetic surgery, and carotid sinus surgery.,MEDICATIONS: , Mirapex, ibuprofen, and Ambien.,ALLERGIES: , QUESTIONABLE PENICILLIN ALLERGIES.,PHYSICAL EXAMINATION: , GENERAL: Female who appears younger than her stated age.",,,
cautery,cautery,"Burning a body part to remove or seal it off, commonly used in surgery.",1,0.93,1,Discharge Summary - Cholelithiasis,"Her LFTs were slightly elevated, I do believe this is related to the cautery used on the liver bed.",,,
cbc with diff,CBC with diff,Count of the different types of blood cells in your blood.,1,0.93,1,Multiple Medical Problems - Discharge Summary,She was given a lab sheet to have a CBC with diff as well as a CMP to be drawn prior to her appointment with Dr.,,,
celexa,Celexa,A medication for treating depression.,1,0.93,1,Discharge Summary - Migraine,"Celexa 40 mg daily.,3.",,,
cephalosporin,CEPHALOSPORIN,A type of medication that helps fight bacterial infections.,1,0.93,1,Back Pain - Discharge Summary,"B, the patient's oncologist.,ALLERGIES: , PENICILLIN, AMOXICILLIN, CEPHALOSPORIN, DOXYCYCLINE, IVP DYE, IODINE, and SULFA, all cause HIVES.,Additionally, the patient reports that he has HIVES when he comes in contact with SAP FROM THE MANGO TREE, and therefore, he avoids any mango product at all.,PAST MEDICAL HISTORY: , Status post right orchiectomy secondary to his testicular cancer 18 years ago approximately 1989, GERD, irritable bowel syndrome, seasonal asthma (fall and spring) triggered by postnasal drip, history of bilateral carpal tunnel syndrome, and status post excision of abdominal teratoma and incisional hernia.,FAMILY HISTORY:, Noncontributory.,SOCIAL HISTORY: , The patient is employed in the finance department.",,,
chest pains,chest pains,Pain in the chest that can be felt anywhere between the neck and upper belly.,1,0.93,1,Discharge Summary - 18,She was having chest pains along with significant vomiting and diarrhea.,,,
cholangiogram,cholangiogram,An X-ray that shows the bile ducts in the body.,1,0.93,1,Cholecystitis - Discharge Summary,We proceeded with laparoscopic cholecystectomy and during the cholangiogram there was no contrast.,,,
chronic bronchitis,chronic bronchitis,"When the big air tubes to your lungs get all swollen and scarred for a long time, that's chronic bronchitis.",1,0.93,1,Lap Chole - Discharge Summary,The patient also had chronic bronchitis.,,,
chronic renal,chronic renal,When the kidneys start to work less and less over time.,1,0.93,1,Pneumonia & COPD - Discharge Summary,"Acute renal failure on chronic renal failure on admission, now resolved.,HISTORY OF PRESENT ILLNESS:, Briefly, this is 73-year-old white male with history of multiple hospital admissions for COPD exacerbation and pneumonia who presented to the emergency room on 04/23/08, complaining of severe shortness of breath.",,,
chronically,chronically,A long-lasting condition that continually persists or recurs.,1,0.93,1,Pyelonephritis - Discharge Summary,"Anemia, which has been present chronically over the past year.,HOSPITAL COURSE:, The patient was admitted with suspected pyelonephritis.",,,
circumferential,circumferential,It's about the outer edge of a circle.,1,0.93,1,Back & Leg Pain - Discharge Summary,"ADMISSION DIAGNOSIS: , Bilateral l5 spondylolysis with pars defects and spinal instability with radiculopathy.,SECONDARY DIAGNOSIS:, Chronic pain syndrome.,PRINCIPAL PROCEDURE: , L5 Gill procedure with interbody and posterolateral (360 degrees circumferential) arthrodesis using cages, bone graft, recombinant bone morphogenic protein, and pedicle fixation.",,,
circumflex coronary artery,circumflex coronary artery,A blood vessel that brings oxygen-rich blood to the heart muscle.,1,0.93,1,Neonatal Discharge Summary - 1,"The lab showing normal antegrade flow across the right coronary artery as well as the left main and left anterior descending coronary artery, then the circumflex coronary artery.,CNS:, Infant had a head ultrasound done to rule out intracranial abnormalities and intracranial hemorrhage.",,,
clavicular,clavicular,Clavicular refers to the collarbone.,1,0.93,1,Prematurity - Discharge Summary,"Nose and throat are patent without palatal defect.,NECK: Supple without clavicular fracture.,LUNGS: Clear to auscultation.,HEART: Regular rate without murmur, click or gallop present.,EXTREMITIES: Pulses are 2/4 for brachial and femoral.",,,
clitoris,clitoris,A sensitive body part on a woman's body that enhances sexual pleasure.,1,0.93,1,Prematurity - Discharge Summary,"No masses or organomegaly.,GENITALIA: Normal female, but the clitoris is not covered by the labia majora.,NEUROLOGICAL: The infant has good Moro, grasp, and suck reflexes.,INSTRUCTIONS FOR CONTINUING CARE,The infant will be discharged home.",,,
cmp,CMP,"A CMP is a blood test that checks various substances like glucose, proteins, waste products, and enzymes in the blood.",1,0.93,1,Multiple Medical Problems - Discharge Summary,She was given a lab sheet to have a CBC with diff as well as a CMP to be drawn prior to her appointment with Dr.,,,
colon,colon,The colon is the large intestine that takes out water and waste from food before it leaves the body.,1,0.93,1,Discharge Summary - 14,There was some retained stool in that area and the patient had a somewhat prolonged hospital course on the remaining barium from the colon.,,,
community-acquired pneumonia,community-acquired pneumonia,"A lung infection you catch in the community, making it difficult to breathe.",1,0.93,1,Pneumonia & COPD - Discharge Summary,Note that this patient did not have community-acquired pneumonia.,,,
compression fracture,compression fracture,A compression fracture is when a bone in the spine collapses due to brittle bones.,1,0.93,1,Discharge Summary - 17,She complained of some back discomfort and lumbosacral back x-ray did reveal some evidence of mild degenerative disk disease with no obvious compression fracture acute noted and she will be followed by Dr.,,,
confused,confused,Being confused means not being able to think clearly.,1,0.93,1,Discharge Summary - Multiple Trauma,He was confused initially and initially started on rehab.,,,
conjunctival,conjunctival,Related to the thin membrane that covers the eyeball and the inside of the eyelid.,1,0.93,1,Prematurity - Discharge Summary,Eyes are without conjunctival injection.,,,
constipated,constipated,"When you're constipated, your poop is hard and difficult to pass.",1,0.93,1,Hip Surgery - Discharge Summar,"She denies any nausea, vomiting, or diarrhea, but reports as being constipated with the last bowel movement being on 08/26/2007 prior to surgery.",,,
consultant,consultant,Someone who gives advice on a specific topic.,1,0.93,1,Cardio/Pulmo Discharge Summary,"After pulmonary consultation was obtained, the pulmonary consultant felt that the patient’s overall clinical picture suggested that he had a,significant element of congestive heart failure.",,,
consulting,CONSULTING,Getting advice from an expert in a meeting or other form of contact.,1,0.93,1,Discharge Summary - 4,"DATE OF ADMISSION: , MM/DD/YYYY.,DATE OF DISCHARGE: , MM/DD/YYYY.,ADMITTING DIAGNOSIS:, Peritoneal carcinomatosis from appendiceal primary.,DISCHARGE DIAGNOSIS: , Peritoneal carcinomatosis from appendiceal primary.,SECONDARY DIAGNOSIS: , Diarrhea.,ATTENDING PHYSICIAN: , AB CD, M.D.,SERVICE: , General surgery C, Surgery Oncology.,CONSULTING SERVICES:, Urology.,PROCEDURES DURING THIS HOSPITALIZATION:, On MM/DD/YYYY, ,1.",,,
contraceptives,contraceptives,Medicines that help avoid getting pregnant.,1,0.93,1,Hysterectomy - Discharge Summary - 1,"She has failed oral contraceptives and surgical therapy is planned.,PAST HISTORY: , Significant for reflux.,SURGICAL HISTORY: ,Tubal ligation.,PHYSICAL EXAMINATION: , A top normal sized uterus with normal adnexa.,LABORATORY VALUES: ,Her discharge hemoglobin is 12.4.,HOSPITAL COURSE: , She was taken to the operating room on 11/05/07 where a total vaginal hysterectomy was performed under general anesthesia.",,,
conversion,conversion,Conversion is when something is changed into something different.,1,0.93,1,Cholecystitis - Discharge Summary,This necessitated conversion to an open operation.,,,
coronary artery bypass graft,Coronary artery bypass graft,Heart surgery to create a detour around a blocked artery.,1,0.93,1,ESRD - Discharge Summary,"End-stage renal disease.,PAST SURGICAL HISTORY: , Coronary artery bypass graft x5 in 1995 and cadaveric renal transplant in 1996.,SOCIAL HISTORY: ,The patient denies tobacco or ethanol use.,FAMILY HISTORY:, Hypertension.,PHYSICAL EXAMINATION: ,GENERAL: The patient was alert and oriented x3 in no acute distress, healthy-appearing male.,VITAL SIGNS: Temperature 96.6, blood pressure 166/106, heart rate 83, respiratory rate 18, and saturations 96% on room air.,CARDIOVASCULAR: Regular rate and rhythm.,PULMONARY: Clear to auscultation bilaterally.,ABDOMEN: Soft, nontender, and nondistended with positive bowel sounds.,EXTREMITIES: No clubbing, cyanosis, or edema.,PERTINENT LABORATORY DATA: , White blood cell count 6.4, hematocrit 34.6, and platelet count 182.",,,
correlation,correlation,Connection between two or more things.,1,0.93,1,Discharge Summary - 1,"Clinical correlation is necessary.,6.",,,
cortisone,cortisone,A substance that occurs naturally in the body and is also used as a medication for inflammation and allergies.,1,0.93,1,COPD - Discharge Summary,The cortisone was tapered.,,,
costophrenic,costophrenic,Costophrenic means having to do with the ribs and diaphragm.,1,0.93,1,Discharge Summary - 1,"Impression: Mild tortuosity of the thoracic aorta, maybe secondary to hypertension; right lateral costophrenic angle is not evaluated due to positioning of the patient.,3.",,,
cramps,cramps,Stabbing pain when a muscle suddenly tightens up.,1,0.93,1,Cholestasis Of Pregnancy,"cramps, Tylenol No.",,,
ct angiogram,CT angiogram,It's a medical test that uses a CT scan and dye to take pictures of blood vessels in your body.,1,0.93,1,CVA - Discharge Summary,X saw him in consultation and recommended CT angiogram.,,,
cystic,cystic,"""Having to do with a sac-like structure called a cyst.""",1,0.93,1,Discharge Summary - Nephrology,Approximately one liter of cystic fluid was drained during the procedure.,,,
cystic duct,cystic duct,A tube that moves bile from the gall bladder.,1,0.93,1,Cholecystitis - Discharge Summary,The remaining Jackson-Pratt drain was left adjacent to her cystic duct.,,,
cystourethroscopy,Cystourethroscopy,A procedure to see inside the bladder and urethra up close.,1,0.93,1,Urology Discharge Summary,"PROCEDURES:, Cystourethroscopy and transurethral resection of prostate.,COMPLICATIONS:, None.,ADMITTING DIAGNOSIS:, Difficulty voiding.,HISTORY:, This 67-year old Hispanic male patient was admitted because of enlarged prostate and symptoms of bladder neck obstruction.",,,
decline,decline,Get worse over time or decrease in value.,1,0.93,1,Falls - Discharge Summary,"The patient been getting along for a number of years and has been doing well, but recently has been noting some decline primarily with regards to her depression.",,,
deconditioning,Deconditioning,Muscle changes due to lack of activity.,1,0.93,1,Cardiac Transfer Summary,"Deconditioning.,CONSULTATIONS: , Cardiology.,PROCEDURES:,1.",,,
deep vein thrombosis prophylaxis,Deep vein thrombosis prophylaxis,Steps to prevent blood clots in the veins.,1,0.93,1,Back Pain - Discharge Summary,"Deep vein thrombosis prophylaxis will be maintained by the patient, continue to engage in his therapies including ambulating in the halls and doing leg exercises as well.,5.",,,
deformity,deformity,"A deformity is a lasting abnormality in the shape, size, or position of a body part.",1,0.93,1,ER Report - Chest Pain & Fever,Musculoskeletal is intact without deformity.,,,
dehydration,Dehydration,When your body doesn't have enough water because you're not drinking enough or losing fluids in various ways.,1,0.93,1,Gastroenteritis - Discharge Summary,"Dehydration.,DISCHARGE DIAGNOSES,1.",,,
delusions,delusions,A delusion is a false belief that a person strongly believes in even if it is not true.,1,0.93,1,Psychiatric Discharge Summary,"Thoughts remained tangential, and the patient endorsed paranoid delusions.",,,
depressed,depressed,Feeling really sad for a long time and not finding joy in things you used to enjoy.,1,0.93,1,Falls - Discharge Summary,Family members who are present state that the patient had been increasingly anxious and freely admitted that she was depressed at home.,,,
dermatomyositis,dermatomyositis,A disease that results in weak muscles and a skin rash due to inflammation.,1,0.93,1,Discharge Summary - 7,"REASON FOR ADMISSION: , Fever of unknown origin.,HISTORY OF PRESENT ILLNESS: , The patient is a 39-year-old woman with polymyositis/dermatomyositis on methotrexate once a week.",,,
descending,descending,Moving in a downward direction.,1,0.93,1,Neonatal Discharge Summary - 1,"The lab showing normal antegrade flow across the right coronary artery as well as the left main and left anterior descending coronary artery, then the circumflex coronary artery.,CNS:, Infant had a head ultrasound done to rule out intracranial abnormalities and intracranial hemorrhage.",,,
diagnostic studies,DIAGNOSTIC STUDIES,A medical test used to find and determine the type of illness.,1,0.93,1,Hysterectomy - Discharge Summary - 2,"She is aware of the future need of Pap smears.,PAST MEDICAL HISTORY: , Past history is significant for seven pregnancies, five term deliveries, and significant past history of tobacco use.,PHYSICAL EXAMINATION: , Physical exam is within normal limits with a taut normal size uterus and a small cervix, status post cone biopsy.,LABORATORY DATA AND DIAGNOSTIC STUDIES: , Chest x-ray was clear.",,,
dilantin,Dilantin,A medication used for controlling seizures.,1,0.93,1,Hypothermia - Discharge Summary,His usual medications of Dilantin and Depakene were given.,,,
dilated,dilated,Dilated means widened or enlarged.,1,0.93,1,Cholecystitis - Discharge Summary,"She was admitted through the emergency room with abdominal pain, elevated bilirubin, and gallstones on ultrasound with a dilated common bile duct.",,,
diltiazem,diltiazem,A medicine used to control high blood pressure and irregular heart rhythms.,1,0.93,1,Pneumonia & COPD - Discharge Summary,"The patient subsequently received diltiazem, also received p.o.",,,
diovan,Diovan,A medication that helps lower high blood pressure.,1,0.93,1,Lap Chole - Discharge Summary,"daily, Diovan 80 mg p.o.",,,
discharge date,DISCHARGE DATE,The day someone leaves the hospital.,1,0.93,1,Discharge Summary - 6,"DISCHARGE DATE: MM/DD/YYYY,HISTORY OF PRESENT ILLNESS: Mr.",,,
discoloration,discoloration,When something changes color and it's not the usual one.,1,0.93,1,Discharge Summary - ATV Accident,"Additionally, he was told to call his pediatrician, if he develops any fevers, pain, loss of sensation, loss of pulse, or discoloration of his fingers, or paleness to his hand.",,,
discontinuation,discontinuation,Discontinuation means stopping a drug or treatment.,1,0.93,1,Discharge Summary - 18,She dramatically improved with this discontinuation of her Prozac.,,,
displacement,displacement,Moving to a different place.,1,0.93,1,Discharge Summary - Multiple Trauma,"Cervical disk displacement with myelopathy.,11.",,,
disseminated,Disseminated,When something is spread out or scattered around.,1,0.93,1,Discharge Summary - 7,"Disseminated CMV infection with possible CMV pneumonitis.,2.",,,
diuretic,diuretic,A diuretic is a medication that makes you pee more.,1,0.93,1,Cardio/Pulmo Discharge Summary,He received intravenous diuretic therapy.,,,
docusate,docusate,Medicine that helps make pooping easier by softening the stool.,1,0.93,1,CHF & Pleural Effusion - Discharge Summary,"He was placed on Prinivil, aspirin, oxybutynin, docusate, and Klor-Con.",,,
docusate sodium,Docusate sodium,A medication that helps make poop softer so you can poop easier.,1,0.93,1,Discharge Summary - 1,"Docusate sodium 100 mg, one cap p.o.",,,
doppler,Doppler,Measuring blood flow in blood vessels using sound waves and a probe placed on the skin.,1,0.93,1,Knee Surgery - Discharge Summary,"Early in the hospital course, the patient had reported right calf tenderness and a venous Doppler study obtained on 08/27/2007 showed no DVT bilaterally.",,,
dorsal,dorsal,Dorsal means related to the back of the body or an organ.,1,0.93,1,Discharge Summary - 1,"on March 26 with the sudden onset of right-sided weakness of his arm, hand, leg and foot and also with a right facial droop, right hand numbness on the dorsal side, left face numbness and slurred speech.",,,
dosages,dosages,The quantity of medicine or treatment given at once.,1,0.93,1,Discharge Summary - 13,"The patient will finish cefazolin 1 g IV every 6 hours, total 5 dosages after pacemaker placement.,DISCHARGE INSTRUCTIONS: , Follow up in the office in 10 days for staple removal.",,,
drained,drained,To remove excess liquid from a wound or body cavity.,1,0.93,1,Discharge Summary - Nephrology,Approximately one liter of cystic fluid was drained during the procedure.,,,
drip,drip,A drip is when medicine goes into your body slowly through a tube in your vein.,1,0.93,1,Discharge Summary - 11,He put her on an insulin drip.,,,
duodenum,duodenum,"First section of your small intestine, found to the right of your stomach.",1,0.93,1,Cholecystitis - Discharge Summary,It was able to be extravasated into the duodenum with the filling defect consistent with the distal common bile duct stone.,,,
dysplasia,dysplasia,Cells that aren't growing right.,1,0.93,1,BRCA-2 mutation,"The patient regained bowel function and was discharged on the morning of the fourth postoperative day.,OPERATIONS AND PROCEDURES: , Total abdominal hysterectomy/bilateral salpingo-oophorectomy with resection of ovarian fossa peritoneum en bloc on July 25, 2006.,PATHOLOGY: , A 105-gram uterus without dysplasia or cancer.,CONDITION ON DISCHARGE: , Stable.,PLAN: ,The patient will remain at rest initially with progressive ambulation after.",,,
echo,echo,An image of the heart created using sound waves.,1,0.93,1,Kawasaki Disease - Discharge Summary,"Cardiology for echo followup in 4 to 6 weeks and instructed not to give any vaccine in less than 11 months because of IVIG, all the live virus vaccine, and if he gets any rashes, any fevers, should go to primary care doctor as soon as possible.",,,
echocardiographic,echocardiographic,A heart picture taken with sound waves.,1,0.93,1,Discharge Summary - 9,"The patient did not have any clinical or echocardiographic evidence of tamponade.,4.",,,
ectopy,ectopy,A simple condition where the heart rhythm is irregular.,1,0.93,1,ER Report - Chest Pain & Fever,"She denies any rashes or skin lesions.,PAST MEDICAL HISTORY: ,Hypertension, diabetes, hyperlipidemia, particularly elevated triglycerides with a slightly elevated LDL at 81 with an new standard LDL of 74, diabetics with a bad family history for cardiovascular disease such as this patient does have, and postmenopausal hot flashes.,PAST SURGICAL HISTORY: ,Cholecystectomy, appendectomy, oophorectomy.,FAMILY HISTORY: , Positive for coronary artery disease in her father and brother in their 40s.,SOCIAL HISTORY: , She is married and does not smoke or drink nor did she ever.,PHYSICAL EXAMINATION: , On admission, temperature 99.4 degrees F., blood pressure 137/60, pulse 90 and regular without ectopy, respiratory rate 20 without unusual respiratory effort.",,,
effexor,Effexor,Effexor is a medication people take for depression and anxiety.,1,0.93,1,ER Report - Chest Pain & Fever,"Effexor XR 37.5 mg one daily.,DIET: , ADA 1800-calorie diet.,ACTIVITY:, As tolerated.",,,
ejection murmur,ejection murmur,A sound heard during a heartbeat.,1,0.93,1,Discharge Summary - 19,"The patient has right hip brace/immobilizer.,HEART: Irregularly irregular heart rhythm, grade 2-3/6 systolic ejection murmur best heard over the aortic area and normal S1 and S2.,CHEST: Auscultation revealed bibasilar crackles.,ABDOMEN: Soft, nontender, no organomegaly and bowel sounds are present.,CNS: Nonfocal.,LABORATORY STUDIES: , WBC 6.5, hemoglobin 12.5, hematocrit 38.9, platelet count 177,000, INR 1.2, sodium 141, potassium 3.6 and serum creatinine of 0.8.",,,
electrode,electrode,An electrode is a device that helps move electricity around.,1,0.93,1,Discharge Summary - 13,Permanent pacemaker was placed on 09/05/2007 with right atrium appendage and right ventricular apex electrode placement.,,,
emboli,emboli,"A blockage that travels through blood vessels, usually a blood clot or other substance, disrupting blood flow.",1,0.93,1,Discharge Summary - 9,Other workup including a CT angio did not show any evidence of acute pulmonary emboli.,,,
embolism,embolism,A clot that moves through blood vessels and blocks blood flow.,1,0.93,1,Discharge Summary - COPD,"CT angiography, negative for pulmonary arterial embolism.,3.",,,
embolus,embolus,"A clot, bubble, or clump that moves in the bloodstream and blocks blood flow.",1,0.93,1,Leiomyosarcoma,"Her course was complicated by pulmonary embolus, pneumonia, and subdural hematoma while on anticoagulation.",,,
en bloc,en bloc,Removing a whole tumor along with some healthy tissue around it in one go.,1,0.93,1,BRCA-2 mutation,"The patient regained bowel function and was discharged on the morning of the fourth postoperative day.,OPERATIONS AND PROCEDURES: , Total abdominal hysterectomy/bilateral salpingo-oophorectomy with resection of ovarian fossa peritoneum en bloc on July 25, 2006.,PATHOLOGY: , A 105-gram uterus without dysplasia or cancer.,CONDITION ON DISCHARGE: , Stable.,PLAN: ,The patient will remain at rest initially with progressive ambulation after.",,,
endarterectomy,endarterectomy,Surgical procedure to remove plaque buildup from arteries.,1,0.93,1,Discharge Summary - 6,"Carotid artery stenosis, status post right carotid endarterectomy in 2004.,7.",,,
endocarditis,endocarditis,"Inflammation in the inner lining of the heart, often due to an infection.",1,0.93,1,Discharge Summary - 8,"The patient was admitted to the hospital with suspicion of endocarditis given the fact that she had fever, septicemia, and Osler nodes on her fingers.",,,
enemas,enemas,A liquid put into your bum to make you poop.,1,0.93,1,Discharge Summary - 14,She did have some enemas.,,,
enteric-coated,Enteric-coated,A drug has a special coating that prevents it from being broken down in the stomach.,1,0.93,1,ER Report - Chest Pain & Fever,Enteric-coated aspirin 81 mg one daily.,,,
enterococcus,Enterococcus,A bacteria commonly found in the gut that can sometimes lead to infections.,1,0.93,1,Discharge Summary - 19,"Urine culture grew 50-100,000 colonies of Enterococcus susceptible to ampicillin and nitrofurantoin.,Chest x-ray showed enlarged heart with large intrathoracic hiatal hernia.",,,
erythematous,erythematous,"When your skin turns red, it's called erythematous.",1,0.93,1,Goldenhar Syndrome - Discharge Summary,"The skin surrounding the G-tube is moderately erythematous, but without any discharges present.",,,
erythromycin,erythromycin,A medication that fights bacterial infections.,1,0.93,1,Hypothermia - Discharge Summary,and erythromycin is being added.,,,
esophageal,esophageal,"The term ""esophageal"" refers to things related to the tube that carries food from the throat to the stomach.",1,0.93,1,Discharge Summary - Mesothelioma - 1,"PRINCIPAL DIAGNOSIS:, Mesothelioma.,SECONDARY DIAGNOSES:, Pleural effusion, atrial fibrillation, anemia, ascites, esophageal reflux, and history of deep venous thrombosis.,PROCEDURES,1.",,,
esr,ESR,A blood test that measures inflammation in the body.,1,0.93,1,Kawasaki Disease - Discharge Summary,"ADMITTING DIAGNOSIS: , Kawasaki disease.,DISCHARGE DIAGNOSIS:, Kawasaki disease, resolving.,HOSPITAL COURSE:, This is a 14-month-old baby boy Caucasian who came in with presumptive diagnosis of Kawasaki with fever for more than 5 days and conjunctivitis, mild arthritis with edema, rash, resolving and with elevated neutrophils and thrombocytosis, elevated CRP and ESR.",,,
essential hypertension,essential hypertension,High blood pressure without a clear reason.,1,0.93,1,Pneumonia & COPD - Discharge Summary,"Benign essential hypertension, poorly controlled on admission, now well controlled on discharge.,10.",,,
exams,exams,An exam is a check-up to look for any signs of illness in the body.,1,0.93,1,Discharge Summary - Peripheral vascular disease,"All other exams normal.,DISCHARGE MEDICATIONS:,1.",,,
excessive,excessive,"When something is excessive, it is just way too much.",1,0.93,1,Abscess with Cellulitis - Discharge Summary,The patient is to wear surgical shoe at all times for ambulation and to avoid excessive ambulation.,,,
excise,excise,To excise means to remove or extract something from a larger whole.,1,0.93,1,Chronic Abscesses - Discharge Summary,"So, decision was not made to excise this, but instead monitor.",,,
excoriation,excoriation,A spot on the skin that is scraped or worn away.,1,0.93,1,Discharge Summary - Cerebral Palsy,"Examination at the time of this admission demonstrated peeling of the skin and excoriation between all of his toes on both feet consistent with tinea pedis.,PAST MEDICAL/FAMILY/SOCIAL HISTORY:, As per the admission record.,REVIEW OF SYSTEMS: , As per the admission record.,PHYSICAL EXAMINATION: ,As per the admission record.,LABORATORY STUDIES: , At the time of admission, his white blood cell count was 8200 with a normal differential, hemoglobin 13.6, hematocrit 40.6 with normal indices, and platelet count was 250,000.",,,
expiratory,expiratory,Related to breathing out from the lungs.,1,0.93,1,Cardio/Pulmo Discharge Summary,"On the day of discharge, the patient had minimal basilar rales; his chest also showed minimal expiratory wheezes; he had no edema; his heart rate was regular; his abdomen was soft; and his neck veins were not distended.",,,
extension,extension,Making something last longer.,1,0.93,1,Neurology - Discharge Summary,He underwent an MRI to rule out extension of the contusion or the possibility of a bleed and the MRI of the brain without contrast revealed findings consistent with contusion of the orbital surface of the frontal lobes bilaterally near the interhemispheric fissure.,,,
extraocular,Extraocular,"""Extraocular means located outside the eye.""",1,0.93,1,Discharge Summary - Migraine,Extraocular movements were intact.,,,
extubation,extubation,Taking out the tube that helped someone breathe.,1,0.93,1,Discharge Summary - 4,The patient was observed closely in the ICU for one day postoperatively for persistent tachycardia after extubation.,,,
falx,falx,A tough membrane in the brain that separates the two hemispheres.,1,0.93,1,Neurology - Discharge Summary,CT of the brain revealed contusion of the frontal lobe near the falx.,,,
femoral artery,femoral artery,A big blood vessel in the thigh that takes blood from the heart to the leg.,1,0.93,1,Discharge Summary - 13,Right femoral artery catheter was removed.,,,
ferritin,ferritin,A protein that stores iron in the body for future use.,1,0.93,1,Discharge Summary - 17,"At the time of discharge on 6/14/2009, sodium was 135, potassium was 3.7, calcium was 8.0, her ALT was 109, AST was 70, direct bilirubin was 0.2, LDH was 219, serum iron was 7, total iron unbound 183, and ferritin level was 267.,At the time of discharge, the patient had improved.",,,
fiber,fiber,Fiber is the part of plants that are healthy for us to eat but can't be broken down during digestion.,1,0.93,1,Multiple Medical Problems - Discharge Summary,Her discharge diet was to be her usual diet of isotonic fiber feeding through the J-tube at a rate of 120 per hour throughout the night.,,,
finding,finding,Discoveries made during an examination or test.,1,0.93,1,Discharge Summary - COPD,"Chest x-ray on admission, no acute finding, no interval change.,2.",,,
fingersticks,fingersticks,Taking a tiny bit of blood from your finger in a less painful way.,1,0.93,1,Neonatal Discharge Summary - 1,Diazoxide was started 5 mg/kg per os every 8 hours and fingersticks were done to monitor blood glucose level.,,,
flap,flap,Flap is a piece of skin partially attached.,1,0.93,1,Hysterectomy - Discharge Summary - 2,There was an incidental cystotomy at the time of the creation of the bladder flap.,,,
flu,flu,"A sickness caused by the influenza virus, with symptoms like fever and body aches.",1,0.93,1,Discharge Summary - Urology & Nephrology,He has had no recent cold or flu.,,,
fluoroscopy,fluoroscopy,Fluoroscopy is when a doctor uses an X-ray machine to look inside the body in real-time.,1,0.93,1,Discharge Summary - Mesothelioma - 1,"On August 24, 2007, decortication of the lung with pleural biopsy and transpleural fluoroscopy.,2.",,,
fossa,fossa,A fossa is basically a low spot or hole in the ground.,1,0.93,1,BRCA-2 mutation,"The patient regained bowel function and was discharged on the morning of the fourth postoperative day.,OPERATIONS AND PROCEDURES: , Total abdominal hysterectomy/bilateral salpingo-oophorectomy with resection of ovarian fossa peritoneum en bloc on July 25, 2006.,PATHOLOGY: , A 105-gram uterus without dysplasia or cancer.,CONDITION ON DISCHARGE: , Stable.,PLAN: ,The patient will remain at rest initially with progressive ambulation after.",,,
fractures,fractures,A broken bone.,1,0.93,1,Discharge Summary - Multiple Trauma,"X without any changes or corrections.,HOSPITAL COURSE: ,This is a 50-year-old male, who is initially transferred from Medical Center after treatment for multiple fractures after a motor vehicle accident.",,,
fundus,fundus,The fundus is the upper part of a hollow organ farthest from its opening.,1,0.93,1,Cholestasis Of Pregnancy,Lungs are clear and the abdomen is soft and nontender with minimal tympany and a nontender fundus.,,,
funduscopic exam,Funduscopic exam,An eye test that lets doctors look inside your eye.,1,0.93,1,Discharge Summary - Migraine,Funduscopic exam revealed no disc pallor or edema.,,,
fungal,fungal,"Related to fungi, which are tiny organisms that can make humans sick.",1,0.93,1,Discharge Summary - 7,"The transbronchial biopsies did not show any evidence of pneumocystis, fungal infection, AFB.",,,
gallstones,gallstones,Hard pebbles that develop in the gallbladder.,1,0.93,1,Cholecystitis - Discharge Summary,"She was admitted through the emergency room with abdominal pain, elevated bilirubin, and gallstones on ultrasound with a dilated common bile duct.",,,
gastroenterologists,gastroenterologists,"A doctor who helps with stomach, intestine, and liver problems.",1,0.93,1,Multiple Medical Problems - Discharge Summary,"Regarding the anemia, the gastroenterologists were consulted regarding her positive Hemoccult stools.",,,
gastroparesis,gastroparesis,Gastroparesis is when food hangs out in the stomach instead of moving through the digestive system like it should.,1,0.93,1,Multiple Medical Problems - Discharge Summary,"Regarding the hypoglycemia, the patient has diabetic gastroparesis and was being fed on J-tube intermittent feedings throughout the night at the rate of 120 an hour.",,,
gastrostomy tube,gastrostomy tube,A tube inserted through the skin into the stomach for feeding purposes.,1,0.93,1,Goldenhar Syndrome - Discharge Summary,"Anemia, probably iron deficiency.,HISTORY OF PRESENT ILLNESS:, This is a 10-week-old female infant who has Goldenhar syndrome and has a gastrostomy tube in place and a J-tube in place.",,,
genetic,genetic,Genetic: It's about how traits and illnesses are inherited from one generation to the next.,1,0.93,1,Discharge Summary - 5,"A biopsy revealed small round cells and repeat biopsy on MM/DD/YYYY also showed round cells consistent with Ewing sarcoma, genetic analysis indicated a T1122 translocation.",,,
genital,genital,Having to do with private body parts.,1,0.93,1,Discharge Summary - Respiratory Failure,He had some evidence of redness and exquisite swelling around his genital and lower abdominal region.,,,
gestures,gestures,Using hand movements and body language to express oneself.,1,0.93,1,Speech Therapy - Discharge Summary - 1,"The patient continues to have difficulty stating verbally, yes or no, to questions as well as accurately using head gestures and to respond to yes-no questions.",,,
glucophage,Glucophage,A medication for managing diabetes.,1,0.93,1,Gastroenteritis - Discharge Summary,"He can resume his home medications of Prandin, Actos, Lipitor, Glucophage, Benicar, and Advair.",,,
grafts,grafts,Grafts are when a doctor replaces damaged tissue with healthy tissue or artificial material.,1,0.93,1,Chest Pain & Respiratory Insufficiency,"This demonstrated patent vein grafts and patent internal mammary vessel and so there was no obvious new disease.,She may continue in the future to have angina and she will have nitroglycerin available for that if needed.,Her blood pressure has been elevated and so instead of metoprolol, we have started her on Coreg 6.25 mg b.i.d.",,,
granuloma,granuloma,A granuloma is a tiny spot of inflammation made up of immune cells.,1,0.93,1,Gastroenteritis - Discharge Summary,"X with 25-pack-year history, also a history of diabetes type 2, dyslipidemia, hypertension, hemorrhoids, chronic obstructive pulmonary disease, and a left lower lobe calcified granuloma that apparently is stable at this time.",,,
granulomatous,granulomatous,Granulomatous means related to a small area of inflammation created by immune cells.,1,0.93,1,Urology Discharge Summary,"Chest x-ray calcified old granulomatous disease, otherwise normal.",,,
ground glass,ground glass,Ground glass is when a lung scan reveals issues like air spaces filled with material and collapsed lung structures.,1,0.93,1,Discharge Summary - 7,There was no ground glass change.,,,
guardian,guardian,Someone who is legally responsible for another person.,1,0.93,1,Hypothermia - Discharge Summary,"The patient's legal guardian, Janet Sanchez in Albuquerque has requested he be transported there.",,,
heart rhythm,heart rhythm,The way your heart beats in a pattern.,1,0.93,1,Discharge Summary - 19,"The patient has right hip brace/immobilizer.,HEART: Irregularly irregular heart rhythm, grade 2-3/6 systolic ejection murmur best heard over the aortic area and normal S1 and S2.,CHEST: Auscultation revealed bibasilar crackles.,ABDOMEN: Soft, nontender, no organomegaly and bowel sounds are present.,CNS: Nonfocal.,LABORATORY STUDIES: , WBC 6.5, hemoglobin 12.5, hematocrit 38.9, platelet count 177,000, INR 1.2, sodium 141, potassium 3.6 and serum creatinine of 0.8.",,,
hematemesis,hematemesis,Vomiting blood.,1,0.93,1,Back Pain - Discharge Summary,"Denies chest pain palpitations, hemoptysis, shortness of breath, nausea, vomiting, diarrhea, constipation or hematemesis.",,,
hemodynamic,hemodynamic,Having to do with the movement of blood in the body.,1,0.93,1,Discharge Summary - Nephrology,His vital signs indicated hemodynamic stability and he had no evidence of infection.,,,
hemoperitoneum,hemoperitoneum,Blood in the belly.,1,0.93,1,Ectopic Pregnancy - Discharge Summary,"Right ruptured ectopic pregnancy with hemoperitoneum.,2.",,,
hemorrhagic cyst,hemorrhagic cyst,A hemorrhagic cyst is a blood-filled sac that's not supposed to be there.,1,0.93,1,Discharge Summary - Urology,"At that time, he was shown to have multiple bilateral renal cysts with one that did not meet classification as a simple cyst and ultrasound was recommended.,He had an ultrasound done of the cyst which showed a 2.1 x 2.7 cm mass arising from the right kidney which, again, did not fit ultrasound criteria for a simple cyst and they recommended further evaluation by an MRI as this could be a hemorrhagic cyst or a solid mass or tumor, so an MRI was scheduled on the day of discharge for further evaluation of this.",,,
hemorrhagic cystitis,hemorrhagic cystitis,A condition where the bladder lining gets inflamed and bleeds.,1,0.93,1,Discharge Summary - 5,She was followed for hemorrhagic cystitis with urine dipsticks and only showed trace amounts of blood in the urine throughout the admission.,,,
hepatic flexure,hepatic flexure,The bend in the colon near the liver.,1,0.93,1,Multiple Medical Problems - Discharge Summary,"A colonoscopy was performed, which found a mass at the right hepatic flexure.",,,
herbal,Herbal,It's about stuff made from plants.,1,0.93,1,Discharge Summary - 19,"Herbal __________ by mouth everyday.,9.",,,
herniation,herniation,When a body part sticks out from a hole in a covering or muscle.,1,0.93,1,Anterior Cervical Discectomy & Fusion - Discharge Summary,"Y and went through some physical therapy without much relief.,Cervical MRI scan was obtained and revealed a large right-sided disc herniation at C4-5 with significant midline herniations at C5-6 and a large left HNP at C6-7.",,,
herniations,herniations,When a body part bulges through a hole or opening in the body.,1,0.93,1,Anterior Cervical Discectomy & Fusion - Discharge Summary,"Y and went through some physical therapy without much relief.,Cervical MRI scan was obtained and revealed a large right-sided disc herniation at C4-5 with significant midline herniations at C5-6 and a large left HNP at C6-7.",,,
hilar,hilar,The hilar is where the nerves and blood vessels connect to an organ.,1,0.93,1,Death Summary - 1,"The patient had a CT scan of the chest, which revealed a left pleural effusion, extensive mediastinal mass, left hilar adenopathy, causing complete obstruction of the left lower lobe and the lingula and the left pulmonary vein, and the multiple nodules on the right side of his chest.",,,
homicidal,homicidal,Related to killing someone.,1,0.93,1,Psychiatric Discharge Summary,"The patient denied suicidal or homicidal ideation, was oriented to person and place.",,,
hospitalizations,hospitalizations,Being admitted to a hospital for medical care.,1,0.93,1,Cellulitis - Discharge Summary,He has had prolonged hospitalizations because of this problem.,,,
hot flashes,hot flashes,"Sudden feelings of warmth, flushing, and sweating due to hormonal shifts.",1,0.93,1,ER Report - Chest Pain & Fever,"She denies any rashes or skin lesions.,PAST MEDICAL HISTORY: ,Hypertension, diabetes, hyperlipidemia, particularly elevated triglycerides with a slightly elevated LDL at 81 with an new standard LDL of 74, diabetics with a bad family history for cardiovascular disease such as this patient does have, and postmenopausal hot flashes.,PAST SURGICAL HISTORY: ,Cholecystectomy, appendectomy, oophorectomy.,FAMILY HISTORY: , Positive for coronary artery disease in her father and brother in their 40s.,SOCIAL HISTORY: , She is married and does not smoke or drink nor did she ever.,PHYSICAL EXAMINATION: , On admission, temperature 99.4 degrees F., blood pressure 137/60, pulse 90 and regular without ectopy, respiratory rate 20 without unusual respiratory effort.",,,
hydrated,hydrated,Keeping your body full of water.,1,0.93,1,Discharge Summary - Lymphoma,She was then hydrated with bicarbonate solution to a urine pH of 8.,,,
hydrochlorothiazide,Hydrochlorothiazide,A medication that helps reduce excess fluid in the body and can be used to treat high blood pressure and swelling.,1,0.93,1,Discharge Summary - Peripheral vascular disease,"Hydrochlorothiazide 25 mg one-half tablet daily.,12.",,,
hypercalcemia,Hypercalcemia,Too much calcium in your blood.,1,0.93,1,Death Summary - 1,"Hypercalcemia, likely secondary to paraneoplastic syndrome from the non-small cell lung CA, possible metastases to the bones.,9.",,,
hypercapnia,Hypercapnia,Having an excess of carbon dioxide in the blood.,1,0.93,1,Pneumonia & COPD - Discharge Summary,"Hypercapnia on admission secondary to chronic obstructive pulmonary disease.,6.",,,
hypercapnic,hypercapnic,Having too much carbon dioxide in the blood.,1,0.93,1,Discharge Summary - 3,"Chronic obstructive pulmonary disease with acute hypercapnic respiratory failure.,2.",,,
hypoalbuminemia,hypoalbuminemia,When there's not enough albumin protein made by the liver.,1,0.93,1,Chronic Abscesses - Discharge Summary,"The patient also had significant hypoalbuminemia, decreased nutrition.",,,
hypokinesis,hypokinesis,Moving slowly due to muscle weakness.,1,0.93,1,Discharge Summary - 9,"There was some pseudo normal pattern of filling, mild MR and global hypokinesis of the LV.,3.",,,
hypotensive,hypotensive,Having low blood pressure.,1,0.93,1,Discharge Summary - 17,"During her hospital stay, she initially was extremely relatively hypotensive with mild symptoms and she became dizzy with upright positioning.",,,
hypoxemia,Hypoxemia,Having too little oxygen in your blood.,1,0.93,1,Discharge Summary - 17,"Hypoxemia and hypotension secondary to acute right lobar pneumonia.,3.",,,
icterus,icterus,When someone's eyes and skin turn yellow.,1,0.93,1,Discharge Summary - 19,"The patient denies any chest pain, nausea, vomiting, fever, chills, shortness of breath, abdominal pain or any urine or bowel problems.,PAST MEDICAL HISTORY: , Can be referred to the H&P dictated in the chart.,PAST SURGICAL HISTORY: , Can be referred to the H&P dictated in the chart.,PHYSICAL EXAMINATION: ,VITAL SIGNS: At the time of discharge temperature 36.6 degree Celsius, pulse rate of 77 per minute, respiratory rate 20 per minute, blood pressure 115/63, and oxygen saturation of 94% on room air.,GENERAL: The patient is a thin built Caucasian female with no pallor, cyanosis or icterus.",,,
icu,ICU,A hospital ward that gives specialized care to critically ill patients or those recovering from surgery.,1,0.93,1,Discharge Summary - 4,The patient was observed closely in the ICU for one day postoperatively for persistent tachycardia after extubation.,,,
im,IM,Injected directly into the muscle.,1,0.93,1,Discharge Summary - 13,Promethazine 25 mg IM every 6 hours p.r.n.,,,
immature,immature,Not fully grown or developed.,1,0.93,1,Neonatal Discharge Summary - 1,"At the time of admission to the ABCD, the patient was not on any antibiotics and his clinically condition has remained stable.,HEMATOLOGY: , The patient is status post phototherapy at Madera and was started on iron.,OPHTHALMOLOGY: , Exam on 07/17/2006 showed immature retina.",,,
immaturity,immaturity,Being not fully grown or developed.,1,0.93,1,Neonatal Discharge Summary - 1,"ADMITTING DIAGNOSES:, Respiratory distress syndrome, intrauterine growth restriction, thrombocytopenia, hypoglycemia, retinal immaturity.,HISTORY OF PRESENTING ILLNESS: , The baby is an ex-32 weeks small for gestational age infant with birth weight 1102.",,,
immune,immune,Your body is immune if it can fight off sickness from germs.,1,0.93,1,Neonatal Discharge Summary,"Prenatal labs were O positive, antibody negative, rubella immune, RPR nonreactive.",,,
immunizations,IMMUNIZATIONS,Immunizations help to protect your body from getting sick by giving you shots that fight off certain germs.,1,0.93,1,Discharge Summary - Urology & Nephrology,"He also has history of being a 34-week preemie twin.,ALLERGIES: , No known allergies.,FAMILY HISTORY: , Unremarkable without any bleeding or anesthetic problems.,SOCIAL HISTORY: , The patient lives at home with his parents, 2 brothers, and a sister.,IMMUNIZATIONS:, Up-to-date.,MEDICATIONS: , On admission was Macrodantin, hydralazine, and enalapril.,PHYSICAL EXAMINATION:,GENERAL: The patient is an active little boy.,HEENT: The head and neck exam was grossly normal.",,,
immunosuppressive,immunosuppressive,A drug that weakens the body's ability to fight off infections.,1,0.93,1,Discharge Summary - 7,"Polymyositis on immunosuppressive therapy (methotrexate and prednisone).,DISCHARGE MEDICATIONS:,1.",,,
impairing,impairing,To decrease or limit one's skills or abilities.,1,0.93,1,Discharge Summary - 19,"The patient was managed conservatively and was also provided with physical therapy for chronic right hip pain.,At the time of discharge, the patient continues to complain of right hip pain impairing ability to walk.",,,
implant,Implant,Surgical procedure to insert a device into the body.,1,0.93,1,Neck Pain - Discharge Summary,"Implant.,5.",,,
implantation,implantation,Surgery where a device is placed inside your body.,1,0.93,1,COPD - Discharge Summary,"At the time of admission, he denied fever, diaphoresis, nausea, chest pain or other systemic symptoms.,PAST MEDICAL HISTORY: , Status post artificial aortic valve implantation in summer of 2002 and is on chronic Coumadin therapy.",,,
incidental,incidental,Unexpected findings while searching for something else.,1,0.93,1,Hysterectomy - Discharge Summary - 2,There was an incidental cystotomy at the time of the creation of the bladder flap.,,,
incontinence,incontinence,Having difficulty controlling when you pee or poop.,1,0.93,1,Falls - Discharge Summary,The patient denied any loss of consciousness or incontinence.,,,
indwelling,indwelling,"Staying in one place for a long time, like a catheter.",1,0.93,1,Pyelonephritis - Discharge Summary,"Pyelonephritis likely secondary to mucous plugging of indwelling Foley in the ileal conduit.,2.",,,
infarctions,infarctions,"When a section of tissue is harmed due to a blocked blood supply, resulting in oxygen deprivation.",1,0.93,1,Cardio/Pulmo Discharge Summary,The patient’s past history is notable for a history of coronary artery disease with prior myocardial infarctions in 1995 and 1999.,,,
infections,INFECTIONS,Infections are illnesses caused by germs.,1,0.93,1,TAH - Discharge Summary,"Extensive adenomyosis by pathological report.,OPERATION PERFORMED: , On 6/10/2009 total abdominal hysterectomy (TAH).,COMPLICATIONS:, None.,BLOOD TRANSFUSIONS: , None.,INFECTIONS: , None.,SIGNIFICANT LAB AND X-RAY: , On admission hemoglobin and hematocrit was 10.5 and 32.8 respectively.",,,
infusions,infusions,To infuse something is to put liquids or medications directly into a person's bloodstream through a vein.,1,0.93,1,Discharge Summary - 5,"Ewing sarcoma, she presented for cycle seven of VP-16, ifosfamide, and mesna infusions, which she tolerated well throughout the admission.,2.",,,
inhaled,inhaled,Breathed into the lungs.,1,0.93,1,Discharge Summary - Respiratory Distress,He also received inhaled as well as systemic corticosteroids.,,,
inhibitors,inhibitors,A substance that puts the brakes on a reaction.,1,0.93,1,Discharge Summary - 19,"Over the course of her hospitalization, the patient was started on antibiotic regimen and proton pump inhibitors for an episode of coffee-ground emesis.",,,
initiate,initiate,To kick off something.,1,0.93,1,Discharge Summary - Lymphoma,This was likely secondary to the need to initiate treatment with antibiotics secondary to infection.,,,
inspiration,inspiration,Inspiration is taking in air.,1,0.93,1,Otitis Media - Discharge Summary,"Chest x-ray showed a suboptimal inspiration, but no evidence of an acute process in the chest.,HOSPITAL COURSE: , The patient was admitted to the hospital and allowed a clear liquid diet.",,,
internal carotid,internal carotid,A blood vessel that brings blood to the brain.,1,0.93,1,CVA - Discharge Summary,Carotid ultrasound was reviewed and revealed a 50 to 69% obstruction of left internal carotid.,,,
internal mammary,internal mammary,A blood vessel in your chest that doctors use during heart surgery.,1,0.93,1,Chest Pain & Respiratory Insufficiency,"This demonstrated patent vein grafts and patent internal mammary vessel and so there was no obvious new disease.,She may continue in the future to have angina and she will have nitroglycerin available for that if needed.,Her blood pressure has been elevated and so instead of metoprolol, we have started her on Coreg 6.25 mg b.i.d.",,,
internal medicine,Internal Medicine,Internal Medicine deals with diagnosing and treating diseases specifically affecting internal organs and systems.,1,0.93,1,ORIF - Discharge Summary,"X and to Internal Medicine for management of multiple medical problems including hypothyroid, diabetes mellitus type 2, bronchitis, and congestive heart failure.,HOSPITAL COURSE: , The patient was admitted and consented for operation, and taken to the operating room for open reduction and internal fixation of right Schatzker III tibial plateau fracture and partial medial meniscectomy performed without incidence.",,,
interstitial fibrosis,interstitial fibrosis,A condition where lung scarring leads to breathing issues.,1,0.93,1,Discharge Summary - 7,"There was some nonspecific interstitial fibrosis, which was minimal.",,,
intrauterine,intrauterine,"It means ""inside the uterus.""",1,0.93,1,Neonatal Discharge Summary - 1,"ADMITTING DIAGNOSES:, Respiratory distress syndrome, intrauterine growth restriction, thrombocytopenia, hypoglycemia, retinal immaturity.,HISTORY OF PRESENTING ILLNESS: , The baby is an ex-32 weeks small for gestational age infant with birth weight 1102.",,,
intravenous antibiotic,intravenous antibiotic,Medication that kills bacteria administered through a vein.,1,0.93,1,Cardio/Pulmo Discharge Summary,He received intravenous antibiotic therapy with Levaquin.,,,
intravenous antibiotics,intravenous antibiotics,Medicine that kills bacteria and is given through a vein.,1,0.93,1,COPD - Discharge Summary,"Hemoglobin 10.7 and hematocrit 31.7.,HOSPITAL COURSE: , He was started on intravenous antibiotics, vigorous respiratory therapy, intravenous Solu-Medrol.",,,
intubate,intubate,Putting a tube into the windpipe to help someone breathe better.,1,0.93,1,COPD & Bronchitis - Discharge Summary,"Do not resuscitate/do not intubate.,HOSPITAL COURSE: , The patient was admitted from the office by Dr.",,,
invasion,invasion,Invading tissues means growing into nearby healthy cells or structures.,1,0.93,1,Hysterectomy - Discharge Summary - 2,Biopsy showed a microinvasive carcinoma of the cervix and a cone biopsy was performed on 02/12/2007 also showing microinvasive carcinoma with a 1 mm invasion.,,,
invasive,INVASIVE,"Describing something that invades or spreads into a place where it shouldn't be, like invasive plants in a garden.",1,0.93,1,Discharge Summary - ATV Accident,"CT of the brain without contrast (July 24, 2008).,DISPOSITION: ,Home with parents.,INVASIVE LINES: , None.,DISCHARGE INSTRUCTIONS: ,The patient was instructed that he can return home with his regular diet and he was asked not to do any strenuous activities, move furniture, lift heavy objects, or use his left upper extremity.",,,
ipratropium,Ipratropium,A medication that helps with breathing problems and lessens asthma symptoms.,1,0.93,1,Discharge Summary - 3,"She also received steroids, prednisolone 60 mg, and breathing treatments with albuterol, Ipratropium and her bronchodilator therapy was also optimized with theophylline.",,,
iron sulfate,Iron sulfate,A type of iron that helps with low iron levels in the blood.,1,0.93,1,Discharge Summary - 2,"Iron sulfate 325 mg b.i.d.,6.",,,
irritable,irritable,Easily upset and annoyed by people and things.,1,0.93,1,Intrauterine Pregnancy - Discharge Summary,"All routine screening labs were normal and she underwent a high-resolution ultrasound during pregnancy.,PAST MEDICAL HISTORY: , Significant for postpartum depression after her last baby as well as a cesarean.,ALLERGIES:, SHE HAS SEASONAL ALLERGIES.,MEDICATIONS:, She is taking vitamins and iron.,PHYSICAL EXAMINATION,GENERAL: An alert gravid woman in no distress.,ABDOMEN: Gravid, nontender, non-irritable, with an infant in the vertex presentation.",,,
isolated,isolated,To be by yourself and away from others.,1,0.93,1,Pyelonephritis - Discharge Summary,"Klebsiella was isolated in this urine, which was sensitive to Bactrim and she was discharged on p.o.",,,
iv antibiotic,IV antibiotic,Medication that kills bacteria administered through a vein.,1,0.93,1,Lap Chole - Discharge Summary,"So, the patient admitted to the Med/Surg floor initially and the patient was started on IV fluid as well as low-dose IV antibiotic and 2-D echocardiogram and EKG also was ordered.",,,
iv hydration,IV hydration,Getting fluids pumped directly into your bloodstream through a needle in a vein.,1,0.93,1,Death Summary - 2,She was continued on IV antibiotics and general IV hydration was started initially because of low blood pressure and low perfusion status.,,,
joint,joint,"Where two bones come together in your body, like your knees or elbows.",1,0.93,1,Discharge Summary - Multiple Trauma,"Pain in joint pelvic region/thigh.,18.",,,
klebsiella,Klebsiella,"A type of germ that can lead to various illnesses like lung infections, urinary tract infections, and diarrhea.",1,0.93,1,Pyelonephritis - Discharge Summary,"Klebsiella was isolated in this urine, which was sensitive to Bactrim and she was discharged on p.o.",,,
labia majora,labia majora,Part of the female genitalia on the outside.,1,0.93,1,Prematurity - Discharge Summary,"No masses or organomegaly.,GENITALIA: Normal female, but the clitoris is not covered by the labia majora.,NEUROLOGICAL: The infant has good Moro, grasp, and suck reflexes.,INSTRUCTIONS FOR CONTINUING CARE,The infant will be discharged home.",,,
laceration,laceration,A laceration is a cut on the skin or tissue.,1,0.93,1,Discharge Summary - Multiple Trauma,"He had a left tibial plateau fracture, right forearm fracture with ORIF, head laceration, and initially some symptoms of head injury.",,,
laparoscopy,laparoscopy,A surgery that uses a tool inserted through the stomach to see inside.,1,0.93,1,Cholecystitis - Discharge Summary,"Morbid obesity with bmi of 39.4.,PRINCIPAL PROCEDURE:, Laparoscopic cholecystectomy with laparoscopy converted to open common bile duct exploration and stone extraction.,HOSPITAL COURSE: , The patient is a 33-year-old female admitted with elevated bilirubin and probable common bile duct stone.",,,
laryngitis,laryngitis,"When your voice box gets swollen, you have laryngitis.",1,0.93,1,Laryngitis - Discharge,"DIAGNOSIS: , Chronic laryngitis, hoarseness.,HISTORY: ,The patient is a 68-year-old male, was referred to Medical Center's Outpatient Rehabilitation Department for skilled speech therapy secondary to voicing difficulties.",,,
laxative,laxative,A laxative is a medicine that helps you go poop.,1,0.93,1,Discharge Summary - Nephrology,"and was given prescription for pain medications as well as laxative.,DISPOSITION: , To home.,DISCHARGE CONDITION:, Good.,MEDICATIONS: ,Please see attached medication list.,INSTRUCTIONS: , The patient was instructed to contact Dr.",,,
left upper lobe,left upper lobe,The top part of the left lung.,1,0.93,1,Discharge Summary - 3,"Remote history of lung cancer with prior resection of the left upper lobe.,5.",,,
left ventricular ejection fraction,left ventricular ejection fraction,How well the heart's main pumping chamber pushes out blood.,1,0.93,1,Discharge Summary - 1,Impression: Normal left ventricular systolic function with estimated left ventricular ejection fraction of 55%.,,,
left ventricular hypertrophy,left ventricular hypertrophy,Your heart's main pumping chamber has grown bigger and thicker.,1,0.93,1,Discharge Summary - 1,There is mild concentric left ventricular hypertrophy.,,,
lethargic,lethargic,Feeling sluggish and lacking energy or mental sharpness.,1,0.93,1,Otitis Media - Discharge Summary,"He was noted to have some increased workup of breathing and parents returned to the office on the day of admission.,PAST MEDICAL HISTORY: , Significant for being born at 33 weeks' gestation with a birth weight of 5 pounds and 1 ounce.,PHYSICAL EXAMINATION: , On exam, he was moderately ill appearing and lethargic.",,,
leukocytosis,Leukocytosis,When your body has more white blood cells than usual.,1,0.93,1,CHF & Pleural Effusion - Discharge Summary,"Leukocytosis.,5.",,,
life support,life support,Helping someone stay alive and breathe with drugs or technology.,1,0.93,1,Death Summary - 1,"The patient's family requested for DNR, withdrawal of the life support.",,,
lightheadedness,lightheadedness,Feeling dizzy or almost faint.,1,0.93,1,Renal Disease - Discharge Summary,He reports this lightheadedness is made even worse when standing.,,,
liver function,Liver function,Liver function means checking how well your liver is working through blood tests.,1,0.93,1,ER Report - Chest Pain & Fever,Liver function panel is normal.,,,
liver metastases,liver metastases,Cancer that has spread to the liver from another part of the body.,1,0.93,1,Pancreatic Mass - Discharge Summary,"A thin-slice CT scan was performed, which revealed a 4 x 3 x 2 cm pancreatic mass with involved lymph nodes and ring enhancing lesions consistent with liver metastases.",,,
localized,localized,Limited to a specific region or area.,1,0.93,1,Discharge Summary - 7,These were localized to mid and lower lung zones.,,,
lovastatin,lovastatin,Medication for reducing cholesterol levels in blood.,1,0.93,1,Lap Chole - Discharge Summary,"2 tablets twice a day, lovastatin 20 mg p.o.",,,
low back pain,low back pain,Aching or discomfort in the lower back area.,1,0.93,1,Death Summary - 2,"Depression.,HISTORY OF PRESENT ILLNESS: , This 92-year-old lady with history of depression and chronic low back pain, osteoporosis, and congestive heart failure, was diagnosed having pneumonia approximately for at least 10 days prior to admission.",,,
lower extremities,lower extremities,"The lower part of the body, from the hips down to the toes.",1,0.93,1,Cellulitis - Discharge Summary,The patient had edema of his bilateral lower extremities.,,,
lung metastasis,lung metastasis,A cancer that has spread to the lung from another part of the body.,1,0.93,1,Multiple Medical Problems - Discharge Summary,"CT of the abdomen and pelvis revealed no metastasis, a CT of the chest revealed possible lung metastasis.",,,
lymphs,lymphs,Fluid that moves through the body's lymphatic system and fights off infections.,1,0.93,1,Discharge Summary - 16,"EXTREMITIES: Were without any cyanosis.,SIGNIFICANT LABS AND X-RAYS: ,She had a CBC done Garberville, which showed a white count of 12.4, with a differential of 10 segs, 82 lymphs, 8 monos, hemoglobin of 15, hematocrit 42, platelets 296,000, and a normal BMP.",,,
malalignment,malalignment,Malalignment means something is not properly aligned.,1,0.93,1,Discharge Summary - ATV Accident,This was confirmed with radiographic imaging showing that the chest and pelvis x-rays were negative for any acute injury and that the cervical spine x-ray was negative for fracture malalignment.,,,
malignancy,malignancy,Cancer that spreads and grows uncontrollably in the body.,1,0.93,1,Death Summary - 1,"Leukemoid reaction, likely secondary to malignancy.,10.",,,
malignant cells,malignant cells,Cancerous cells that can spread to other areas.,1,0.93,1,Death Summary - 1,"The patient had severe shortness of breath, chest pain, a left-sided chest tube was inserted, and pleural effusion was positive for malignant cells.",,,
mania,mania,Being in a state of mania means feeling extremely excited and hyper.,1,0.93,1,Discharge Summary - Lymphoma,"She began high-dose methotrexate in mid May 2008; courses of methotrexate have been complicated by prolonged methotrexate levels, mental confusion, and mania.",,,
mass effect,mass effect,When a lump keeps growing and hurts the tissue around it.,1,0.93,1,CVA - Discharge Summary,"Cerebrovascular accident with right arm weakness and MRI indicating acute/subacute infarct involving the left posterior parietal lobe without mass effect.,2.",,,
massage therapy,Massage therapy,Massage therapy is when someone uses their hands to relieve muscle tension and promote relaxation.,1,0.93,1,Discharge Summary - Mesothelioma,"Massage therapy consult.,HOSPITAL COURSE:, The patient's hospital course was unremarkable.",,,
maximum,maximum,The most something can be.,1,0.93,1,Mastoiditis - Discharge Summary,The child had a temperature maximum of 101.4 in the ER.,,,
mechanical ventilation,mechanical ventilation,A machine that helps with breathing.,1,0.93,1,Discharge Summary - 3,She was put on mechanical ventilation from 1/29 to 2/6/06.,,,
medical history,medical history,A record of a person's health issues and treatments they have received.,1,0.93,1,Pneumonia - Discharge Summary,Her medical history is significant for rheumatoid arthritis.,,,
mental health,Mental Health,"Mental health is about how our minds, emotions, and interactions with others, impact our thoughts, behaviors, and emotions.",1,0.93,1,Psychiatric Discharge Summary,The patient was discharged to return home to her parents and was referred to Community Mental Health Agencies.,,,
metabolic,metabolic,Metabolic refers to all the chemical processes in your body that keep it functioning.,1,0.93,1,Discharge Summary - Cerebral Palsy,"Comprehensive metabolic profile was unremarkable, except for a nonfasting blood sugar of 137, lactic acid was 0.8.",,,
metastases,metastases,Cancer cells spreading from one part of the body to another.,1,0.93,1,Death Summary - 1,"Hypercalcemia, likely secondary to paraneoplastic syndrome from the non-small cell lung CA, possible metastases to the bones.,9.",,,
methicillin-resistant staphylococcus aureus,methicillin-resistant staphylococcus aureus,A type of bacteria that is difficult to treat and can cause infections.,1,0.93,1,Cellulitis - Discharge Summary,"DISCHARGE DIAGNOSIS: ,Complex open wound right lower extremity complicated by a methicillin-resistant staphylococcus aureus cellulitis.,ADDITIONAL DISCHARGE DIAGNOSES:,1.",,,
microcytic,microcytic,"When your red blood cells are small, it's called microcytic anemia.",1,0.93,1,GI Bleed - Discharge Summary,CBC revealed microcytic anemia with hemoglobin of 8.9.,,,
microglia,microglia,Special cells in the brain and spinal cord that work as the main defenders against infection.,1,0.93,1,Goldenhar Syndrome - Discharge Summary,"Her left side of the face is deformed with microglia present, micrognathia present, and a moderate amount of torticollis.,VITAL SIGNS: Presently, her temperature is 98, pulse 152, respirations 36, weight is 3.98 kg, pulse oximetry on room air is 95%.,HEENT: Head is with anterior fontanelle open.",,,
milk of magnesia,Milk of Magnesia,A milky liquid made from magnesium hydroxide that helps with digestion or heartburn.,1,0.93,1,Discharge Summary - 13,"Milk of Magnesia suspension 30 mL daily for constipation.,9.",,,
mitral regurgitation,mitral regurgitation,"When a heart valve doesn't close properly, blood goes the wrong way: mitral regurgitation.",1,0.93,1,CVA - Discharge Summary,"An echocardiogram revealed mild concentric LVH with normal left ventricular function with an EF of 57%, moderate left atrial enlargement and diastolic dysfunction with mild mitral regurgitation.",,,
mitral stenosis,Mitral stenosis,A condition where there is a blockage in one of the heart valves due to the accumulation of plaque-like material.,1,0.93,1,Discharge Summary - 3,"Mitral stenosis.,4.",,,
mmhg,mmHg,A way to measure how much pressure there is.,1,0.93,1,Discharge Summary - 17,Her systolic blood pressure was 60-70 mmHg despite rather aggressive IV fluid management up to 250 mL an hour.,,,
mobilization,mobilization,To make a body part looser during surgery.,1,0.93,1,Gastric Bypass Summary,"There, DVT prophylaxis was continued with subcu heparin, early and frequent mobilization, and SCDs.",,,
modalities,modalities,A way to treat something.,1,0.93,1,Discharge Summary - Migraine,Sensation is intact in all modalities throughout.,,,
monitoring,monitoring,Keeping an eye on someone to see how they are progressing.,1,0.93,1,Discharge Summary - ATV Accident,The patient tolerated this procedure well and was returned to the Pediatric Intensive Care Unit for postsurgical followup and monitoring.,,,
monocytes,monocytes,A type of immune cell in the blood.,1,0.93,1,Otitis Media - Discharge Summary,"White blood cell count was 8.6 with 61% neutrophils, 21% lymphocytes, 17% monocytes, suggestive of a viral infection.",,,
mood disorder,mood disorder,Mood disorder = Serious mental illnesses like depression and bipolar disorder.,1,0.93,1,Discharge Summary - Multiple Trauma,"Episodic mood disorder.,12.",,,
morphology,morphology,Morphology is the study of the physical form and structure of living things.,1,0.93,1,Goldenhar Syndrome - Discharge Summary,"Hemoglobin is 10.4, hematocrit 30.8, and she has abnormal red blood cell morphology.",,,
multimodality,multimodality,Multimodality is using multiple treatments to help.,1,0.93,1,Speech Therapy - Discharge Summary - 1,"Since the initial evaluation, the patient has attended 60 outpatient speech therapy sessions, which have focussed on her receptive communication, expressive language, multimodality communication skills, and swallowing function and safety.,SHORT-TERM GOALS:,1.",,,
muscles,muscles,Muscles are tissues in the body that tighten and help us move.,1,0.93,1,Discharge Summary - Migraine,Sternocleidomastoid and trapezius muscles are full strength bilaterally.,,,
myelopathy,myelopathy,"Myelopathy is when the spinal cord tissue gets compressed, causing problems with its function.",1,0.93,1,Discharge Summary - Multiple Trauma,"Cervical disk displacement with myelopathy.,11.",,,
myocardial ischemia,myocardial ischemia,Not enough oxygen reaching the heart due to a lack of blood flow.,1,0.93,1,Discharge Summary - 9,"Questionable gastritis, questionable underlying myocardial ischemia.,2.",,,
myoclonic jerks,myoclonic jerks,"Sudden, uncontrollable muscle twitches.",1,0.93,1,Multiple Medical Problems - Discharge Summary,She was admitted due to a seizure and myoclonic jerks as well as hypoglycemia and anemia.,,,
nares,Nares,One of the two openings in your nose.,1,0.93,1,Otitis Media - Discharge Summary,Nares were patent.,,,
nasal flaring,nasal flaring,Flaring nostrils indicate difficulty breathing.,1,0.93,1,Bronchiolitis - Discharge Summary,"Mother was advised regarding signs and symptoms of increased respiratory distress, which includes tachypnea, increased retractions, grunting, nasal flaring etc.",,,
native,native,Native means something that was there first.,1,0.93,1,Discharge Summary - COPD,"Bronchitis.,HOSPITAL COURSE: ,The patient is a 65-year-old American-native Indian male, past medical history of heavy tobacco use, history of diabetes mellitus type 2, chronic anemia, COPD, coronary artery disease status post stent placement, who presented in the emergency room with increasing shortness of breath, cough productive for sputum, and orthopnea.",,,
natriuretic,natriuretic,A peptide that helps your body to get rid of sodium.,1,0.93,1,ER Report - Chest Pain & Fever,"Arthritis.,ADDITIONAL LABORATORY STUDIES:, B-natriuretic peptide was 26.",,,
nephrologist,nephrologist,A nephrologist is a doctor who specializes in treating kidney problems.,1,0.93,1,Lap Chole - Discharge Summary,The patient also seen by nephrologist and underwent dialysis.,,,
nervous system,nervous system,The nervous system is your body's network of nerve tissue that controls everything you do.,1,0.93,1,Discharge Summary - Lymphoma,"Central nervous system lymphoma.,2.",,,
neuro,Neuro,Having to do with the brain and nervous system.,1,0.93,1,Neurology - Discharge Summary,Neuro checks were done.,,,
neuromuscular,neuromuscular,Related to nerves and muscles.,1,0.93,1,Occupational Therapy Discharge Summary,"Treatment consisted of neuromuscular reeducation including therapeutic exercise to improve range of motion, strength, and coordination; functional mobility training; self-care training; cognitive retraining; caregiver instruction; and home exercise program.",,,
neuropathy,Neuropathy,Numbness and tingling from nerve damage.,1,0.93,1,Discharge Summary - 2,"Neuropathy.,6.",,,
neurovascular,neurovascular,It's when something has to do with both nerves and blood vessels.,1,0.93,1,Discharge Summary - ATV Accident,"In the operating room, his upper extremity was evaluated for neurovascular status and great care was taken to preserve these structures.",,,
niacin,niacin,"Niacin is Vitamin B3, needed in small amounts for the body to function properly.",1,0.93,1,Knee Surgery - Discharge Summary,"She reports having some right knee pain, which is most intense at a ""certain position."" The patient is unable to elaborate on which ""certain position"" causes her the most discomfort.,ALLERGIES:, NKDA.,PAST MEDICAL HISTORY: , Hypertension, hypothyroidism, degenerative joint disease, GERD, anxiety disorder, Morton neuroma of her feet bilaterally, and distant history of migraine headaches some 30 years ago.,MEDICATIONS:, On transfer, Celebrex, Coumadin, Colace, Synthroid, Lovenox, Percocet, Toprol XL, niacin, and trazodone.,PHYSICAL EXAMINATION:,VITAL SIGNS: Temperature 96.5, blood pressure 127/72, pulse 70, respiratory rate 20, 95% O2 saturation on room air.,GENERAL: No acute distress at the time of the exam except as mentioned above complains of right knee pain at ""certain position."",HEENT: Normocephalic.",,,
nodules,nodules,A lump in the body that can be cancerous or benign.,1,0.93,1,Death Summary - 1,"The patient had a CT scan of the chest, which revealed a left pleural effusion, extensive mediastinal mass, left hilar adenopathy, causing complete obstruction of the left lower lobe and the lingula and the left pulmonary vein, and the multiple nodules on the right side of his chest.",,,
nuclear stress test,nuclear stress test,A test to see how well blood flows to the heart by using a small amount of radioactive substance.,1,0.93,1,Discharge Summary - 18,"Of note, she had a nuclear stress test performed in February of this year, which was normal.",,,
occlusion,occlusion,Blockage.,1,0.93,1,Pancreatic Mass - Discharge Summary,",PLAN: , The patient should return for repeat ERCP if there are signs of stent occlusion such as fever, increased bilirubin, worsening pain.",,,
ocular,ocular,Relating to the eyes or vision.,1,0.93,1,Discharge Summary - Urology & Nephrology,"He had no oral, ocular, or nasal discharge.,LUNGS: Exam was normal without wheezing.,HEART: Without murmur or gallops.,ABDOMEN: Soft, without mass or tenderness with a well-healed flank incision.,GU: Uncircumcised male with bilaterally descended testes.,EXTREMITIES: He has full range of motion in all 4 extremities.,SKIN: Warm, pink, and dry.,NEUROLOGIC: Grossly intact.,BACK: He has normal back.",,,
omentum,omentum,A fold of tissue that wraps around organs in the abdomen.,1,0.93,1,Discharge Summary - 11,"There were some indications of chronic cholecystitis, a little bit of edema, mild edema and adhesions of omentum around the gallbladder.",,,
oophorectomy,oophorectomy,Surgical removal of one or two ovaries.,1,0.93,1,ER Report - Chest Pain & Fever,"She denies any rashes or skin lesions.,PAST MEDICAL HISTORY: ,Hypertension, diabetes, hyperlipidemia, particularly elevated triglycerides with a slightly elevated LDL at 81 with an new standard LDL of 74, diabetics with a bad family history for cardiovascular disease such as this patient does have, and postmenopausal hot flashes.,PAST SURGICAL HISTORY: ,Cholecystectomy, appendectomy, oophorectomy.,FAMILY HISTORY: , Positive for coronary artery disease in her father and brother in their 40s.,SOCIAL HISTORY: , She is married and does not smoke or drink nor did she ever.,PHYSICAL EXAMINATION: , On admission, temperature 99.4 degrees F., blood pressure 137/60, pulse 90 and regular without ectopy, respiratory rate 20 without unusual respiratory effort.",,,
opaque,opaque,Something that you can't see through.,1,0.93,1,Otitis Media - Discharge Summary,"Tympanic membranes were red and yellow, and opaque bilaterally.",,,
ophthalmology,OPHTHALMOLOGY,Ophthalmology is the study of the eye and eye problems.,1,0.93,1,Neonatal Discharge Summary - 1,"At the time of admission to the ABCD, the patient was not on any antibiotics and his clinically condition has remained stable.,HEMATOLOGY: , The patient is status post phototherapy at Madera and was started on iron.,OPHTHALMOLOGY: , Exam on 07/17/2006 showed immature retina.",,,
organ,organ,"A body part that does a specific job, like the heart or liver.",1,0.93,1,Discharge Summary - Urology & Nephrology,"Multiple urinary tract infection, solitary kidney, and previous surgeries as mentioned above.,REVIEW OF SYSTEMS:, A 14-organ system review of systems is negative except for the history of present illness.",,,
organism,organism,An organism is just a living thing.,1,0.93,1,Discharge Summary - 8,Hopefully by then we will have a final identification and susceptibility on the organism and the tularemia and leptospirosis serologies will return.,,,
organisms,organisms,Organisms are all living creatures.,1,0.93,1,Discharge Summary - 8,"The microbiology laboratory stated that the Gram-negative rod appeared to be anaerobic, thus raising the possibility of organisms like bacteroides.",,,
orthopedic surgeon,orthopedic surgeon,A bone doctor who takes care of bone and joint problems.,1,0.93,1,Leiomyosarcoma,The mass increased in size and she was seen by her primary care physician and referred to orthopedic surgeon.,,,
orthopedist,orthopedist,"Doctor who specializes in treating bone, muscle, and joint problems.",1,0.93,1,Discharge Summary - Multiple Trauma,"for anxiety and otherwise he is doing quite well.,The patient was told to follow up with his orthopedist Dr.",,,
osseous metastatic,osseous metastatic,Cancer that spreads to the bones.,1,0.93,1,Death Summary - 1,He was thus also a suspicion for osseous metastatic disease involving the right scapula with a left large pleural effusion.,,,
osteomyelitis,osteomyelitis,Osteomyelitis is when a bone gets infected and swollen.,1,0.93,1,Abscess with Cellulitis - Discharge Summary,X-ray is negative for osteomyelitis.,,,
otic,Otic,Related to the ear.,1,0.93,1,Mastoiditis - Discharge Summary,"Ciprodex Otic Solution in the right ear twice daily.,2.",,,
outbreak,outbreak,When a disease infects more people in an area than usual.,1,0.93,1,Discharge Summary - 8,"XYZ asked me to talk to the patient about any contact with animals, given the fact that we have had a recent outbreak of tularemia here in Utah.",,,
ovarian,ovarian,Related to the female reproductive gland that produces eggs.,1,0.93,1,BRCA-2 mutation,"The patient regained bowel function and was discharged on the morning of the fourth postoperative day.,OPERATIONS AND PROCEDURES: , Total abdominal hysterectomy/bilateral salpingo-oophorectomy with resection of ovarian fossa peritoneum en bloc on July 25, 2006.,PATHOLOGY: , A 105-gram uterus without dysplasia or cancer.,CONDITION ON DISCHARGE: , Stable.,PLAN: ,The patient will remain at rest initially with progressive ambulation after.",,,
oxide,oxide,Oxide is when oxygen is mixed with something else.,1,0.93,1,Discharge Summary - 3,"Her bronchospasm also responded to the aggressive bronchodilation and steroid therapy.,DISCHARGE MEDICATIONS:, Prednisolone 60 mg orally once daily, albuterol 2.5 mg nebulized every 4 hours, Atrovent Respules to be nebulized every 6 hours, Pulmicort 500 micrograms nebulized twice every 8 hours, Coumadin 5 mg orally once daily, magnesium oxide 200 mg orally once daily.,TRANSFER INSTRUCTIONS:, The patient is to be strictly kept on bi-level PAP of 15 I-PAP/E-PAP of 5 cm and FIO2 of 35% for most of the times during the day.",,,
oxybutynin,oxybutynin,Oxybutynin is a medication that helps relax the muscles in the bladder to decrease the urge to urinate.,1,0.93,1,CHF & Pleural Effusion - Discharge Summary,"He was placed on Prinivil, aspirin, oxybutynin, docusate, and Klor-Con.",,,
palatal,palatal,Palatal means having to do with the roof of your mouth.,1,0.93,1,Prematurity - Discharge Summary,"Nose and throat are patent without palatal defect.,NECK: Supple without clavicular fracture.,LUNGS: Clear to auscultation.,HEART: Regular rate without murmur, click or gallop present.,EXTREMITIES: Pulses are 2/4 for brachial and femoral.",,,
palate,Palate,The palate is the roof of your mouth.,1,0.93,1,Discharge Summary - Migraine,Palate and uvula elevated symmetrically.,,,
palpated,palpated,To check by feeling.,1,0.93,1,Leiomyosarcoma,ABC is a pleasant 66-year-old Caucasian female who first palpated a mass in the left posterior arm in spring of 2007.,,,
palpation,palpation,Feeling a part of the body with your hands.,1,0.93,1,Discharge Summary - Respiratory Distress,"Nontender to palpation.,GENITOURINARY: Deferred.,EXTREMITIES: Warm and well perfused.,DISCHARGE INSTRUCTIONS:, As follows:,1.",,,
palpitation,palpitation,"A palpitation is when your heart beats quickly, strongly, or irregularly due to things like stress, illness, or exertion.",1,0.93,1,Hip Surgery - Discharge Summar,"The patient denies any cardiopulmonary symptoms such as chest pain, palpitation, pain in the upper neck and down to her arm, difficulty breathing, shortness of breath, or hemoptysis.",,,
palsy,palsy,"A condition that causes a part of the body to not move properly, with muscles being either paralyzed or shaking.",1,0.93,1,Discharge Summary - 1,"On discharge, on his neurologic exam, he has a right facial palsy from the eye below, he has right upper extremity weakness with 0-1/5 muscle strength, right leg is 4-5/5, improved slurred speech.,2.",,,
pancreas,pancreas,"The pancreas is a bodily organ that produces fluids and insulin to aid in digestion, found behind the stomach.",1,0.93,1,Pancreatic Mass - Discharge Summary,"The patient, additionally, had a questionable pseudocyst in the tail of the pancreas.",,,
pancreatic cancer,pancreatic cancer,A type of cancer that starts in the pancreas and spreads to other parts of the body.,1,0.93,1,Pancreatic Mass - Discharge Summary,"Certainly, there are modest benefits, which can be obtained with chemotherapy in metastatic pancreatic cancer, though at some cost with morbidity.",,,
pancreatic duct,pancreatic duct,A tube that moves digestive juices from the pancreas to the intestines.,1,0.93,1,Pancreatic Mass - Discharge Summary,"This revealed a strictured pancreatic duct, as well as strictured bile duct.",,,
pancreatitis,pancreatitis,"When the pancreas gets inflamed, it's called pancreatitis, and it can be caused by different things.",1,0.93,1,Gastrointestinal Bleed - Discharge Summary,"I am hesitant to use Prilosec or Protonix because of his history of pancreatitis associated with Prilosec.,The patient's PT/INR was 1.03, PTT 25.8.",,,
paranasal sinuses,paranasal sinuses,Air pockets in your face bones around your nose.,1,0.93,1,Leiomyosarcoma,"Sinus CT, normal mini-CT of the paranasal sinuses.,HISTORY OF PRESENT ILLNESS: ,Ms.",,,
parenchyma,parenchyma,The important parts of an organ.,1,0.93,1,Discharge Summary - 19,"Lung parenchyma was otherwise clear.,Right hip x-ray showed that the prosthesis was in satisfactory position.",,,
paresthesia,paresthesia,A weird sensation like burning or tingling caused by nerve pressure or injury.,1,0.93,1,Discharge Summary - ATV Accident,"Moreover, the patient had no complaints of paresthesia.",,,
parietal,Parietal,Bones in your head.,1,0.93,1,Discharge Summary - Mesothelioma,"Parietal pleural biopsy.,CONSULTS:,Consults obtained during this hospitalization included:,1.",,,
partial nephrectomy,partial nephrectomy,Removing a part of a kidney or a kidney tumor without taking out the whole kidney.,1,0.93,1,Discharge Summary - Nephrology,"Left partial nephrectomy.,2.",,,
pathologist,pathologist,"A pathologist is a doctor who examines tissues, blood, and other fluids to identify and categorize diseases.",1,0.93,1,Discharge Summary - 7,"I spoke with the pathologist, Dr.",,,
pedal edema,pedal edema,Swollen feet.,1,0.93,1,Hip Surgery - Discharge Summar,"There is no pedal edema.,MENTAL STATUS: Alert and oriented x3, pleasant and cooperative during the exam.,LABORATORY DATA: , Initial workup included chemistry panel, which was unremarkable with the exception of a fasting glucose of 122 and an anion gap that was slightly decreased at 6.",,,
peg tube,PEG tube,A tube inserted through the abdomen into the stomach to feed patients who are unable to eat normally.,1,0.93,1,Multiple Medical Problems - Discharge Summary,"Ferrous sulfate drops 325 mg, PEG tube b.i.d.,10.",,,
penile,penile,It means something related to a man's private parts.,1,0.93,1,Discharge Summary - Nephrology,"Additionally, the patient underwent flexible cystoscopy, which revealed no gross strictures or any other abnormalities in the penile nor prostatic urethra.",,,
peptide,peptide,A peptide is a bunch of amino acids packed together in a molecule.,1,0.93,1,ER Report - Chest Pain & Fever,"Arthritis.,ADDITIONAL LABORATORY STUDIES:, B-natriuretic peptide was 26.",,,
perineum,perineum,The area between the private parts and the butt.,1,0.93,1,Neonatal Discharge Summary,Baby was suctioned on perineum with good support.,,,
peritoneum,peritoneum,The tissue that covers and holds organs in the stomach area.,1,0.93,1,BRCA-2 mutation,"The patient regained bowel function and was discharged on the morning of the fourth postoperative day.,OPERATIONS AND PROCEDURES: , Total abdominal hysterectomy/bilateral salpingo-oophorectomy with resection of ovarian fossa peritoneum en bloc on July 25, 2006.,PATHOLOGY: , A 105-gram uterus without dysplasia or cancer.,CONDITION ON DISCHARGE: , Stable.,PLAN: ,The patient will remain at rest initially with progressive ambulation after.",,,
ph,pH,A measure of how acidic a substance is.,1,0.93,1,Cardio/Pulmo Discharge Summary,"It was, therefore, felt that the patient was stable for further management on an outpatient basis.,DIAGNOSTIC DATA:, The patient’s admission laboratory data was notable for his initial blood gas, which showed a pH of 7.02 with a pCO2 of 118 and a pO2 of 103.",,,
physician assistant,physician assistant,A healthcare worker licensed to perform certain medical tasks under supervision of a physician.,1,0.93,1,Pneumonia & COPD - Discharge Summary,"Home health has been ordered and the case has been discussed in detail with Shaun Eagan, physician assistant at Eureka Community Health Center.",,,
physiology,physiology,Physiology is all about how living things work.,1,0.93,1,Death Summary,"Echocardiogram showed normal ejection fraction, normal left and right side, but stage 3 restrictive physiology.",,,
pitting edema,pitting edema,Swelling in the body that leaves an indention (pit) when pressed.,1,0.93,1,Discharge Summary - 19,"Pupils are equally reactive to light and accommodation.,BACK AND EXTREMITY: Bilateral pitting edema and peripheral pulses are palpable.",,,
placenta,placenta,A womb organ that provides nutrients to an unborn baby.,1,0.93,1,Intrauterine Pregnancy - Discharge Summary,"There was normal placenta, normal pelvic anatomy.",,,
placental,placental,An organ in the womb that provides nutrients to a developing baby.,1,0.93,1,Prematurity - Discharge Summary,"At the end of delivery, it was noted there was a partial placental abruptio.,HOSPITAL COURSE: ,The infant has had a basically uncomplicated hospital course.",,,
pleuritic,pleuritic,"It's a sharp chest pain that hurts more when you breathe, caused by inflammation around the lungs.",1,0.93,1,Discharge Summary - COPD,"The patient started on IV steroid, bronchodilator as well as antibiotics.,He also complained of chest pain that appears to be more pleuritic with history of coronary artery disease and orthopnea.",,,
pleurodesis,pleurodesis,A treatment that makes the two layers of lung lining stick together to stop fluid buildup.,1,0.93,1,Death Summary - 1,"Advanced non-small cell lung carcinoma with left malignant pleural effusion status post chest tube insertion status post chemical pleurodesis.,2.",,,
pneumocystis,pneumocystis,A lung infection caused by yeast.,1,0.93,1,Discharge Summary - 7,"The transbronchial biopsies did not show any evidence of pneumocystis, fungal infection, AFB.",,,
po2,pO2,"A measurement of how much oxygen is in your blood, showing how well your lungs are getting oxygen into your body.",1,0.93,1,Cardio/Pulmo Discharge Summary,"It was, therefore, felt that the patient was stable for further management on an outpatient basis.,DIAGNOSTIC DATA:, The patient’s admission laboratory data was notable for his initial blood gas, which showed a pH of 7.02 with a pCO2 of 118 and a pO2 of 103.",,,
polyp,polyp,A polyp is an abnormal growth that can develop on certain tissues.,1,0.93,1,GI Bleed - Discharge Summary,"Colonoscopy did reveal diverticulosis as well as polyp, which was resected.",,,
post angioplasty,post angioplasty,After the surgery to open a blocked blood vessel.,1,0.93,1,Discharge Summary - 9,"History of coronary artery disease, status post angioplasty and stent.,7.",,,
postmenopausal,postmenopausal,After menopause.,1,0.93,1,ER Report - Chest Pain & Fever,"She denies any rashes or skin lesions.,PAST MEDICAL HISTORY: ,Hypertension, diabetes, hyperlipidemia, particularly elevated triglycerides with a slightly elevated LDL at 81 with an new standard LDL of 74, diabetics with a bad family history for cardiovascular disease such as this patient does have, and postmenopausal hot flashes.,PAST SURGICAL HISTORY: ,Cholecystectomy, appendectomy, oophorectomy.,FAMILY HISTORY: , Positive for coronary artery disease in her father and brother in their 40s.,SOCIAL HISTORY: , She is married and does not smoke or drink nor did she ever.,PHYSICAL EXAMINATION: , On admission, temperature 99.4 degrees F., blood pressure 137/60, pulse 90 and regular without ectopy, respiratory rate 20 without unusual respiratory effort.",,,
postnasal drip,postnasal drip,Drainage from your nose running down your throat making you congested or cough.,1,0.93,1,Back Pain - Discharge Summary,"B, the patient's oncologist.,ALLERGIES: , PENICILLIN, AMOXICILLIN, CEPHALOSPORIN, DOXYCYCLINE, IVP DYE, IODINE, and SULFA, all cause HIVES.,Additionally, the patient reports that he has HIVES when he comes in contact with SAP FROM THE MANGO TREE, and therefore, he avoids any mango product at all.,PAST MEDICAL HISTORY: , Status post right orchiectomy secondary to his testicular cancer 18 years ago approximately 1989, GERD, irritable bowel syndrome, seasonal asthma (fall and spring) triggered by postnasal drip, history of bilateral carpal tunnel syndrome, and status post excision of abdominal teratoma and incisional hernia.,FAMILY HISTORY:, Noncontributory.,SOCIAL HISTORY: , The patient is employed in the finance department.",,,
pre,pre,Pre means before.,1,0.93,1,Discharge Summary - 14,"Finally, she did improve enough to the point where she could be discharged home.,DISCHARGE DIAGNOSIS: , Nausea and abdominal pain of uncertain etiology.,SECONDARY DIAGNOSIS: ,Migraine headache.,COMPLICATIONS: ,None.,DISCHARGE CONDITION: , Guarded.,DISCHARGE PLAN: ,Follow up with me in the office in 5 to 7 days to resume all pre-admission medications.",,,
preeclampsia,preeclampsia,"A serious condition that can occur during pregnancy, marked by high blood pressure and excess fluid retention.",1,0.93,1,Neonatal Discharge Summary - 1,She was evaluated for evolving preeclampsia and had a C-section secondary to the nonreassuring fetal status.,,,
premarin,Premarin,A medication for menopausal symptoms in women.,1,0.93,1,Lap Chole - Discharge Summary,"The patient also had Premarin that she was taking, advised to discontinue because of increased risk of heart disease and stroke explained to the patient.",,,
preoperative diagnosis,PREOPERATIVE DIAGNOSIS,The pre-surgery condition that needs to be treated.,1,0.93,1,Discharge Summary - Mesothelioma,"PREOPERATIVE DIAGNOSIS: , Right pleural mass.,POSTOPERATIVE DIAGNOSIS: , Mesothelioma.,PROCEDURES PERFORMED:,1.",,,
presumptive,presumptive,Having a solid reason to think that something is true.,1,0.93,1,Kawasaki Disease - Discharge Summary,"ADMITTING DIAGNOSIS: , Kawasaki disease.,DISCHARGE DIAGNOSIS:, Kawasaki disease, resolving.,HOSPITAL COURSE:, This is a 14-month-old baby boy Caucasian who came in with presumptive diagnosis of Kawasaki with fever for more than 5 days and conjunctivitis, mild arthritis with edema, rash, resolving and with elevated neutrophils and thrombocytosis, elevated CRP and ESR.",,,
pretracheal,pretracheal,In front of the windpipe.,1,0.93,1,Discharge Summary - Lymphoma,Further staging revealed borderline mediastinal pretracheal lymphadenopathy but was otherwise unremarkable.,,,
prn,PRN,When necessary.,1,0.93,1,Discharge Summary - 2,"Darvocet Darvocet-N 100, one q.4h PRN pain.,12.",,,
pronator,pronator,It's a muscle in your forearm that helps you turn your palm up.,1,0.93,1,Discharge Summary - Migraine,No pronator drift was appreciated.,,,
prophylactic,prophylactic,A prophylactic is like a protective shield that helps prevent diseases.,1,0.93,1,Leiomyosarcoma,"She underwent a CTA, which showed no evidence of pulmonary embolism and the patient was started on prophylactic doses of Lovenox at 40 mg a day.",,,
prostate cancer,Prostate cancer,A type of cancer that grows in the prostate gland in men.,1,0.93,1,CHF & Pleural Effusion - Discharge Summary,"Prostate cancer.,4.",,,
prostate gland,prostate gland,The prostate gland makes the liquid part of semen.,1,0.93,1,Discharge Summary - Urology,The patient had a cystoscopy and transurethral resection of prostate as well with entire resection of the prostate gland.,,,
prostatic urethra,prostatic urethra,The part of the tube that carries urine from the bladder through the prostate.,1,0.93,1,Discharge Summary - Nephrology,"Additionally, the patient underwent flexible cystoscopy, which revealed no gross strictures or any other abnormalities in the penile nor prostatic urethra.",,,
prosthetic,prosthetic,A prosthetic is a fake body part.,1,0.93,1,Death Summary,There was also prosthetic aortic valve.,,,
proteus mirabilis,Proteus mirabilis,A type of bacteria that can make you sick.,1,0.93,1,Discharge Summary - Lymphoma,"Both cultures eventually grew out Proteus mirabilis, which was pansensitive.",,,
prothrombin,Prothrombin,A protein that helps blood clot in the body.,1,0.93,1,Urology Discharge Summary,"Blood group was A, Rh positive, Hemoglobin 13, Hematocrit 32.1, Prothrombin time 12.6 seconds, PTT 37.1.",,,
provider,provider,A provider is someone who gives healthcare services.,1,0.93,1,Discharge Summary - Respiratory Distress,"QVAR 40, 2 puffs twice daily until otherwise instructed by the primary care provider.,3.",,,
pruritus,pruritus,Itching.,1,0.93,1,Pancreatic Mass - Discharge Summary,"for pruritus.,4.",,,
pseudocyst,pseudocyst,A pseudocyst is a fluid-filled cavity that acts like a cyst but doesn't have a proper wall or lining.,1,0.93,1,Pancreatic Mass - Discharge Summary,"The patient, additionally, had a questionable pseudocyst in the tail of the pancreas.",,,
psychiatrist,psychiatrist,A psychiatrist is a doctor who specializes in treating mental illnesses.,1,0.93,1,Discharge Summary - 18,"Also, discussed the situation with a psychiatrist who is available on Friday and I discussed the situation with the patient.",,,
psychologist,psychologist,A psychologist is a person who helps individuals and families by talking about emotions and personal issues to support positive changes.,1,0.93,1,Discharge Summary - Multiple Trauma,"The patient was followed throughout his entire stay with case management and discussions were made with them and the psychologist concerning the placement upon discharge to an acute alcohol rehab facility; however, the patient refused throughout this entire stay.",,,
psychomotor,Psychomotor,When you use your mind and body together to do things like balancing and coordinating movements.,1,0.93,1,Psychiatric Discharge Summary,Psychomotor behavior showed restlessness.,,,
pulmonary edema,pulmonary edema,Fluid accumulation in the lungs.,1,0.93,1,Discharge Summary - Peripheral vascular disease,A chest x-ray revealed bilateral pleural effusions and bibasilar atelectasis in addition to some pulmonary edema diffusely.,,,
pulmonary function,pulmonary function,How efficiently your lungs function in helping you breathe.,1,0.93,1,Discharge Summary - 17,"She was placed on incentive spirometry and over the succeeding days, she did have improved pulmonary function.,LABORATORY TESTS: , Initially revealed a white count of 13,000, however, approximately 24 hours following admission her white count stabilized and in fact remained normal throughout her stay.",,,
pulmonary vein,pulmonary vein,Blood vessels that carry oxygenated blood from the lungs to the heart.,1,0.93,1,Death Summary - 1,"The patient had a CT scan of the chest, which revealed a left pleural effusion, extensive mediastinal mass, left hilar adenopathy, causing complete obstruction of the left lower lobe and the lingula and the left pulmonary vein, and the multiple nodules on the right side of his chest.",,,
pulmonologist,pulmonologist,A doctor who specializes in lung health.,1,0.93,1,Pneumonia - Discharge Summary,"X, pulmonologist was consulted.",,,
pulmonology,Pulmonology,Branch of medicine focused on lung and breathing issues.,1,0.93,1,Discharge Summary,"Flonase nasal spray daily for 30 days.,Results for oximetry pending to evaluate the patient for need for home oxygen.,FOLLOW UP:, The patient will follow up with Pulmonology, Dr.",,,
pureed,pureed,Smooth mashed-up food typically made by blending cooked ingredients into a thick liquid or paste.,1,0.93,1,Discharge Summary - Gastric Bypass,"Her drain was discontinued.,DISCHARGE INSTRUCTIONS:, Liquid diet x1 week, then advance to pureed and soft as tolerated.",,,
pyelography,pyelography,A test using special x-ray technology to take pictures of the kidneys and urine tubes.,1,0.93,1,Discharge Summary - Urology & Nephrology,"ADMITTING DIAGNOSES:, Solitary left kidney with obstruction, and hypertension, and chronic renal insufficiency.,DISCHARGE DIAGNOSES: , Solitary left kidney with obstruction and hypertension and chronic renal insufficiency, plus a Pseudomonas urinary tract infection.,PROCEDURES: , Cystoscopy under anesthesia, ureteroscopy, an attempted tube placement, stent removal with retrograde pyelography, percutaneous tube placement, and nephrostomy by Radiology.,PERTINENT LABORATORIES: , Creatinine of 1.4.",,,
radial pulse,radial pulse,You can feel your heartbeat on the inside of your wrist.,1,0.93,1,Discharge Summary - ATV Accident,"Throughout the duration of the procedure, the patient had a palpable distal radial pulse.",,,
radical,radical,Getting rid of all of an organ or infected tissue inside the body.,1,0.93,1,Chronic Abscesses - Discharge Summary,"Decision was made to do a radical excision and then it is followed by reconstruction.,HOSPITAL COURSE: ,The patient was admitted on 03/05/08 by Dr.",,,
radical nephrectomy,radical nephrectomy,"A surgery that takes out a whole kidney, along with nearby glands and tissues.",1,0.93,1,Discharge Summary - Nephrology,"Left radical nephrectomy.,3.",,,
radiological,radiological,Having to do with X-rays and ultrasound for identifying diseases.,1,0.93,1,Discharge Summary - Hip Surgery,X who after reviewing the clinical and radiological findings recommended she undergo a right total hip arthroplasty and removal of old hardware.,,,
ranitidine,Ranitidine,A medicine used to reduce stomach acidity.,1,0.93,1,Discharge Summary - Migraine,Ranitidine 150 mg p.o.,,,
recombinant,recombinant,A recombinant is when genes combine in a new way.,1,0.93,1,Back & Leg Pain - Discharge Summary,"ADMISSION DIAGNOSIS: , Bilateral l5 spondylolysis with pars defects and spinal instability with radiculopathy.,SECONDARY DIAGNOSIS:, Chronic pain syndrome.,PRINCIPAL PROCEDURE: , L5 Gill procedure with interbody and posterolateral (360 degrees circumferential) arthrodesis using cages, bone graft, recombinant bone morphogenic protein, and pedicle fixation.",,,
reconstruction,reconstruction,Reconstruction is a surgery that fixes or rebuilds a damaged organ or body part.,1,0.93,1,Chronic Abscesses - Discharge Summary,"Decision was made to do a radical excision and then it is followed by reconstruction.,HOSPITAL COURSE: ,The patient was admitted on 03/05/08 by Dr.",,,
recurred,recurred,Return again.,1,0.93,1,Discharge Summary - Cerebral Palsy,"This resolved, however, recurred in both legs.",,,
red blood cell,red blood cell,Blood cell that carries oxygen and is produced in the bone marrow.,1,0.93,1,Goldenhar Syndrome - Discharge Summary,"Hemoglobin is 10.4, hematocrit 30.8, and she has abnormal red blood cell morphology.",,,
referral,referral,When a doctor sends a patient to another medical provider for additional care.,1,0.93,1,Occupational Therapy Discharge Summary,"Goals were not achieved, as the patient was admitted to inpatient rehabilitation center.,RECOMMENDATIONS: , Discharged from OT this date, as the patient has been admitted to Inpatient Rehabilitation Center.,Thank you for this referral.",,,
referring,REFERRING,Sending a patient to another person or place for medical care.,1,0.93,1,Discharge Summary - 5,"DATE OF ADMISSION:, MM/DD/YYYY.,DATE OF DISCHARGE: , MM/DD/YYYY.,REFERRING PHYSICIAN: , AB CD, M.D.,ATTENDING PHYSICIAN AT DISCHARGE:, X Y, M.D.,ADMITTING DIAGNOSES:,1.",,,
rejection,rejection,"When the body's defense system attacks transplanted cells, tissues, or organs.",1,0.93,1,ESRD - Discharge Summary,"ADMISSION DIAGNOSIS:, End-stage renal disease (ESRD).,DISCHARGE DIAGNOSIS: , End-stage renal disease (ESRD).,PROCEDURE:, Cadaveric renal transplant.,HISTORY OF PRESENT ILLNESS: , This is a 46-year-old gentleman with end-stage renal disease (ESRD) secondary to diabetes and hypertension, who had been on hemodialysis since 1993 and is also status post cadaveric kidney transplant in 1996 with chronic rejection.,PAST MEDICAL HISTORY: ,1.",,,
resected,resected,"During surgery, a piece is cut or removed.",1,0.93,1,GI Bleed - Discharge Summary,"Colonoscopy did reveal diverticulosis as well as polyp, which was resected.",,,
resections,resections,Surgical removal of a piece of tissue or organ.,1,0.93,1,Discharge Summary - 6,"Multiple resections of the bladder tumor.,8.",,,
residuals,residuals,"What's left over, still around.",1,0.93,1,Hypothermia - Discharge Summary,He tolerated these poorly with residuals.,,,
respiratory distress syndrome,Respiratory distress syndrome,Breathing issues that newborns may face.,1,0.93,1,Neonatal Discharge Summary - 1,"ADMITTING DIAGNOSES:, Respiratory distress syndrome, intrauterine growth restriction, thrombocytopenia, hypoglycemia, retinal immaturity.,HISTORY OF PRESENTING ILLNESS: , The baby is an ex-32 weeks small for gestational age infant with birth weight 1102.",,,
respiratory syncytial virus,respiratory syncytial virus,Respiratory syncytial virus is a lung infection caused by a virus.,1,0.93,1,Bronchiolitis - Discharge Summary,"Bronchiolitis, respiratory syncytial virus positive; improved and stable.,2.",,,
responses,responses,How a condition reacts to a treatment.,1,0.93,1,Speech Therapy - Discharge Summary - 1,The patient will increase accuracy of yes-no responses to greater than 80% accuracy.,,,
restricted,restricted,Restricted means something is limited.,1,0.93,1,Psychiatric Discharge Summary,Affect was restricted.,,,
resuscitate,resuscitate,To bring someone back to life or wake them up from being unconscious.,1,0.93,1,COPD & Bronchitis - Discharge Summary,"Do not resuscitate/do not intubate.,HOSPITAL COURSE: , The patient was admitted from the office by Dr.",,,
retina,retina,The part of the eye that sends visual messages to the brain.,1,0.93,1,Neonatal Discharge Summary - 1,"At the time of admission to the ABCD, the patient was not on any antibiotics and his clinically condition has remained stable.,HEMATOLOGY: , The patient is status post phototherapy at Madera and was started on iron.,OPHTHALMOLOGY: , Exam on 07/17/2006 showed immature retina.",,,
retrograde,retrograde,Moving or happening backward.,1,0.93,1,Discharge Summary - Urology & Nephrology,"ADMITTING DIAGNOSES:, Solitary left kidney with obstruction, and hypertension, and chronic renal insufficiency.,DISCHARGE DIAGNOSES: , Solitary left kidney with obstruction and hypertension and chronic renal insufficiency, plus a Pseudomonas urinary tract infection.,PROCEDURES: , Cystoscopy under anesthesia, ureteroscopy, an attempted tube placement, stent removal with retrograde pyelography, percutaneous tube placement, and nephrostomy by Radiology.,PERTINENT LABORATORIES: , Creatinine of 1.4.",,,
retrograde pyelograms,retrograde pyelograms,An x-ray test that looks at the kidney and the tube that carries urine from the kidney to the bladder.,1,0.93,1,Discharge Summary - 4,"Cystoscopy, bilaterally retrograde pyelograms, insertion of bilateral externalized ureteral stents.,2.",,,
rhinitis,rhinitis,Rhinitis is when your nose gets swollen and irritated.,1,0.93,1,Discharge Summary,"Allergic rhinitis.,HOSPITAL COURSE:, This 83-year-old patient had some cold symptoms, was treated as bronchitis with antibiotics.",,,
rhinorrhea,rhinorrhea,A runny nose.,1,0.93,1,Otitis Media - Discharge Summary,"He has also had intermittent cough, nasal congestion, and rhinorrhea and no history of rashes.",,,
right atrium,right atrium,The right atrium is the top section of the heart where blood from the body and head enters.,1,0.93,1,Discharge Summary - 13,Permanent pacemaker was placed on 09/05/2007 with right atrium appendage and right ventricular apex electrode placement.,,,
right lower,right lower,A section of the right lung.,1,0.93,1,Discharge Summary - 14,"The patient presented to our emergency room for worsening abdominal pain as well as swelling of the right lower leg.,PAST MEDICAL HISTORY: , Extensive and well documented in prior charts.,PHYSICAL EXAMINATION: , Abdomen was diffusely tender.",,,
risk factors,risk factors,"Things that can increase the chances of getting sick, some you can change, some you can't.",1,0.93,1,Discharge Summary - 1,"Farber agreed to treat the risk factors, to not treat blood pressure for the first two weeks of the stroke.",,,
rubella,rubella,"A virus that can result in fever and rash, especially risky for pregnant women due to potential birth defects in babies.",1,0.93,1,Neonatal Discharge Summary,"Prenatal labs were O positive, antibody negative, rubella immune, RPR nonreactive.",,,
sacrum,sacrum,A triangle-shaped bone at the base of the spine above the tailbone.,1,0.93,1,Discharge Summary - Migraine,"The patient does have notable trigger points diffusely including the occiput, trapezius bilaterally, lumbar, back, and sacrum.",,,
scanning,scanning,A test that takes detailed pictures inside the body.,1,0.93,1,Speech Therapy - Discharge Summary - 2,"The patient continues to have difficulty with visual scanning in cancellation task, secondary to her significant left neglect.",,,
scapula,scapula,Shoulder blade.,1,0.93,1,Death Summary - 1,He was thus also a suspicion for osseous metastatic disease involving the right scapula with a left large pleural effusion.,,,
schizoaffective disorder,Schizoaffective disorder,A condition that affects mental health with a mix of symptoms involving reality loss and mood issues.,1,0.93,1,Psychiatric Discharge Summary,"This was AMA against hospital advice.,DISCHARGE DIAGNOSES:,AXIS I: Schizoaffective disorder, bipolar type.,AXIS II: Deferred.,AXIS III: Hepatitis C.,AXIS IV: Severe.,AXIS V: 19.,CONDITION OF PATIENT ON DISCHARGE: , The patient remained disorganized.",,,
sciatic,sciatic,Pain that starts in the lower back and travels down the buttocks and legs.,1,0.93,1,Hip Surgery - Discharge Summar,"Otherwise, she reports some intermittent right calf discomfort and some postoperative right hip pain.,ALLERGIES:, No known drug allergies.,PAST MEDICAL HISTORY:, Anxiety, depression, osteoarthritis, migraine headaches associated with menstrual cycle, history of sciatic pain in the distant past, history of herniated disc, and status post appendectomy.,MEDICATIONS: ,Medications taken at home are Paxil, MOBIC, and Klonopin.,MEDICATIONS ON TRANSFER: , Celebrex, Coumadin, Colace, Fiorinal, oxycodone, Klonopin, and Paxil.,FAMILY HISTORY:, Noncontributory.,SOCIAL HISTORY: , The patient is married.",,,
scotoma,scotoma,A scotoma is a blind or dark spot in your vision.,1,0.93,1,Discharge Summary - Migraine,She described the headache as worse in her life and it was also accompanied by blurry vision and scotoma.,,,
screening,screening,Screening is when you look for a disease even if you don't have any symptoms.,1,0.93,1,Intrauterine Pregnancy - Discharge Summary,"All routine screening labs were normal and she underwent a high-resolution ultrasound during pregnancy.,PAST MEDICAL HISTORY: , Significant for postpartum depression after her last baby as well as a cesarean.,ALLERGIES:, SHE HAS SEASONAL ALLERGIES.,MEDICATIONS:, She is taking vitamins and iron.,PHYSICAL EXAMINATION,GENERAL: An alert gravid woman in no distress.,ABDOMEN: Gravid, nontender, non-irritable, with an infant in the vertex presentation.",,,
screws,screws,A tool with grooves that's used in surgery to repair fractured bones.,1,0.93,1,Anterior Cervical Discectomy & Fusion - Discharge Summary,"Postop x-ray showed good alignment and positioning of the cages, plate, and screws.",,,
sedimentation,sedimentation,Sedimentation is when particles settle down because of gravity.,1,0.93,1,Discharge Summary - 15,"She was admitted because of the persistent vomiting, but there was concern about the weight loss.,Physical examination on admission was unremarkable except for the obvious signs autistic spectrum disorder.,LABORATORY DATA: ,Laboratory data included sedimentation rate of 12, magnesium level of 2.2, TSH of 2.63 with normal being 0.34 to 5.60, free T4 of 1.68 with normal being 0.58 to 1.64.",,,
seizures,seizures,Seizures are when the brain has strange electrical activity that may make someone lose consciousness or have jerky movements.,1,0.93,1,Renal Disease - Discharge Summary,He also denied any clonic activity and no history of seizures.,,,
senokot,Senokot,A medicine used to help with being backed up.,1,0.93,1,Falls - Discharge Summary,"p.r.n., Lasix 80 mg daily, Isordil 10 mg t.i.d., KCl 20 mEq b.i.d., lactulose 10 g daily, Cozaar 50 mg daily, Synthroid 75 mcg daily, Singulair 10 mg daily, Lumigan one drop both eyes at bed time, NitroQuick p.r.n., Pravachol 20 mg daily, Feldene 20 mg daily, Paxil 20 mg daily, Minipress 2 mg daily, Provera p.r.n., Advair 250/50 one puff b.i.d., Senokot one tablet b.i.d., Timoptic one drop OU daily, and verapamil 80 mg b.i.d.,ALLERGIES: , None.,ACTIVITY: , Per PT.,FOLLOW-UP: , The patient discharged to a skilled nursing facility for further rehabilitation.",,,
sensory,sensory,"Related to your senses like smell, touch, taste, sight, and hearing.",1,0.93,1,Discharge Summary - Migraine,Excellent sensory.,,,
septicemia,septicemia,Septicemia is when bacteria and their toxins spread in the bloodstream causing a serious illness.,1,0.93,1,Discharge Summary - 8,"The patient was admitted to the hospital with suspicion of endocarditis given the fact that she had fever, septicemia, and Osler nodes on her fingers.",,,
septum,septum,A septum is a barrier that divides two spaces or cavities from each other.,1,0.93,1,Discharge Summary - 6,"In addition, inducible ischemia seen in the inferior lateral septum.",,,
serum,serum,"A serum is the clear, yellowish liquid left over after blood clots, often used in blood tests.",1,0.93,1,Discharge Summary - 17,"At the time of discharge on 6/14/2009, sodium was 135, potassium was 3.7, calcium was 8.0, her ALT was 109, AST was 70, direct bilirubin was 0.2, LDH was 219, serum iron was 7, total iron unbound 183, and ferritin level was 267.,At the time of discharge, the patient had improved.",,,
serum creatinine,serum creatinine,A substance in your body that can indicate how well your kidneys are working.,1,0.93,1,Discharge Summary - 19,"The patient has right hip brace/immobilizer.,HEART: Irregularly irregular heart rhythm, grade 2-3/6 systolic ejection murmur best heard over the aortic area and normal S1 and S2.,CHEST: Auscultation revealed bibasilar crackles.,ABDOMEN: Soft, nontender, no organomegaly and bowel sounds are present.,CNS: Nonfocal.,LABORATORY STUDIES: , WBC 6.5, hemoglobin 12.5, hematocrit 38.9, platelet count 177,000, INR 1.2, sodium 141, potassium 3.6 and serum creatinine of 0.8.",,,
sestamibi,sestamibi,"A radioactive chemical used in small amounts for medical imaging, to visualize the heart, parathyroid glands, and breast.",1,0.93,1,CHF & Pleural Effusion - Discharge Summary,"An adenosine sestamibi was done in March 2000, with a small fixed apical defect, but no ischemia.",,,
short of breath,short of breath,Having trouble catching your breath.,1,0.93,1,Cardiac Transfer Summary,The friend states that the patient deteriorated over the last few weeks to the point that he is very short of breath with exertion.,,,
signs or symptoms,signs or symptoms,Signs or symptoms are clues that show you might be sick or that something's not right.,1,0.93,1,Leiomyosarcoma,"During admission, the patient did not exhibit any signs or symptoms of pneumonia.,DISPOSITION: , Home in stable condition.,DIET: , Regular and less neutropenic.,ACTIVITY: , Resume same activity.,FOLLOWUP: ,The patient will have lab work at Dr.",,,
sinus tachycardia,sinus tachycardia,The heart beats faster than normal when you're not doing anything.,1,0.93,1,Death Summary - 2,"So, she was brought to the emergency room, where she was found to have rapid heart rate with a sinus tachycardia around 112 to 130s.",,,
somnolent,somnolent,Feeling tired and wanting to sleep.,1,0.93,1,Discharge Summary - 2,"Altered mental status, less somnolent, likely secondary to medications, resolved.,5.",,,
spasms,spasms,When your muscles suddenly tighten up and hurt.,1,0.93,1,Discharge Summary - Cholelithiasis,She did complain of bladder spasms when she urinated and she did say that she has a history of chronic UTIs.,,,
spasticity,spasticity,"When muscles stay tight and contract for longer than normal, making it hard to move and talk smoothly.",1,0.93,1,Discharge Summary - Cerebral Palsy,"Cerebral palsy.,DISCHARGE INSTRUCTIONS: , The patient would be discharged on his usual Valium 10-20 mg at bedtime for spasticity, Flomax 0.4 mg daily, cefazolin 500 mg q.i.d., and Lotrimin cream between toes b.i.d.",,,
spinal fluid,Spinal fluid,Clear fluid in the brain and spinal cord that carries nutrients.,1,0.93,1,ER Report - Chest Pain & Fever,"Spinal fluid was clear with 11 red cells, glucose 75, protein 67, white count 0.",,,
spinal tap,spinal tap,A spinal tap is when a needle is inserted into the lower back to collect spinal fluid or deliver medication.,1,0.93,1,ER Report - Chest Pain & Fever,"Neck and back pain of unclear etiology with a negative spinal tap.,4.",,,
spit,spit,Spit means to forcefully expel saliva or mucus out of your mouth.,1,0.93,1,Discharge Summary - 2,"q.i.d., swish and spit.,9.",,,
staging,staging,Evaluating how far cancer has spread in the body through tests and exams.,1,0.93,1,Discharge Summary - Lymphoma,Further staging revealed borderline mediastinal pretracheal lymphadenopathy but was otherwise unremarkable.,,,
stained,stained,Stained is when colors are used to study things under a microscope.,1,0.93,1,Discharge Summary - 7,The patient had 3 nucleoli on the biopsy specimens that stained positive and were consistent with CMV infection.,,,
sternocleidomastoid,Sternocleidomastoid,A muscle in the neck that helps turn and nod the head.,1,0.93,1,Discharge Summary - Migraine,Sternocleidomastoid and trapezius muscles are full strength bilaterally.,,,
strictures,strictures,A stricture is when a tube in the body becomes abnormally narrow.,1,0.93,1,Discharge Summary - Nephrology,"Additionally, the patient underwent flexible cystoscopy, which revealed no gross strictures or any other abnormalities in the penile nor prostatic urethra.",,,
subjective,subjective,"Subjective means based on personal feelings, tastes, and opinions.",1,0.93,1,Neck Pain - Discharge Summary,The patient's symptoms have been persistent and had gotten worse with subjective weakness of the right upper extremity since its onset for several weeks now.,,,
suboptimal,suboptimal,Not the best quality.,1,0.93,1,Otitis Media - Discharge Summary,"Chest x-ray showed a suboptimal inspiration, but no evidence of an acute process in the chest.,HOSPITAL COURSE: , The patient was admitted to the hospital and allowed a clear liquid diet.",,,
suctioning,suctioning,"Suctioning is getting rid of stuff from your body, like phlegm from your lungs.",1,0.93,1,Bronchiolitis - Discharge Summary,"Continue breast-feeding as much as possible and encourage oral intake.,MEDICATIONS: She will be sent home on albuterol MDI to be used as needed for cough, wheezes or dyspnea.,ADDITIONAL INSTRUCTIONS:, Mom is quite comfortable with bulb suctioning the nose with saline and they know that they are to return immediately if she starts having difficulty breathing, if she stops breathing or she decides that she does not want to eat.,",,,
suppositories,suppositories,"Medicine that melts inside your body and is inserted into the rectum, vagina, or urethra.",1,0.93,1,Neonatal Discharge Summary - 1,Baby was started on Mylicon drops and glycerin suppositories.,,,
suppository,suppository,A drug that dissolves in the body heat and is inserted into certain body openings.,1,0.93,1,Hip Surgery - Discharge Summar,Dulcolax suppository and lactulose will be used as a p.r.n.,,,
surgical intensive care unit,surgical intensive care unit,It's a hospital department that gives extra care to surgery patients.,1,0.93,1,ESRD - Discharge Summary,"Total protein 6.5, albumin 3.4, AST 51, ALT 51, alk phos 175, and total bilirubin 0.5.,COURSE IN HOSPITAL: , The patient was admitted postoperatively to the surgical intensive care unit.",,,
surgical procedure,surgical procedure,A surgical procedure is when a doctor performs an operation by cutting into a patient's body to treat a medical condition.,1,0.93,1,Back & Leg Pain - Discharge Summary,He was admitted and underwent an uncomplicated surgical procedure as noted above.,,,
surgical site,surgical site,The spot on your body where a surgical procedure was done.,1,0.93,1,Abscess with Cellulitis - Discharge Summary,Postop wound care consists of Aquacel Ag and dry dressing to the surgical site everyday and the patient remains nonweightbearing on the left foot.,,,
surgically,surgically,Surgically means pertaining to surgery.,1,0.93,1,Discharge Summary - 8,The patient does have a history of congenital genitourinary abnormalities which were surgically corrected before the fifth grade.,,,
susceptible,susceptible,To be easily affected or harmed by something.,1,0.93,1,Discharge Summary - 19,"Urine culture grew 50-100,000 colonies of Enterococcus susceptible to ampicillin and nitrofurantoin.,Chest x-ray showed enlarged heart with large intrathoracic hiatal hernia.",,,
tendon,tendon,"It's a tough tissue that connects muscle to bone, allowing us to move.",1,0.93,1,Pyelonephritis - Discharge Summary,She was exquisitely tender to touch of the patellar tendon.,,,
tension headaches,tension headaches,"Headaches that feel like a tight band around your head, usually caused by stress.",1,0.93,1,Anterior Cervical Discectomy & Fusion - Discharge Summary,"Moderate stenosis C5-6.,OPERATION: , On 06/25/07, anterior cervical discectomy and fusions C4-5, C5-6, C6-7 using Bengal cages and Slimlock plate C4 to C7; intraoperative x-ray.,This is a 60-year-old white male who was in the office on 05/01/07 because of neck pain with left radiculopathy and ""tension headaches."" In the last year or so, he has had more and more difficulty and more recently has developed tingling and numbness into the fingers of the left hand greater than right.",,,
teratoma,teratoma,"A teratoma is a tumor that can have various types of tissue like hair, muscle, and bone.",1,0.93,1,Back Pain - Discharge Summary,"B, the patient's oncologist.,ALLERGIES: , PENICILLIN, AMOXICILLIN, CEPHALOSPORIN, DOXYCYCLINE, IVP DYE, IODINE, and SULFA, all cause HIVES.,Additionally, the patient reports that he has HIVES when he comes in contact with SAP FROM THE MANGO TREE, and therefore, he avoids any mango product at all.,PAST MEDICAL HISTORY: , Status post right orchiectomy secondary to his testicular cancer 18 years ago approximately 1989, GERD, irritable bowel syndrome, seasonal asthma (fall and spring) triggered by postnasal drip, history of bilateral carpal tunnel syndrome, and status post excision of abdominal teratoma and incisional hernia.,FAMILY HISTORY:, Noncontributory.,SOCIAL HISTORY: , The patient is employed in the finance department.",,,
testes,testes,Male sex organs that make sperm.,1,0.93,1,Discharge Summary - Urology & Nephrology,"He had no oral, ocular, or nasal discharge.,LUNGS: Exam was normal without wheezing.,HEART: Without murmur or gallops.,ABDOMEN: Soft, without mass or tenderness with a well-healed flank incision.,GU: Uncircumcised male with bilaterally descended testes.,EXTREMITIES: He has full range of motion in all 4 extremities.,SKIN: Warm, pink, and dry.,NEUROLOGIC: Grossly intact.,BACK: He has normal back.",,,
thoracic aorta,thoracic aorta,The section of the main artery that travels downwards through the chest.,1,0.93,1,Discharge Summary - 1,"Impression: Mild tortuosity of the thoracic aorta, maybe secondary to hypertension; right lateral costophrenic angle is not evaluated due to positioning of the patient.,3.",,,
thoracotomy,thoracotomy,Surgery to cut into the chest.,1,0.93,1,Discharge Summary - Mesothelioma,"Right thoracotomy.,4.",,,
thrombocytosis,thrombocytosis,Thrombocytosis is when your body makes too many platelets that help with blood clotting.,1,0.93,1,Kawasaki Disease - Discharge Summary,"ADMITTING DIAGNOSIS: , Kawasaki disease.,DISCHARGE DIAGNOSIS:, Kawasaki disease, resolving.,HOSPITAL COURSE:, This is a 14-month-old baby boy Caucasian who came in with presumptive diagnosis of Kawasaki with fever for more than 5 days and conjunctivitis, mild arthritis with edema, rash, resolving and with elevated neutrophils and thrombocytosis, elevated CRP and ESR.",,,
thrombolytic,thrombolytic,A medication that helps dissolve blood clots.,1,0.93,1,Discharge Summary - Mesothelioma - 1,"RNCA with intracranial thrombolytic treatment.,5",,,
thrombosis,thrombosis,Blood clotting inside blood vessels.,1,0.93,1,Discharge Summary - Peripheral vascular disease,"Irrigation and debridement of right below-knee amputation wound on July 21, 2008, July 24, 2008, July 28, 2008, and August 1, 2008.,HISTORY OF PRESENT ILLNESS: , The patient is an 89-year-old gentleman with multiple medical conditions including coronary artery disease, hypothyroidism, and severe peripheral vascular disease status post multiple revascularizations, and a right below-knee amputation in June 2008 following a thrombosis of his right femoropopliteal bypass graft.",,,
tibial,tibial,The big bone in your lower leg.,1,0.93,1,Knee Arthroplasty - Discharge Summary,"X-ray showed that the poly seems to be worn out significantly in this area.,DISCHARGE DIAGNOSIS:, Status post poly exchange, right knee, total knee arthroplasty.,CONDITION ON DISCHARGE:, Stable.,PROCEDURES PERFORMED:, Poly exchange total knee, right.,CONSULTATIONS: , Anesthesia managed femoral nerve block on the patient.,HOSPITAL COURSE: ,The patient was admitted with revision right total knee arthroplasty and replacement of patellar and tibial poly components.",,,
tolerance,tolerance,Need more of a drug to feel the same effect as before.,1,0.93,1,Falls - Discharge Summary,"They noted that she frequently came to the emergency room for ""attention."" The patient denied any chest pain or pressure and no change to exercise tolerance.",,,
transdermal,transdermal,Going through the skin.,1,0.93,1,Multiple Medical Problems - Discharge Summary,"Fentanyl 50 mcg patch transdermal q.72h.,14.",,,
translocation,translocation,"When parts of chromosomes move to other ones or swap places, it's called translocation, which can sometimes lead to diseases like cancer.",1,0.93,1,Discharge Summary - 5,"A biopsy revealed small round cells and repeat biopsy on MM/DD/YYYY also showed round cells consistent with Ewing sarcoma, genetic analysis indicated a T1122 translocation.",,,
traumatic brain injury,Traumatic brain injury,Injury to the brain caused by accidents or trauma.,1,0.93,1,Occupational Therapy Discharge Summary,"DIAGNOSES: , Traumatic brain injury, cervical musculoskeletal strain.,DISCHARGE SUMMARY: , The patient was seen for evaluation on 12/11/06 followed by 2 treatment sessions.",,,
triggered,triggered,Something that sets off a disease or condition.,1,0.93,1,Back Pain - Discharge Summary,"B, the patient's oncologist.,ALLERGIES: , PENICILLIN, AMOXICILLIN, CEPHALOSPORIN, DOXYCYCLINE, IVP DYE, IODINE, and SULFA, all cause HIVES.,Additionally, the patient reports that he has HIVES when he comes in contact with SAP FROM THE MANGO TREE, and therefore, he avoids any mango product at all.,PAST MEDICAL HISTORY: , Status post right orchiectomy secondary to his testicular cancer 18 years ago approximately 1989, GERD, irritable bowel syndrome, seasonal asthma (fall and spring) triggered by postnasal drip, history of bilateral carpal tunnel syndrome, and status post excision of abdominal teratoma and incisional hernia.,FAMILY HISTORY:, Noncontributory.,SOCIAL HISTORY: , The patient is employed in the finance department.",,,
ultrasounds,ultrasounds,Taking pictures inside the body using sound waves.,1,0.93,1,Chronic Abscesses - Discharge Summary,Note that the patient had serial ultrasounds given his high risk of DVT from this massive wound and need for decreased activity.,,,
upper airway,upper airway,"The upper airway includes the nose, mouth, and throat in the respiratory system.",1,0.93,1,Bronchiolitis - Discharge Summary,"She does have some upper airway congestion.,CARDIOVASCULAR: Regular rate and rhythm with a 2-3/6 systolic murmur that radiates to bilateral axilla and the back.,EXTREMITIES: Her femoral pulses were 2+ and her extremities were warm and well perfused with good capillary refill.,LUNGS: Her lungs did show some slight coarseness, but good air movement with equal breath sounds.",,,
upper endoscopy,upper endoscopy,An exam of the stomach where a tool is passed through the mouth to check for issues in the food pipe and the small bowel.,1,0.93,1,GI Bleed - Discharge Summary,"No masses or organomegaly.,EXTREMITIES: 1+ lower extremity edema bilaterally.,HOSPITAL COURSE: , The patient underwent upper endoscopy performed by Dr.",,,
ureteropelvic,ureteropelvic,Where the kidney hooks up to the pipe leading urine to the bladder.,1,0.93,1,Discharge Summary - Urology & Nephrology,"During the hospitalization it was decreased to 0.8 and Pseudomonas urinary tract infection, positive culture sensitive to ceftazidime and ciprofloxacin.,HISTORY OF PRESENT ILLNESS: ,The patient is a 3-1/2-year-old boy with a solitary kidney, had a ureteropelvic junction repair performed by Dr.",,,
ureters,ureters,Tubes that carry pee from your kidneys to your bladder.,1,0.93,1,Discharge Summary - 8,"There was nothing remarkable as far as her kidneys, ureters, or bladder were concerned.",,,
urethra,urethra,The tube that helps you pee.,1,0.93,1,Discharge Summary - Urology,"Osteoarthritis.,HOSPITAL COURSE:, This is a 77-year-old African-American male who was previously well until he began having gross hematuria and clots passing through his urethra on the day of admission.",,,
urinary diversion,urinary diversion,A surgery that creates a new pathway for urine to exit the body.,1,0.93,1,Pyelonephritis - Discharge Summary,"History of uterine cancer and ileal conduit urinary diversion.,3.",,,
urinary tract infections,urinary tract infections,"An infection in your bladder, kidneys, or other parts of the body involved in urinating.",1,0.93,1,Discharge Summary - 8,"History of urinary tract infections of pyelonephritis.,OPERATIONS PERFORMED: , Chest x-ray July 24, 2007, that was normal.",,,
urination,urination,Urination is when you pee it out.,1,0.93,1,Cholestasis Of Pregnancy,"The patient did well throughout the 3-day stay progressing to full diet, regular bowel movements, normal urination patterns.",,,
urine ph,urine pH,Urine pH is a number that tells you how acid or alkaline your pee is.,1,0.93,1,Discharge Summary - Lymphoma,She was then hydrated with bicarbonate solution to a urine pH of 8.,,,
ursodiol,ursodiol,A medication used to help with certain liver and gallbladder issues.,1,0.93,1,Discharge Summary - Gastric Bypass,"She is instructed just to resume her discharge medications.,DISCHARGE MEDICATIONS:, She was given a scripts for Lortab Elixir, Flexeril, ursodiol, and Colace.",,,
urticarial,urticarial,"Urticarial means having a rash with red, raised, itchy bumps.",1,0.93,1,Discharge Summary - 7,The patient has also been on high-dose prednisone for an urticarial rash.,,,
uterine cancer,uterine cancer,"Cancer that starts in the uterus, the organ where a baby grows during pregnancy.",1,0.93,1,Pyelonephritis - Discharge Summary,"History of uterine cancer and ileal conduit urinary diversion.,3.",,,
utis,UTIs,UTIs are infections in the urinary system.,1,0.93,1,Discharge Summary - Cholelithiasis,She did complain of bladder spasms when she urinated and she did say that she has a history of chronic UTIs.,,,
uvula,uvula,The small dangly tissue in the back of your throat.,1,0.93,1,Discharge Summary - Migraine,Palate and uvula elevated symmetrically.,,,
vaccination,vaccination,Getting a shot to protect against a disease.,1,0.93,1,COPD - Discharge Summary,"The patient's oxygenation improved and he was able to be discharged home.,DISCHARGE DIAGNOSES: ,Chronic obstructive pulmonary disease and acute asthmatic bronchitis.,COMPLICATIONS: , None.,DISCHARGE CONDITION: , Guarded.,DISCHARGE PLAN: , Prednisone 20 mg 3 times a day for 2 days, 2 times a day for 5 days and then one daily, Keflex 500 mg 3 times a day and to resume his other preadmission medication, can be given a pneumococcal vaccination before discharge.",,,
vaginally,vaginally,A term used to describe something related to the vagina.,1,0.93,1,Prematurity - Discharge Summary,"The infant delivered vaginally, had a double nuchal cord and required CPAP and free flow oxygen.",,,
valvular,Valvular,Valvular means related to the tissues in the heart that control blood flow.,1,0.93,1,Discharge Summary - 19,"Valvular heart disease.,HOSPITAL COURSE SUMMARY: , The patient is 93-year-old Caucasian female with a past medical history of hypertension, chronic atrial fibrillation, gastroesophageal reflux disease, osteoporosis and chronic right hip pain after total hip arthroplasty was admitted to our hospital for complaints of nausea and vomiting and urinary tract infection.",,,
vasculature,vasculature,The network of blood vessels in the body.,1,0.93,1,Discharge Summary - Migraine,Retinal vasculature appeared normal.,,,
vasomotor,Vasomotor,It controls the size of your blood vessels.,1,0.93,1,Discharge Summary - Migraine,Neurologic exam: Vasomotor system revealed full power throughout.,,,
veins,veins,Veins are tubes that carry blood back to the heart from body parts.,1,0.93,1,Cardio/Pulmo Discharge Summary,"On the day of discharge, the patient had minimal basilar rales; his chest also showed minimal expiratory wheezes; he had no edema; his heart rate was regular; his abdomen was soft; and his neck veins were not distended.",,,
ventilated,ventilated,Assisting someone in taking in and letting out air to help them breathe.,1,0.93,1,Discharge Summary - 3,"On the third day of admission she developed worsening respiratory failure with fatigue, and hence was required to be intubated and ventilated.",,,
ventilator,ventilator,A ventilator is a machine that helps someone breathe.,1,0.93,1,Death Summary - 1,"The patient was not in a condition to undergo any kind of chemotherapy, being on the ventilator.",,,
ventilatory support,ventilatory support,Using a machine to help someone breathe when their own breathing is not enough.,1,0.93,1,Death Summary - 1,"The patient underwent respiratory failure, requiring intubation, mechanical ventilatory support.",,,
ventricular rate,ventricular rate,The ventricular rate is how fast the heart's lower chambers contract and relax.,1,0.93,1,Pneumonia & COPD - Discharge Summary,"Atrial fibrillation with episodic rapid ventricular rate, now rate control.,8.",,,
ventriculogram,ventriculogram,A ventriculogram is a special X-ray image of the heart or brain.,1,0.93,1,Discharge Summary - 6,"On MM/DD/YYYY, left heart catheterization, coronary angiogram, left ventriculogram, coronary angioplasty with four Multi-Link Vision bare metal stents, two placed to the LAD in two placed to the RCA.,DISCHARGE INSTRUCTIONS: Mr.",,,
verapamil,verapamil,A drug that helps lower blood pressure and treat heart conditions by relaxing the heart and blood vessels.,1,0.93,1,Falls - Discharge Summary,"p.r.n., Lasix 80 mg daily, Isordil 10 mg t.i.d., KCl 20 mEq b.i.d., lactulose 10 g daily, Cozaar 50 mg daily, Synthroid 75 mcg daily, Singulair 10 mg daily, Lumigan one drop both eyes at bed time, NitroQuick p.r.n., Pravachol 20 mg daily, Feldene 20 mg daily, Paxil 20 mg daily, Minipress 2 mg daily, Provera p.r.n., Advair 250/50 one puff b.i.d., Senokot one tablet b.i.d., Timoptic one drop OU daily, and verapamil 80 mg b.i.d.,ALLERGIES: , None.,ACTIVITY: , Per PT.,FOLLOW-UP: , The patient discharged to a skilled nursing facility for further rehabilitation.",,,
verbally,verbally,Describing something using spoken words.,1,0.93,1,Speech Therapy - Discharge Summary - 1,"The patient continues to have difficulty stating verbally, yes or no, to questions as well as accurately using head gestures and to respond to yes-no questions.",,,
vertebral,vertebral,Having to do with the spine.,1,0.93,1,Discharge Summary - Hemodialysis,"History of T9 vertebral fracture.,3.",,,
vertex,vertex,The top part of your head.,1,0.93,1,Intrauterine Pregnancy - Discharge Summary,"All routine screening labs were normal and she underwent a high-resolution ultrasound during pregnancy.,PAST MEDICAL HISTORY: , Significant for postpartum depression after her last baby as well as a cesarean.,ALLERGIES:, SHE HAS SEASONAL ALLERGIES.,MEDICATIONS:, She is taking vitamins and iron.,PHYSICAL EXAMINATION,GENERAL: An alert gravid woman in no distress.,ABDOMEN: Gravid, nontender, non-irritable, with an infant in the vertex presentation.",,,
virus,virus,A germ that can infect your body and make you ill.,1,0.93,1,Kawasaki Disease - Discharge Summary,"Cardiology for echo followup in 4 to 6 weeks and instructed not to give any vaccine in less than 11 months because of IVIG, all the live virus vaccine, and if he gets any rashes, any fevers, should go to primary care doctor as soon as possible.",,,
visual fields,Visual fields,Visual fields are the whole area you can see without looking around.,1,0.93,1,Discharge Summary - Migraine,Visual fields were intact to confrontation.,,,
vitamin c,Vitamin C,"A vitamin necessary for healthy bones, blood vessels, and skin.",1,0.93,1,Discharge Summary - Peripheral vascular disease,"Vitamin C 500 mg one to two times daily.,4.",,,
volume depletion,Volume depletion,Having less water in your body.,1,0.93,1,Discharge Summary - 12,"Volume depletion.,3.",,,
vomitus,vomitus,Vomitus is the stuff that comes out when you throw up.,1,0.93,1,Goldenhar Syndrome - Discharge Summary,"The vomitus was noted to be bilious in nature and with particulate matter present.,After consultation with Dr.",,,
wbc,WBC,White blood cells are like the body's infection-fighting soldiers found in the blood and tissues.,1,0.93,1,Discharge Summary - 19,"The patient has right hip brace/immobilizer.,HEART: Irregularly irregular heart rhythm, grade 2-3/6 systolic ejection murmur best heard over the aortic area and normal S1 and S2.,CHEST: Auscultation revealed bibasilar crackles.,ABDOMEN: Soft, nontender, no organomegaly and bowel sounds are present.,CNS: Nonfocal.,LABORATORY STUDIES: , WBC 6.5, hemoglobin 12.5, hematocrit 38.9, platelet count 177,000, INR 1.2, sodium 141, potassium 3.6 and serum creatinine of 0.8.",,,
wbc count,WBC count,A WBC count is a test that tells you how many infection-fighting cells you have in your blood.,1,0.93,1,Goldenhar Syndrome - Discharge Summary,"Hip defects are not checked at this time.,GENITALIA: Normal female.,NEUROLOGIC: The infant does have a suck reflex, feeding grasp-reflex, and a feeding Moro reflex.,SKIN: Warm and dry and there is a macular area to the left ___ that is approximately 1 cm in length.,LABORATORY DATA: , WBC count on October 12, 2003 is 12,600 with 16 segs, 6 bands, 54 lymphocytes, 13% of which are noted to be reactive.",,,
wheeze,wheeze,"A high-pitched whistling sound from the lungs when breathing, usually caused by narrowed airways or swelling.",1,0.93,1,Discharge Summary - Respiratory Distress,"Xopenex MDI 2 puffs every 4 hours for 2 days and then as needed for cough or wheeze.,2.",,,
white blood cell counts,White blood cell counts,A test to see how many infection-fighting cells you have in your blood.,1,0.93,1,Hypothermia - Discharge Summary,"White blood cell counts were normal, differential was normal.",,,
white cells,white cells,White cells are a type of cell in our body that fights off infections to keep us healthy.,1,0.93,1,ER Report - Chest Pain & Fever,"Urinalysis showed positive nitrites, positive leukocyte esterase, 5 to 10 white cells per high power field, and 1+ bacteria rods.",,,
zantac,Zantac,Medication for stomach issues like ulcers and acid reflux.,1,0.93,1,ER Report - Chest Pain & Fever,"Zantac 40 mg one daily.,4.",,,
